site,start,residue_type,tail_site,minor_state,major_state,recovered_state,missed_state,recovery_rank,target_A,target_B,canonical_rotamers_enumerated,raw_residual_norm,raw_residual_sum,best_rotamer_index,best_rotamer_physical_chi_degrees,best_rotamer_pearson_correlation,best_rotamer_cosine_similarity,best_rotamer_unconstrained_fitted_occupancy,best_rotamer_fitted_occupancy_nnls,best_rotamer_baseline_sse,best_rotamer_fitted_sse,best_rotamer_sse_reduction,best_rotamer_fraction_sse_reduced,best_rotamer_rmsd_to_missed_A,best_rotamer_rmsd_to_recovered_A,best_rotamer_within_1A_of_missed,deposited_missed_pearson_correlation,deposited_missed_cosine_similarity,deposited_missed_unconstrained_fitted_occupancy,deposited_missed_fitted_occupancy_nnls,deposited_missed_baseline_sse,deposited_missed_fitted_sse,deposited_missed_sse_reduction,deposited_missed_fraction_sse_reduced,active_slots_below_0p10,active_slot_indices_below_0p10,has_active_slot_below_0p10
1ZV8_E_ASN1,2,ASN,True,A,B,B,A,major_only,0.33000000327825535,0.6699999967217446,6,1.5365140570496418,0.08477736618591614,4,-180;0,-0.01172746254602081,-0.009830240790248105,-0.0015680647826885837,0.0,2.36087544751115,2.36087544751115,0.0,0.0,3.2146410942077637,1.2617017030715942,False,0.4992905287679457,0.4422655005068886,0.07052062098633341,0.07052062098633341,2.36087544751115,1.89909110691708,0.46178434059407003,0.19559877293860886,1,0,True
1ZV8_E_ASN1,3,ASN,True,A,B,B,A,major_only,0.33000000327825535,0.6699999967217446,6,1.499855764214751,0.05936195229150831,4,-180;0,0.0075197042935964825,0.007050877061546729,0.0010978827114834961,0.0010978827114834961,2.249567313448215,2.249455476507661,0.00011183694055372229,4.97148673369968e-05,3.2146410942077637,1.2617017030715942,False,0.4967196863217425,0.4398353963001417,0.06845989054548084,0.06845989054548084,2.249567313448215,1.8143768732645422,0.4351904401836726,0.19345517583850272,0,,False
1ZV8_E_ASN1,8,ASN,True,A,B,B,A,major_only,0.33000000327825535,0.6699999967217446,6,1.5293216727827024,0.07863723381093868,4,-180;0,-0.035997376022611265,-0.031350291898345484,-0.00497741370567677,0.0,2.338824778842883,2.338824778842883,0.0,0.0,3.2146410942077637,1.2617017030715942,False,0.5079794022609725,0.449914913207006,0.07140452905603978,0.07140452905603978,2.338824778842883,1.8653918469844897,0.4734329318583932,0.20242342912606767,0,,False
1ZV8_E_ASN1,10,ASN,True,A,B,B,A,major_only,0.33000000327825535,0.6699999967217446,6,1.7550533496177794,0.05037606762558289,0,-60;0,0.2903357357152716,0.2576890233825013,0.04698337793294952,0.04698337793294952,3.0802122600045876,2.8756749762319624,0.20453728377262514,0.0664036327718274,2.2910284996032715,2.910982370376587,False,0.4657172090368497,0.4122993940181468,0.07509301577508193,0.07509301577508193,3.0802122600045876,2.5566045436108453,0.5236077163937423,0.16999079030773107,0,,False
1ZV8_E_ASN1,16,ASN,True,A,B,B,A,major_only,0.33000000327825535,0.6699999967217446,6,1.511838701244225,0.07292750346233978,4,-180;0,0.008835457348224997,0.008301892202682319,0.0013030043205784902,0.0013030043205784902,2.2856562585798246,2.2854987279182337,0.0001575306615908545,6.89214141450714e-05,3.2146410942077637,1.2617017030715942,False,0.49827518009562166,0.44129797827757283,0.06923631154904367,0.06923631154904367,2.2856562585798246,1.8405386318520547,0.4451176267277699,0.19474390563187327,1,1,True
1ZV8_E_ASN1,18,ASN,True,A,B,B,A,major_only,0.33000000327825535,0.6699999967217446,6,1.7158365738830397,0.0008199988259098845,0,-60;0,0.29386009697583154,0.26053378226422713,0.04644061482702804,0.04644061482702804,2.944095148274688,2.7442562944067483,0.19983885386793965,0.0678778517009038,2.2910284996032715,2.910982370376587,False,0.4419796461519895,0.39101714453739916,0.06962548730418783,0.06962548730418783,2.944095148274688,2.4939594654791204,0.4501356827955676,0.1528944073221812,1,3,True
1ZV8_E_ASN1,20,ASN,True,A,B,B,A,major_only,0.33000000327825535,0.6699999967217446,6,1.6787283409946836,-0.08676284760863573,0,-60;0,0.3236085494334556,0.2863905789211618,0.04994558972930107,0.04994558972930107,2.818128842858763,2.586987144731761,0.23114169812700203,0.08201956369479811,2.2910284996032715,2.910982370376587,False,0.43358765426307666,0.38307135040754503,0.06673545444676104,0.06673545444676104,2.818128842858763,2.404586303506543,0.41354253935221985,0.14674365950306037,0,,False
1ZV8_E_ASN1,21,ASN,True,A,B,B,A,major_only,0.33000000327825535,0.6699999967217446,6,1.5573768654187476,0.14001786628845636,3,60;-180,-0.03259340588518475,-0.0279262506644865,-0.004514084345871193,0.0,2.425422700941524,2.425422700941524,0.0,0.0,1.7517917156219482,3.0627830028533936,False,0.49541955209003824,0.4391875024484697,0.07098069043550866,0.07098069043550866,2.425422700941524,1.9575934368961685,0.46782926404535563,0.19288566230692453,0,,False
1ZV8_E_ASN1,22,ASN,True,A,B,B,A,major_only,0.33000000327825535,0.6699999967217446,6,1.7107891255236516,0.01746506746113341,0,-60;0,0.2907317975533867,0.25785680076074396,0.04582822817063138,0.04582822817063138,2.9267994320099806,2.732196158173948,0.19460327383603282,0.06649012969856596,2.2910284996032715,2.910982370376587,False,0.44514744505723236,0.39391688576763095,0.06993548740396364,0.06993548740396364,2.9267994320099806,2.4726464630104346,0.45415296899954605,0.1551705128928689,0,,False
1ZV8_E_ASN1,23,ASN,True,A,B,B,A,major_only,0.33000000327825535,0.6699999967217446,6,1.5342508513596542,0.11801774621860472,3,60;-180,-0.031114536807523397,-0.026748253418314445,-0.004259465654952115,0.0,2.3539256748978237,2.3539256748978237,0.0,0.0,1.7517917156219482,3.0627830028533936,False,0.5123534256273146,0.45403906686277984,0.07229131462510888,0.07229131462510888,2.3539256748978237,1.8686604267718434,0.48526524812598026,0.20615147423762395,0,,False
1ZV8_E_ASN1,24,ASN,True,A,B,B,A,major_only,0.33000000327825535,0.6699999967217446,6,1.573848800911097,0.09465435221284046,4,-180;0,-0.005807879545077334,-0.004540960118382346,-0.0007419489122859759,0.0,2.4770000481292973,2.4770000481292973,0.0,0.0,3.2146410942077637,1.2617017030715942,False,0.5147698131975006,0.45600934582948405,0.07447890417927928,0.07447890417927928,2.4770000481292973,1.9619214534516165,0.5150785946776808,0.20794452348383408,1,3,True
1ZV8_E_ASN1,27,ASN,True,A,B,B,A,major_only,0.33000000327825535,0.6699999967217446,6,1.5714783681049258,0.18937270319390498,3,60;-180,-0.02896766912996489,-0.02441343591630704,-0.003981994278362888,0.0,2.4695442614217207,2.4695442614217207,0.0,0.0,1.7517917156219482,3.0627830028533936,False,0.5009130551657285,0.44435266423442255,0.07246573854697996,0.07246573854697996,2.4695442614217207,1.981934499856317,0.4876097615654036,0.19744929021222962,0,,False
1ZV8_E_ASN1,28,ASN,True,A,B,B,A,major_only,0.33000000327825535,0.6699999967217446,6,1.5155912241521516,0.07388357055803096,4,-180;0,0.000104690758816404,0.0005789270307095516,9.10896884937546e-05,9.10896884937546e-05,2.297016758727018,2.297015988866905,7.698601129924043e-07,3.3515650683325995e-07,3.2146410942077637,1.2617017030715942,False,0.4981650010133854,0.44120561037219735,0.06939363465643708,0.06939363465643708,2.297016758727018,1.849873985170047,0.44714277355697085,0.19466239062390325,0,,False
1ZV8_E_ASN1,31,ASN,True,A,B,B,A,major_only,0.33000000327825535,0.6699999967217446,6,1.6655889293381803,0.032334571217200736,1,-60;-180,0.017578671141284908,0.015773348418593566,0.0027287118713828066,0.0027287118713828066,2.774186481533906,2.773496268042169,0.000690213491736813,0.00024879852033421327,2.1742820739746094,2.673888921737671,False,0.5150653131755261,0.45586407134905244,0.07879519190200365,0.07879519190200365,2.774186481533906,2.1976770974325746,0.5765093841013313,0.20781205154693394,2,1;3,True
1ZV8_E_ASN1,35,ASN,True,A,B,B,A,major_only,0.33000000327825535,0.6699999967217446,6,1.5386877451746828,0.09592033782563503,4,-180;0,-0.023932856347210887,-0.02056242010809637,-0.0032846419113976544,0.0,2.3675599771507496,2.3675599771507496,0.0,0.0,3.2146410942077637,1.2617017030715942,False,0.49951221977997223,0.4425331368194459,0.07066312149019627,0.07066312149019627,2.3675599771507496,1.9039075025094507,0.4636524746412989,0.1958355771832583,1,2,True
1ZV8_E_ASN1,39,ASN,True,A,B,B,A,major_only,0.33000000327825535,0.6699999967217446,6,1.5650064812290123,0.1676758879376674,3,60;-180,-0.02903521228766681,-0.024606912099826427,-0.0039970223530078975,0.0,2.449245286288815,2.449245286288815,0.0,0.0,1.7517917156219482,3.0627830028533936,False,0.49842362888495323,0.44201705185582735,0.0717879730625854,0.0717879730625854,2.449245286288815,1.9707140099332134,0.4785312763556018,0.19537907413131725,0,,False
1ZV8_E_ASN1,41,ASN,True,A,B,B,A,major_only,0.33000000327825535,0.6699999967217446,6,1.5376972835948028,0.11510652213541217,4,-180;0,-0.016939136399699194,-0.014247044914547433,-0.0022743586345040476,0.0,2.364512935974836,2.364512935974836,0.0,0.0,3.2146410942077637,1.2617017030715942,False,0.5042405874473453,0.4468411659755305,0.07130509300214173,0.07130509300214173,2.364512935974836,1.8923976663024678,0.47211526967236805,0.19966702761037147,1,0,True
1ZV8_E_ASN1,44,ASN,True,A,B,B,A,major_only,0.33000000327825535,0.6699999967217446,6,1.8103654223633188,-0.07755592879709594,0,-60;0,0.2860107828521035,0.25314510430581305,0.047609516879580684,0.047609516879580684,3.2774229624887177,3.0673976895747694,0.21002527291394824,0.06408244383400094,2.2910284996032715,2.910982370376587,False,0.4862495119175462,0.4297488963092349,0.08073791747763362,0.08073791747763362,3.2774229624887177,2.672135006854784,0.6052879556339339,0.1846841138790055,0,,False
1ZV8_E_ASN1,45,ASN,True,A,B,A,B,minor_only,0.33000000327825535,0.6699999967217446,6,1.6429515637308425,0.0027014548817614337,0,-60;0,0.28595922975249927,0.2535406364070958,0.043274327928570507,0.043274327928570507,2.699289840765621,2.5257717851919903,0.17351805557363065,0.06428285430971516,2.910982370376587,2.2910284996032715,False,-0.10540373701621258,-0.09324420471536264,-0.015898859586392814,0.0,2.699289840765621,2.699289840765621,0.0,0.0,1,0,True
1ZV8_E_ASN1,47,ASN,True,A,B,B,A,major_only,0.33000000327825535,0.6699999967217446,6,1.5575008593162805,0.08748655930679305,4,-180;0,0.01862806022395509,0.01704897769514201,0.0027567027839434325,0.0027567027839434325,2.4258089267709524,2.4251038226140267,0.0007051041569257066,0.0002906676404494423,3.2146410942077637,1.2617017030715942,False,0.5049933998937788,0.44732067877714593,0.07230091562938853,0.07230091562938853,2.4258089267709524,1.940414774000447,0.48539415277050546,0.20009578966164673,1,3,True
1ZV8_E_ASN1,49,ASN,True,A,B,B,A,major_only,0.33000000327825535,0.6699999967217446,6,1.5708691986677226,0.18763429815482358,3,60;-180,-0.03203547280231002,-0.027137219662640162,-0.004424545779362055,0.0,2.4676300393229726,2.4676300393229726,0.0,0.0,1.7517917156219482,3.0627830028533936,False,0.4995135140853976,0.4431039497155717,0.0722340844482502,0.0722340844482502,2.4676300393229726,1.983132817707314,0.48449722161565867,0.19634111025353987,0,,False
2V05_A_HIS168,2,HIS,False,B,A,B,A,minor_only,0.6100000143051147,0.38999998569488525,12,1.5283743695297802,5.994705777264332,9,-180;-80,0.049452976468145914,0.08337307081668753,0.014366853078600488,0.014366853078600488,2.3359282134355532,2.3196910153911348,0.016237198044418477,0.00695106893740442,2.8451285362243652,4.46923303604126,False,0.08617286160644254,0.1191317037414277,0.017896326673777645,0.017896326673777645,2.3359282134355532,2.3027758726708436,0.03315234076470963,0.014192362836335203,1,1,True
2V05_A_HIS168,16,HIS,False,B,A,A,B,major_only,0.6100000143051147,0.38999998569488525,12,1.7957595825335053,3.4690698538405593,9,-180;-80,0.1321000749577744,0.13578119134360725,0.027491213717846383,0.027491213717846383,3.224752478260909,3.1652992262526807,0.059453252008228485,0.018436531922689237,4.46923303604126,2.8451285362243652,False,-0.05180963192841588,-0.016507126345899986,-0.0029126382531478355,0.0,3.224752478260909,3.224752478260909,0.0,0.0,1,1,True
2V05_A_HIS168,19,HIS,False,B,A,B,A,minor_only,0.6100000143051147,0.38999998569488525,12,2.158059158339774,11.038706174052294,2,-60;80,0.02643791931047426,0.0710332435506851,0.01999930105099796,0.01999930105099796,4.657219330894173,4.633720298304309,0.0234990325898643,0.005045721689330992,4.871551036834717,3.71327543258667,False,0.19383291652253828,0.21994545608309643,0.04665359765647753,0.04665359765647753,4.657219330894173,4.431921671536529,0.22529765935764434,0.04837600365160123,1,2,True
2V05_A_HIS168,23,HIS,False,B,A,A,B,major_only,0.6100000143051147,0.38999998569488525,12,1.8580647031382702,3.8839886340375465,9,-180;-80,0.09948768169879865,0.10873433164040415,0.02277894621975815,0.02277894621975815,3.4524044410483086,3.4115861286427664,0.04081831240554212,0.011823154877285412,4.46923303604126,2.8451285362243652,False,-0.05348755383912437,-0.015799655892163138,-0.002884531876846894,0.0,3.4524044410483086,3.4524044410483086,0.0,0.0,1,3,True
2V05_A_HIS168,25,HIS,False,B,A,B,A,minor_only,0.6100000143051147,0.38999998569488525,12,2.1525459281020547,9.757844904424083,2,-60;80,0.01201701148572092,0.05273271493423294,0.014808885806242887,0.014808885806242887,4.633453972588736,4.620569545383008,0.012884427205728244,0.0027807392243349824,4.871551036834717,3.71327543258667,False,0.2792643780390619,0.28073075544078857,0.059394908922358956,0.059394908922358956,4.633453972588736,4.268292590705011,0.36516138188372516,0.078809757050356,0,,False
2V05_A_HIS168,26,HIS,False,B,A,B,A,minor_only,0.6100000143051147,0.38999998569488525,12,1.2412647613973826,-2.4710446718387695,9,-180;-80,0.29898231018590044,0.24234115718506352,0.03391545987251064,0.03391545987251064,1.5407382078869012,1.4502518293440252,0.090486378542876,0.05872923646579563,2.8451285362243652,4.46923303604126,False,-0.20443847855725758,-0.18907643633125554,-0.02306793049789411,0.0,1.5407382078869012,1.5407382078869012,0.0,0.0,0,,False
2V05_A_HIS168,31,HIS,False,B,A,A,B,major_only,0.6100000143051147,0.38999998569488525,12,1.8899541587675541,-5.095230908330251,9,-180;-80,0.2734623468125652,0.21253900383799662,0.04528934270828095,0.04528934270828095,3.5719267222427735,3.410572690245764,0.1613540319970097,0.04517282815244801,4.46923303604126,2.8451285362243652,False,-0.13910992627090282,-0.1457451963156575,-0.02706527230952663,0.0,3.5719267222427735,3.5719267222427735,0.0,0.0,0,,False
2V05_A_HIS168,36,HIS,False,B,A,B,A,minor_only,0.6100000143051147,0.38999998569488525,12,1.2426980986372738,-2.508350290853193,9,-180;-80,0.29922995024100285,0.24226896429745112,0.03394450838173552,0.03394450838173552,1.5442985643566955,1.453657116706029,0.0906414476506665,0.058694251061759406,2.8451285362243652,4.46923303604126,False,-0.20507640634587737,-0.1899386376671018,-0.023199880736102345,0.0,1.5442985643566955,1.5442985643566955,0.0,0.0,0,,False
2V05_A_HIS168,45,HIS,False,B,A,B,A,minor_only,0.6100000143051147,0.38999998569488525,12,1.5180999437860299,5.289198514105667,9,-180;-80,0.05886454836517317,0.08718502319987087,0.014922732644959476,0.014922732644959476,2.304627439323147,2.287109440078712,0.01751799924443498,0.007601228270361951,2.8451285362243652,4.46923303604126,False,0.06790316250283575,0.09896960900725972,0.014767569331062956,0.014767569331062956,2.304627439323147,2.282053651565082,0.022573787758064956,0.009794983507049937,1,3,True
2V05_A_HIS168,47,HIS,False,B,A,A,B,major_only,0.6100000143051147,0.38999998569488525,12,2.307188842588373,11.591822323699871,2,-60;80,0.030397111563647473,0.07374799747963376,0.022198478117546383,0.022198478117546383,5.323120355364276,5.294169143334477,0.028951212029799223,0.00543876713225621,3.71327543258667,4.871551036834717,False,0.06712240780768798,0.11805016053443039,0.02676187919052696,0.02676187919052696,5.323120355364276,5.248938199650191,0.07418215571408471,0.013935840402204885,1,3,True
2VFP_A_TYR417,1,TYR,True,A,B,B,A,major_only,0.41999999940395355,0.5800000005960465,6,10.96513202078476,30.684788895037567,2,60;-90,-0.007156817529404713,-0.0002314696066229163,-0.00010068591522990936,0.0,120.23412023323925,120.23412023323925,0.0,0.0,5.550609111785889,5.359290599822998,False,0.1108107855538668,0.12074860087129502,0.032430159404738944,0.032430159404738944,120.23412023323925,118.48107975416727,1.7530404790719842,0.014580224612375452,0,,False
2VFP_A_TYR417,2,TYR,True,A,B,B,A,major_only,0.41999999940395355,0.5800000005960465,6,8.97290527384737,21.056532759128373,5,-180;90,-0.009044131292992613,-0.0029913228299624254,-0.0010452429421638134,0.0,80.51302905343795,80.51302905343795,0.0,0.0,5.065920352935791,5.291261196136475,False,0.32467923412592037,0.32759859869685376,0.07199929261165382,0.07199929261165382,80.51302905343795,71.87230299406879,8.640726059369157,0.10732084186814227,2,0;3,True
2VFP_A_TYR417,3,TYR,True,A,B,B,A,major_only,0.41999999940395355,0.5800000005960465,6,8.395882166011033,14.742306315301756,2,60;-90,-0.00470540769617738,-0.0003633019664647289,-0.00012100267376957891,0.0,70.4908373455421,70.4908373455421,0.0,0.0,5.550609111785889,5.359290599822998,False,0.23689585330138105,0.2393518560919164,0.049221658794393525,0.049221658794393525,70.4908373455421,66.45246584117055,4.038371504371554,0.057289311014645565,0,,False
2VFP_A_TYR417,4,TYR,True,A,B,B,A,major_only,0.41999999940395355,0.5800000005960465,6,8.466982252748616,24.371637430066855,5,-180;90,-0.01007994001283258,-0.0026576312983605417,-0.0008762827336653102,0.0,71.68978846836005,71.68978846836005,0.0,0.0,5.065920352935791,5.291261196136475,False,0.3080592239649121,0.31357349696325126,0.06503110146002516,0.06503110146002516,71.68978846836005,64.64065071685508,7.049137751504972,0.09832833799776207,0,,False
2VFP_A_TYR417,5,TYR,True,A,B,B,A,major_only,0.41999999940395355,0.5800000005960465,6,10.293092611958752,26.202141651360254,2,60;-90,-0.006588102356968187,-0.0002897382011443368,-0.00011830756706108519,0.0,105.94775551835986,105.94775551835986,0.0,0.0,5.550609111785889,5.359290599822998,False,0.18111771708715899,0.18827765028258375,0.04746765324723052,0.04746765324723052,105.94775551835986,102.19206930431913,3.755686214040722,0.0354484735959309,2,0;1,True
2VFP_A_TYR417,6,TYR,True,A,B,B,A,major_only,0.41999999940395355,0.5800000005960465,6,9.094981159315822,21.25714718180121,2,60;-90,-0.0064542628839132435,-0.0006696752872551028,-0.00024161670641695051,0.0,82.71868228830976,82.71868228830976,0.0,0.0,5.550609111785889,5.359290599822998,False,0.3074174619309302,0.31070424242828665,0.0692152988150351,0.0692152988150351,82.71868228830976,74.73325841193954,7.98542387637022,0.09653712626293566,2,1;2,True
2VFP_A_TYR417,9,TYR,True,A,B,B,A,major_only,0.41999999940395355,0.5800000005960465,6,10.80060535220624,31.8950212086473,1,-60;90,-0.012254348625243357,0.001624928298545378,0.00043899513215369854,0.00043899513215369854,116.65307597410609,116.65276796426036,0.00030800984572465495,2.640391975544863e-06,0.5389745235443115,0.37680375576019287,True,0.1637859706349725,0.17311146196559032,0.045795945807774144,0.045795945807774144,116.65307597410609,113.15726579013156,3.495810183974527,0.02996757826386425,1,3,True
2VFP_A_TYR417,10,TYR,True,A,B,B,A,major_only,0.41999999940395355,0.5800000005960465,6,10.879806646558302,35.982236438539886,2,60;-90,-0.009534802988443065,-0.0013343916489428707,-0.0005759242642743431,0.0,118.37019266649422,118.37019266649422,0.0,0.0,5.550609111785889,5.359290599822998,False,0.14752894381163095,0.1587714189348851,0.0423103496664409,0.0423103496664409,118.37019266649422,115.38627382567267,2.983918840821545,0.025208363470596688,0,,False
2VFP_A_TYR417,12,TYR,True,A,B,B,A,major_only,0.41999999940395355,0.5800000005960465,6,9.239372373370092,26.240207958280116,2,60;-90,-0.007428278990146565,-0.0003980905790405885,-0.00014591006614600205,0.0,85.36600185379447,85.36600185379447,0.0,0.0,5.550609111785889,5.359290599822998,False,0.3395642268597354,0.34415999268894043,0.07788538405691138,0.07788538405691138,85.36600185379447,75.2547318131616,10.111270040632874,0.11844610056765162,0,,False
2VFP_A_TYR417,14,TYR,True,A,B,B,A,major_only,0.41999999940395355,0.5800000005960465,6,12.193274406884923,3.910560704342428,4,-180;-90,-0.0011023137113321865,-0.00022968757302167634,-0.0001169152691835576,0.0,148.67594076159486,148.67594076159486,0.0,0.0,5.062039375305176,5.288722991943359,False,0.05129732843943115,0.05159540892049464,0.01540935702459456,0.01540935702459456,148.67594076159486,148.28015258819914,0.39578817339571515,0.0026620862216730156,0,,False
2VFP_A_TYR417,15,TYR,True,A,B,B,A,major_only,0.41999999940395355,0.5800000005960465,6,12.007761738268865,3.7966962357145313,2,60;-90,-0.0008603877822000997,-7.898978814819277e-05,-3.762650625737514e-05,0.0,144.1863419630337,144.1863419630337,0.0,0.0,5.550609111785889,5.359290599822998,False,-0.07916316510002759,-0.07596883700420454,-0.022343471537898046,0.0,144.1863419630337,144.1863419630337,0.0,0.0,0,,False
2VFP_A_TYR417,16,TYR,True,A,B,B,A,major_only,0.41999999940395355,0.5800000005960465,6,9.116848314625438,13.508552172525489,5,-180;90,-0.004548115212435816,-0.0007394568898474094,-0.0002625297132043642,0.0,83.11692319188867,83.11692319188867,0.0,0.0,5.065920352935791,5.291261196136475,False,0.26395632577881656,0.26460658834571626,0.059087891604929096,0.059087891604929096,83.11692319188867,77.2973549546187,5.819568237269976,0.07001664659595946,1,0,True
2VFP_A_TYR417,17,TYR,True,A,B,B,A,major_only,0.41999999940395355,0.5800000005960465,6,7.999574417855495,8.823510096032246,2,60;-90,-0.0028458601997637606,-0.00012030363765059002,-3.817741561400031e-05,0.0,63.993190866808085,63.993190866808085,0.0,0.0,5.550609111785889,5.359290599822998,False,0.24529233615809076,0.24471635927959381,0.047949380106112896,0.047949380106112896,63.993190866808085,60.16088846327569,3.8323024035323954,0.0598860964990594,0,,False
2VFP_A_TYR417,18,TYR,True,A,B,B,A,major_only,0.41999999940395355,0.5800000005960465,6,8.928192946155347,25.415422126288743,2,60;-90,-0.007299049187921619,-0.0002536790615455737,-8.984813632296467e-05,0.0,79.71262928377809,79.71262928377809,0.0,0.0,5.550609111785889,5.359290599822998,False,0.3508527387249478,0.3552027100075939,0.07767709028365205,0.07767709028365205,79.71262928377809,69.65536933393253,10.057259949845559,0.12616896519673904,1,0,True
2VFP_A_TYR417,19,TYR,True,A,B,B,A,major_only,0.41999999940395355,0.5800000005960465,6,10.886436975753595,36.08353559607674,2,60;-90,-0.009184416733018825,-0.00096919489844611,-0.00041856004186044204,0.0,118.5145100270551,118.5145100270551,0.0,0.0,5.550609111785889,5.359290599822998,False,0.14526615635541182,0.15659600347618677,0.04175606336734138,0.04175606336734138,118.5145100270551,115.60826067358954,2.9062493534655545,0.02452230830471392,1,3,True
2VFP_A_TYR417,20,TYR,True,A,B,B,A,major_only,0.41999999940395355,0.5800000005960465,6,9.259603572736701,24.233948913779898,3,60;90,-0.01031509883192967,-0.0035707131003371514,-0.0014056684981882514,0.0,85.74025832423828,85.74025832423828,0.0,0.0,5.5365447998046875,5.344397068023682,False,0.3298679464778692,0.33378401646003913,0.07570264282831693,0.07570264282831693,85.74025832423828,76.18778441458444,9.552473909653841,0.11141176964419539,1,2,True
2VFP_A_TYR417,21,TYR,True,A,B,B,A,major_only,0.41999999940395355,0.5800000005960465,6,9.999952000039983,-0.11734256674862742,4,-180;-90,0.00013484764229468505,0.00010217186177339189,4.2652315202740195e-05,4.2652315202740195e-05,99.99904000310366,99.99903895920474,1.0438989193062298e-06,1.0439089407996622e-08,5.062039375305176,5.288722991943359,False,0.07630500494874315,0.07454795186908605,0.01825941009432966,0.01825941009432966,99.99904000310366,99.44330562540009,0.5557343777035726,0.0055573971278756705,0,,False
2VFP_A_TYR417,22,TYR,True,A,B,B,A,major_only,0.41999999940395355,0.5800000005960465,6,11.618103560984784,10.885921455633671,5,-180;90,-0.004589310218268848,-0.0021692436377830173,-0.000981441574295154,0.0,134.9803303537673,134.9803303537673,0.0,0.0,5.065920352935791,5.291261196136475,False,-0.0278619832451333,-0.023012801636427514,-0.006548741511429436,0.0,134.9803303537673,134.9803303537673,0.0,0.0,0,,False
2VFP_A_TYR417,23,TYR,True,A,B,B,A,major_only,0.41999999940395355,0.5800000005960465,6,12.141734755438673,1.840372181584545,4,-180;-90,-0.0004866111522249574,-7.447810632171524e-05,-3.775050401803223e-05,0.0,147.4217228714274,147.4217228714274,0.0,0.0,5.062039375305176,5.288722991943359,False,-0.18418627936279652,-0.17938884794646365,-0.05334936974387797,0.0,147.4217228714274,147.4217228714274,0.0,0.0,0,,False
2VFP_A_TYR417,24,TYR,True,A,B,B,A,major_only,0.41999999940395355,0.5800000005960465,6,9.386579516630135,28.3446008379683,2,60;-90,-0.009068189131541749,-0.0015812662461481527,-0.0005888073840013591,0.0,88.10787502202042,88.10787502202042,0.0,0.0,5.550609111785889,5.359290599822998,False,0.299364915995716,0.3056698531655544,0.07027697881735409,0.07027697881735409,88.10787502202042,79.87559861701972,8.232276405000704,0.09343405913425158,1,1,True
2VFP_A_TYR417,25,TYR,True,A,B,B,A,major_only,0.41999999940395355,0.5800000005960465,6,8.235618832787647,14.714537896993784,2,60;-90,-0.004671279956118942,-0.0002537478870072579,-8.290095931523456e-05,0.0,67.82541755896656,67.82541755896656,0.0,0.0,5.550609111785889,5.359290599822998,False,0.31523992011388996,0.3160229389096375,0.0637482044460777,0.0637482044460777,67.82541755896656,61.051659335918394,6.773758223048169,0.09987049791708469,0,,False
2VFP_A_TYR417,26,TYR,True,A,B,B,A,major_only,0.41999999940395355,0.5800000005960465,6,10.337283980633076,24.502809676934966,2,60;-90,-0.006337498846945052,-0.00047240606363441255,-0.00019372371738146825,0.0,106.85944009625322,106.85944009625322,0.0,0.0,5.550609111785889,5.359290599822998,False,0.16142278768292093,0.16829290760280446,0.042611357705649375,0.042611357705649375,106.85944009625322,103.83291331032709,3.026526785926137,0.028322502749406182,1,0,True
2VFP_A_TYR417,27,TYR,True,A,B,B,A,major_only,0.41999999940395355,0.5800000005960465,6,8.657213386942978,32.27553052155915,2,60;-90,-0.01013031821579135,-0.0008849710234486934,-0.00030392614168458316,0.0,74.9473436270647,74.9473436270647,0.0,0.0,5.550609111785889,5.359290599822998,False,0.3482573721779487,0.3561869994185352,0.07552822831772546,0.07552822831772546,74.9473436270647,65.4388357062362,9.508507920828492,0.12686917855477958,0,,False
2VFP_A_TYR417,28,TYR,True,A,B,B,A,major_only,0.41999999940395355,0.5800000005960465,6,10.761159847416247,35.286988850430745,1,-60;90,0.0039745750459772855,0.018941203903648764,0.005098519289942131,0.005098519289942131,115.80256126164367,115.76101486876586,0.04154639287781947,0.00035876920531964556,0.5389745235443115,0.37680375576019287,True,0.1814574924550058,0.1917395197155873,0.050538672353262634,0.050538672353262634,115.80256126164367,111.5451908711849,4.2573703904587745,0.036764043420764204,1,1,True
2VFP_A_TYR417,29,TYR,True,A,B,B,A,major_only,0.41999999940395355,0.5800000005960465,6,10.856024273303245,35.987655206999456,5,-180;90,-0.01226113318805234,-0.003699673282737323,-0.0015640659239778928,0.0,117.85326302254923,117.85326302254923,0.0,0.0,5.065920352935791,5.291261196136475,False,0.16974837924675176,0.18047287382267302,0.047988353670000844,0.047988353670000844,117.85326302254923,114.01472824721148,3.838534775337749,0.03257045818581459,0,,False
2VFP_A_TYR417,30,TYR,True,A,B,B,A,major_only,0.41999999940395355,0.5800000005960465,6,10.698944406221168,7.306008737909179,2,60;-90,-0.001815423744249754,-0.00012796070441410229,-5.430982915488585e-05,0.0,114.4674114074112,114.4674114074112,0.0,0.0,5.550609111785889,5.359290599822998,False,0.03968641338787021,0.04187248417017942,0.010972934052149776,0.010972934052149776,114.4674114074112,114.26671513059964,0.20069627681156987,0.0017533049305819785,0,,False
2VFP_A_TYR417,31,TYR,True,A,B,B,A,major_only,0.41999999940395355,0.5800000005960465,6,10.937593838602957,29.452576219634636,5,-180;90,-0.009910423809964734,-0.0029648565002165696,-0.0012628342308207495,0.0,119.63095897824539,119.63095897824539,0.0,0.0,5.065920352935791,5.291261196136475,False,0.10380146833095734,0.11344589475852246,0.03039230843700392,0.03039230843700392,119.63095897824539,118.09131200099961,1.5396469772457806,0.012869971037561956,1,3,True
2VFP_A_TYR417,32,TYR,True,A,B,B,A,major_only,0.41999999940395355,0.5800000005960465,6,8.45657794081884,24.158744604527655,2,60;-90,-0.007211302178022364,-0.00014167085540385172,-4.752652440641341e-05,0.0,71.51371046914382,71.51371046914382,0.0,0.0,5.550609111785889,5.359290599822998,False,0.2884863066223596,0.2943847734910492,0.060976586723190916,0.060976586723190916,71.51371046914382,65.3161610543217,6.19754941482212,0.08666239486337646,0,,False
2VFP_A_TYR417,33,TYR,True,A,B,B,A,major_only,0.41999999940395355,0.5800000005960465,6,9.516664745024448,15.43609350462124,0,-60;-90,0.03465333225609052,0.04142576598067584,0.010130777588048638,0.010130777588048638,90.56690786919125,90.4114865341113,0.15542133507995004,0.0017160940870856512,0.5577461123466492,0.37841054797172546,True,0.42920480551928086,0.4266729780530256,0.099456465339113,0.099456465339113,90.56690786919125,74.07921766980819,16.487690199383067,0.1820498302006377,1,0,True
2VFP_A_TYR417,34,TYR,True,A,B,B,A,major_only,0.41999999940395355,0.5800000005960465,6,8.88350859446317,18.57890462633481,2,60;-90,-0.0057800081273088255,-0.0006052843458817606,-0.00021330687468336737,0.0,78.916724947901,78.916724947901,0.0,0.0,5.550609111785889,5.359290599822998,False,0.3506016045464345,0.3518491140383559,0.07655862058439326,0.07655862058439326,78.916724947901,69.1470080911501,9.769716856750904,0.12379779904957593,2,0;3,True
2VFP_A_TYR417,35,TYR,True,A,B,B,A,major_only,0.41999999940395355,0.5800000005960465,6,10.921914385672872,34.24677654670374,2,60;-90,-0.00825659998194536,-0.0004909878282631329,-0.0002127308020178034,0.0,119.28821384796804,119.28821384796804,0.0,0.0,5.550609111785889,5.359290599822998,False,0.13278408689498386,0.14365188217238056,0.0384293642357063,0.0384293642357063,119.28821384796804,116.8265985794657,2.4616152685023422,0.02063586325166754,1,3,True
2VFP_A_TYR417,36,TYR,True,A,B,B,A,major_only,0.41999999940395355,0.5800000005960465,6,10.309398497905587,24.932199726583388,2,60;-90,-0.006301483856548154,-0.0003184288090788797,-0.0001302286574247096,0.0,106.28369738861795,106.28369738861795,0.0,0.0,5.550609111785889,5.359290599822998,False,0.17390483809266938,0.1806879529781493,0.04562634037856397,0.04562634037856397,106.28369738861795,102.81373274433983,3.4699646442781216,0.032648136351433744,1,0,True
2VFP_A_TYR417,37,TYR,True,A,B,B,A,major_only,0.41999999940395355,0.5800000005960465,6,9.326679468577804,26.56948511749008,5,-180;90,-0.011073056744663584,-0.003717840775194833,-0.0013503262582579424,0.0,86.98694990959076,86.98694990959076,0.0,0.0,5.065920352935791,5.291261196136475,False,0.31459673194855886,0.3198311711730237,0.07306358050116607,0.07306358050116607,86.98694990959076,78.08888273846252,8.898067171128247,0.10229197805390793,1,2,True
2VFP_A_TYR417,38,TYR,True,A,B,B,A,major_only,0.41999999940395355,0.5800000005960465,6,8.583350420276398,0.24129896880224067,3,60;90,-7.047142891440902e-05,1.5156751644122112e-06,5.530934801447728e-07,5.530934801447728e-07,73.67390443725901,73.67390443708977,1.6923706880334066e-10,2.2971100839030953e-12,5.5365447998046875,5.344397068023682,False,0.17831737016284144,0.17446148395713135,0.0366783268768244,0.0366783268768244,73.67390443725901,71.4315058512885,2.2423985859705056,0.03043680938452422,0,,False
2VFP_A_TYR417,40,TYR,True,A,B,B,A,major_only,0.41999999940395355,0.5800000005960465,6,10.846856256785829,35.9904243441553,5,-180;90,-0.012486757394656626,-0.003915287644338411,-0.0016538207400339574,0.0,117.65429065537387,117.65429065537387,0.0,0.0,5.065920352935791,5.291261196136475,False,0.15898674917705324,0.16999124070933277,0.045163078728346205,0.045163078728346205,117.65429065537387,114.25443203957076,3.3998586158031117,0.028897021917898263,1,1,True
2VFP_A_TYR417,41,TYR,True,A,B,B,A,major_only,0.41999999940395355,0.5800000005960465,6,8.882787139259662,18.318152041655118,2,60;-90,-0.005711120708568683,-0.0006086782246937488,-0.00021448548337265035,0.0,78.90390736139685,78.90390736139685,0.0,0.0,5.550609111785889,5.359290599822998,False,0.3506577905924593,0.3517820602308966,0.07653781402973303,0.07653781402973303,78.90390736139685,69.13950007067642,9.764407290720428,0.12375061790029414,2,0;1,True
2VFP_A_TYR417,42,TYR,True,A,B,B,A,major_only,0.41999999940395355,0.5800000005960465,6,9.536122657755676,10.496393477690571,2,60;-90,-0.0028285422978988526,-0.00010874838962301001,-4.1139172012930525e-05,0.0,90.93763534376117,90.93763534376117,0.0,0.0,5.550609111785889,5.359290599822998,False,0.22975809289177632,0.22952320438814633,0.05361070744307976,0.05361070744307976,90.93763534376117,86.1469587469775,4.790676596783669,0.05268090135260303,1,0,True
2VFP_A_TYR417,43,TYR,True,A,B,B,A,major_only,0.41999999940395355,0.5800000005960465,6,10.858172910510385,35.08219077345879,5,-180;90,-0.011387115253324791,-0.0030495528113612985,-0.0012894775554611825,0.0,117.89991895454155,117.89991895454155,0.0,0.0,5.065920352935791,5.291261196136475,False,0.15667840174935585,0.16736786049141025,0.04451249407897933,0.04451249407897933,117.89991895454155,114.59730633925382,3.302612615287728,0.028012000725472174,0,,False
2VFP_A_TYR417,44,TYR,True,A,B,B,A,major_only,0.41999999940395355,0.5800000005960465,6,8.405702251065781,28.015011677357126,5,-180;90,-0.009494994442321176,-0.0009143137597374315,-0.0002992885712961728,0.0,70.65583033357234,70.65583033357234,0.0,0.0,5.065920352935791,5.291261196136475,False,0.3131883636639811,0.32042684229259155,0.06597144601410677,0.06597144601410677,70.65583033357234,63.40135874049507,7.25447159307727,0.10267336126160115,0,,False
2VFP_A_TYR417,45,TYR,True,A,B,B,A,major_only,0.41999999940395355,0.5800000005960465,6,10.319757236161704,25.206388914779716,2,60;-90,-0.0061631133580661536,-0.00012175802702792278,-4.9845730692253e-05,0.0,106.49738941331186,106.49738941331186,0.0,0.0,5.550609111785889,5.359290599822998,False,0.16953760118934905,0.17652828693079634,0.044620753404079276,0.044620753404079276,106.49738941331186,103.17869262179472,3.318696791517141,0.031162236086721515,0,,False
2VFP_A_TYR417,46,TYR,True,A,B,B,A,major_only,0.41999999940395355,0.5800000005960465,6,9.387263165924354,28.353851453209973,2,60;-90,-0.009060877815040851,-0.0015721304920115766,-0.0005854481902873414,0.0,88.12070974632012,88.12070974632012,0.0,0.0,5.550609111785889,5.359290599822998,False,0.2993642284488076,0.3056723197347681,0.07028266440835253,0.07028266440835253,88.12070974632012,79.88710126214498,8.233608484175136,0.0934355670520342,1,1,True
2VFP_A_TYR417,47,TYR,True,A,B,B,A,major_only,0.41999999940395355,0.5800000005960465,6,9.278633033749433,36.97243188760638,5,-180;90,-0.013874485693573003,-0.0035762130675386066,-0.0012921956058202335,0.0,86.09303097498619,86.09303097498619,0.0,0.0,5.065920352935791,5.291261196136475,False,0.3528382859389931,0.36164962260078026,0.08219116310495245,0.08219116310495245,86.09303097498619,74.83288475260113,11.26014622238506,0.1307904495272867,0,,False
2VFP_A_TYR417,48,TYR,True,A,B,B,A,major_only,0.41999999940395355,0.5800000005960465,6,10.774128492577756,33.655806144910144,1,-60;90,-0.0037080542956811286,0.010741031745167984,0.002894713294778207,0.002894713294778207,116.08184477457581,116.06845243966127,0.013392334914541948,0.00011536976295086526,0.5389745235443115,0.37680375576019287,True,0.17812691101344968,0.187831389589626,0.04956823251546035,0.04956823251546035,116.08184477457581,111.98640405313193,4.095440721443879,0.03528063091517012,1,0,True
2VFP_A_TYR417,49,TYR,True,A,B,B,A,major_only,0.41999999940395355,0.5800000005960465,6,10.828525599097285,37.027463147216785,1,-60;90,-0.011575087039844612,0.004437892918299609,0.0012020528195237953,0.0012020528195237953,117.25696665030522,117.25465728682855,0.002309363476669546,1.969489355422904e-05,0.5389745235443115,0.37680375576019287,True,0.16471284968592717,0.17600671298207513,0.046682238281565876,0.046682238281565876,117.25696665030522,113.6245377714031,3.632428878902118,0.030978363014754512,1,2,True
3A1C_B_ARG447,21,ARG,False,A,B,A,B,minor_only,0.4399999976158142,0.5600000023841858,81,1.7431127739408503,-1.0786609928099824,21,-60;-180;60;-90,0.4289654322673888,0.32524137572651546,0.051109443023025745,0.051109443023025745,3.038442142675766,2.7170298003124076,0.3214123423633586,0.1057819524844764,2.466658353805542,4.575314521789551,False,0.3783474183187007,0.30882698163435024,0.05600933992374092,0.05600933992374092,3.038442142675766,2.7486534439835717,0.2897886986921945,0.09537410458538324,1,3,True
3A1C_B_ARG447,40,ARG,False,A,B,B,A,major_only,0.4399999976158142,0.5600000023841858,81,1.6592123015896665,0.637691079942821,13,-60;60;60;90,0.24380605676474407,0.20608326085696552,0.03309625752609203,0.03309625752609203,2.752985461746478,2.6360653146444415,0.11692014710203669,0.04247031040544007,1.9187182188034058,5.263510227203369,False,0.37043641098217633,0.3143561593355675,0.05578877249749259,0.05578877249749259,2.752985461746478,2.480936003020399,0.27204945872607933,0.09881979491220877,1,0,True
3A1C_B_ARG447,45,ARG,False,A,B,A,B,minor_only,0.4399999976158142,0.5600000023841858,81,1.8279836853443685,-7.075201048022118,21,-60;-180;60;-90,0.3649589989112233,0.23069387724727616,0.038017036243541115,0.038017036243541115,3.3415243538851795,3.1636895471841373,0.17783480670104224,0.05321966499938098,2.466658353805542,4.575314521789551,False,0.31559749628119005,0.21721818250218056,0.04131314174653357,0.04131314174653357,3.3415243538851795,3.1838587415457096,0.15766561233946996,0.047183738809550395,1,0,True
3GMI_A_GLU5,0,GLU,False,B,A,A,B,major_only,0.7699999924004077,0.23000000759959233,18,3.9890679567118403,2.8245082957737573,15,-180;60;-180,0.24632710165399896,0.23837060763886012,0.05240383036903368,0.05240383036903368,15.912663163265178,15.008496944687643,0.9041662185775348,0.056820546586119375,3.326728105545044,1.9284820556640625,False,0.5171988300290252,0.49622157805227535,0.1095002453696271,0.1095002453696271,15.912663163265178,11.994394951495016,3.9182682117701617,0.24623585452469027,1,0,True
3GMI_A_GLU5,1,GLU,False,B,A,A,B,major_only,0.7699999924004077,0.23000000759959233,18,5.995796295362088,1.6171873389003082,13,-180;-60;-180,0.24937567621255186,0.23849237214119323,0.0788628378069161,0.0788628378069161,35.949573215477734,33.90481140446407,2.0447618110136645,0.05687861156953353,1.4288264513015747,3.7686338424682617,False,0.6152114321079146,0.5864999460409897,0.19452832974843634,0.19452832974843634,35.949573215477734,23.583560409667246,12.366012805810488,0.3439821867060837,0,,False
3GMI_A_GLU5,5,GLU,False,B,A,A,B,major_only,0.7699999924004077,0.23000000759959233,18,6.741501853769659,4.927376737014832,13,-180;-60;-180,0.22350247828072506,0.2170297968395317,0.08069136461719573,0.08069136461719573,45.44784724437975,43.30716580137846,2.1406814430012915,0.04710193271620838,1.4288264513015747,3.7686338424682617,False,0.5452247279297084,0.5230033344785784,0.19504244297144321,0.19504244297144321,45.44784724437975,33.016384519029245,12.431462725350507,0.2735324878757118,0,,False
3GMI_A_GLU5,18,GLU,False,B,A,A,B,major_only,0.7699999924004077,0.23000000759959233,18,3.565556026397692,2.2735519194942633,13,-180;-60;-180,0.18699619511382914,0.18176240139477165,0.035742288405749695,0.035742288405749695,12.713189777380899,12.293176873057911,0.4200129043229879,0.033037570560794115,1.4288264513015747,3.7686338424682617,False,0.5718920552748037,0.5477397628892297,0.10803626125213646,0.10803626125213646,12.713189777380899,8.898993227873325,3.8141965495075745,0.3000188478499496,0,,False
3GMI_A_GLU5,24,GLU,False,B,A,A,B,major_only,0.7699999924004077,0.23000000759959233,18,6.026240133202301,1.6429091562497433,13,-180;-60;-180,0.24811472430491624,0.23731520321500502,0.07887203255811735,0.07887203255811735,36.31557014301809,34.27033149975579,2.0452386432623015,0.05631850567697922,1.4288264513015747,3.7686338424682617,False,0.6120829662581699,0.5835457855817401,0.1945312521496238,0.1945312521496238,36.31557014301809,23.949185784930272,12.36638435808782,0.34052568387021015,0,,False
3GMI_A_GLU5,29,GLU,False,B,A,A,B,major_only,0.7699999924004077,0.23000000759959233,18,6.079649674823245,5.588949498243437,13,-180;-60;-180,0.24370489835869708,0.23745680603005306,0.07961854096246082,0.07961854096246082,36.96214016857839,34.878002737980054,2.0841374305983322,0.056385734729994426,1.4288264513015747,3.7686338424682617,False,0.6000145398952362,0.5762855525183721,0.1938136224275023,0.1938136224275023,36.96214016857839,24.686827201800902,12.275312966777484,0.3321050380414054,1,2,True
3GMI_A_GLU5,35,GLU,False,B,A,A,B,major_only,0.7699999924004077,0.23000000759959233,18,4.865173042923315,5.301212066228402,15,-180;60;-180,0.18129111432856196,0.17927831029381944,0.04806898321241687,0.04806898321241687,23.66990873758771,22.9091410049621,0.760767732625613,0.032140712541807025,3.326728105545044,1.9284820556640625,False,0.4135466867240875,0.40020100191710417,0.10770713534296125,0.10770713534296125,23.66990873758771,19.878916225640303,3.790992511947408,0.16016084193545405,0,,False
3GMI_A_GLU5,39,GLU,False,B,A,A,B,major_only,0.7699999924004077,0.23000000759959233,18,5.752361841997703,3.452115010296396,13,-180;-60;-180,0.21138115299130747,0.20465194123102282,0.06492517116330526,0.06492517116330526,33.08966676127121,31.7037915379425,1.3858752233287106,0.04188241704962607,1.4288264513015747,3.7686338424682617,False,0.5921860388606448,0.5667817351450795,0.1803557758712169,0.1803557758712169,33.08966676127121,22.459891408511396,10.629775352759815,0.3212415352940668,2,1;3,True
3GMI_A_GLU5,43,GLU,False,B,A,A,B,major_only,0.7699999924004077,0.23000000759959233,18,3.796988679479542,2.1969976657730914,15,-180;60;-180,0.2539992682149572,0.24477284691345194,0.051220219481331486,0.051220219481331486,14.417123032095796,13.553339176249949,0.8637838558458473,0.059913746586116236,3.326728105545044,1.9284820556640625,False,0.5138496778484913,0.4921946221882106,0.10338182118072696,0.10338182118072696,14.417123032095796,10.92449501860602,3.4926280134897763,0.24225554611099534,1,0,True
3NY7_B_LYS19,3,LYS,False,A,B,B,A,major_only,0.44999998807907104,0.550000011920929,81,2.444061367330352,-8.227293400931915,13,-60;60;60;60,0.047294773441033,0.0100386872794768,0.0021968316361599726,0.0021968316361599726,5.973435967276709,5.972833992819773,0.0006019744569361052,0.00010077524229502128,3.634579658508301,1.6421496868133545,False,0.07490406812732701,0.034589047629136276,0.00765697376859458,0.00765697376859458,5.973435967276709,5.9662893352489785,0.007146632027730249,0.001196402215890564,0,,False
3NY7_B_LYS19,46,LYS,False,A,B,A,B,minor_only,0.44999998807907104,0.550000011920929,81,2.5884254956430963,-5.597392106033093,49,60;-180;60;60,0.2752121900091909,0.22390245200525183,0.05167827914558392,0.05167827914558392,6.699946546495209,6.364062762549216,0.3358837839459925,0.050132308013964046,1.4685395956039429,3.46728777885437,False,0.21211036494375093,0.16713748946423476,0.038684240622098444,0.038684240622098444,6.699946546495209,6.512783939140151,0.18716260735505763,0.02793494038440706,1,1,True
4C16_A_MET258,2,MET,True,A,B,A,B,minor_only,0.3700000047683716,0.6299999952316284,27,4.700919510645746,1.8330341579445752,0,-60;-60;-90,0.38105250371258687,0.36079611464854094,0.09984337449162765,0.09984337449162765,22.098644245569837,19.221978946089976,2.8766652994798605,0.13017383634548313,0.39867904782295227,2.1092395782470703,True,0.3834804924883563,0.3630848010186848,0.10045290505106798,0.10045290505106798,22.098644245569837,19.185367318102656,2.91327692746718,0.13183057273077786,1,3,True
4C16_A_MET258,6,MET,True,A,B,A,B,minor_only,0.3700000047683716,0.6299999952316284,27,4.527865555506486,1.4106399298711652,0,-60;-60;-90,0.3331982139893524,0.31527340270055104,0.08403407821416883,0.08403407821416883,20.50156648874206,18.46376575572885,2.03780073301321,0.09939731845038373,0.39867904782295227,2.1092395782470703,True,0.36303317634157184,0.3433059407445596,0.09148427652450122,0.09148427652450122,20.50156648874206,18.08527300050865,2.4162934882334106,0.11785896895050725,0,,False
4C16_A_MET258,11,MET,True,A,B,A,B,minor_only,0.3700000047683716,0.6299999952316284,27,4.362615582802843,0.637260277569444,0,-60;-60;-90,0.22943929666452131,0.21659677153714457,0.05562544634074225,0.05562544634074225,19.032414723314194,18.139524946385624,0.8928897769285697,0.04691416144031393,0.39867904782295227,2.1092395782470703,True,0.28522110936153455,0.2690013433260717,0.06906738468170295,0.06906738468170295,19.032414723314194,17.655196406580586,1.3772183167336074,0.07236172271123076,0,,False
4C16_A_MET258,12,MET,True,A,B,A,B,minor_only,0.3700000047683716,0.6299999952316284,27,4.018219522019221,4.938259858893562,0,-60;-60;-90,0.3144254537148782,0.30428865612418615,0.07197704369788349,0.07197704369788349,16.146088127136377,14.651096215779322,1.4949919113570544,0.09259158624586313,0.39867904782295227,2.1092395782470703,True,0.44439531797562054,0.42634180495709134,0.1008238309267608,0.1008238309267608,16.146088127136377,13.211256723177065,2.9348314039593113,0.18176733465407044,2,0;1,True
4C16_A_MET258,13,MET,True,A,B,A,B,minor_only,0.3700000047683716,0.6299999952316284,27,3.492935419433054,4.530385955975868,0,-60;-60;-90,0.24414466234833768,0.23878451372665885,0.0490988473808695,0.0490988473808695,12.200597844329966,11.5049436196684,0.6956542246615669,0.05701804399567691,0.39867904782295227,2.1092395782470703,True,0.3763350496699084,0.3629162762315506,0.07460511743807985,0.07460511743807985,12.200597844329966,10.593678775959251,1.6069190683707149,0.13170822355377487,1,1,True
4C16_A_MET258,17,MET,True,A,B,A,B,minor_only,0.3700000047683716,0.6299999952316284,27,4.53071786730596,0.7334614020411381,0,-60;-60;-90,0.2777490612678573,0.2620923127919142,0.06990301145414805,0.06990301145414805,20.52740439312546,19.117328121422982,1.4100762717024793,0.0686923804246146,0.39867904782295227,2.1092395782470703,True,0.309617953278656,0.29203487392254046,0.0778705696832647,0.0778705696832647,20.52740439312546,18.77673769125609,1.7506667018693705,0.08528436758695421,1,3,True
4C16_A_MET258,19,MET,True,A,B,A,B,minor_only,0.3700000047683716,0.6299999952316284,27,3.0320092098230362,4.3586196986374155,22,-180;60;90,0.12970890848414438,0.13235445652501174,0.023623478084199685,0.023623478084199685,9.193079848451713,9.032038213714763,0.1610416347369501,0.017517702162031426,2.0276618003845215,1.4710540771484375,False,0.25825789023561113,0.25305222424657353,0.04515567008035672,0.04515567008035672,9.193079848451713,8.604397043914819,0.5886828045368944,0.06403542819613817,0,,False
4C16_A_MET258,20,MET,True,A,B,A,B,minor_only,0.3700000047683716,0.6299999952316284,27,3.723179406770459,3.957869986245864,2,-60;-60;-180,0.11289703794320612,0.11397663423164914,0.025024468106302922,0.025024468106302922,13.862064894999627,13.681987340753851,0.18007755424577532,0.012990673150775216,1.342873215675354,2.9283454418182373,False,0.2506916992655246,0.24324593767549407,0.05330048687159485,0.05330048687159485,13.862064894999627,13.041866113410418,0.8201987815892089,0.059168586195630486,0,,False
4C16_A_MET258,21,MET,True,A,B,A,B,minor_only,0.3700000047683716,0.6299999952316284,27,4.5178630527439205,1.7248152659835227,0,-60;-60;-90,0.30668887461158967,0.29088552081825597,0.0773623671722426,0.0773623671722426,20.41108656334862,18.684015001672726,1.727071561675892,0.08461438622170787,0.39867904782295227,2.1092395782470703,True,0.3201136548180991,0.30350230312640253,0.08069872433053302,0.08069872433053302,20.41108656334862,18.530946920292937,1.8801396430556814,0.09211364800303055,0,,False
4C16_A_MET258,25,MET,True,A,B,A,B,minor_only,0.3700000047683716,0.6299999952316284,27,3.0588055659766367,4.689824073586429,22,-180;60;90,0.1255917626456647,0.12918435803779033,0.023261437904412766,0.023261437904412766,9.356291490449653,9.200148099611145,0.15614339083850837,0.016688598361636154,2.0276618003845215,1.4710540771484375,False,0.2603551640802265,0.25570879483734105,0.04603298667645538,0.04603298667645538,9.356291490449653,8.74451177331115,0.6117797171385035,0.06538698775716553,0,,False
4C16_A_MET258,27,MET,True,A,B,B,A,major_only,0.3700000047683716,0.6299999952316284,27,3.4613007744665794,-0.3026475290842221,24,-180;-180;-90,0.36890551148936146,0.3459484715626712,0.07049028284957468,0.07049028284957468,11.980603051322941,10.546760345113524,1.4338427062094166,0.11968034497654828,0.9834959506988525,2.5445845127105713,True,0.4295478621266782,0.4032712696622507,0.08219431831850071,0.08219431831850071,11.980603051322941,10.032224929581751,1.9483781217411895,0.16262771693500375,0,,False
4C16_A_MET258,28,MET,True,A,B,A,B,minor_only,0.3700000047683716,0.6299999952316284,27,3.6017470316816858,5.768760876187571,0,-60;-60;-90,0.29505280476404794,0.2887701097884362,0.06122658382988702,0.06122658382988702,12.972581680227835,11.890821751917114,1.0817599283107207,0.08338817630722538,0.39867904782295227,2.1092395782470703,True,0.3621916277600291,0.35180576979088707,0.07457405881942547,0.07457405881942547,12.972581680227835,11.367000276071137,1.6055814041566983,0.12376729965815869,1,2,True
4C16_A_MET258,29,MET,True,A,B,A,B,minor_only,0.3700000047683716,0.6299999952316284,27,4.740859285915613,1.55532433992414,0,-60;-60;-90,0.3243620257161066,0.3070940410017326,0.08570438403270736,0.08570438403270736,22.475746768852296,20.356132136836877,2.11961463201542,0.09430675001877395,0.39867904782295227,2.1092395782470703,True,0.3345367375508283,0.3166584481501476,0.08835268670283476,0.08835268670283476,22.475746768852296,20.222045815078477,2.2537009537738193,0.10027257278485979,1,0,True
4C16_A_MET258,31,MET,True,A,B,B,A,major_only,0.3700000047683716,0.6299999952316284,27,2.5637607362622683,-0.21029397813433803,7,-60;-180;90,0.07038095920115954,0.06551748414021656,0.009888053603347175,0.009888053603347175,6.572869112800049,6.544654804433123,0.028214308366925955,0.004292540728063674,1.7565711736679077,1.6608686447143555,False,0.32124767226840467,0.3014748107920358,0.04551281514991505,0.04551281514991505,6.572869112800049,5.975480353236863,0.5973887595631862,0.09088706154209389,1,2,True
4C16_A_MET258,35,MET,True,A,B,A,B,minor_only,0.3700000047683716,0.6299999952316284,27,3.7903023513557335,4.8386351806753165,0,-60;-60;-90,0.28695143247037475,0.278832567960937,0.06221454608698325,0.06221454608698325,14.366391914692803,13.249439408936208,1.1169525057565952,0.07774760095569055,0.39867904782295227,2.1092395782470703,True,0.4002531468534678,0.3852299548911143,0.08593409763109493,0.08593409763109493,14.366391914692803,12.2343889244453,2.1320029902475035,0.14840211814540993,1,0,True
4C16_A_MET258,36,MET,True,A,B,B,A,major_only,0.3700000047683716,0.6299999952316284,27,2.5336341457871363,-0.1507306982806007,23,-180;60;-180,0.07272966762339665,0.06814940271154533,0.01019372262843743,0.01019372262843743,6.419301984698513,6.389488556722242,0.02981342797627118,0.0046443410899403865,1.588424563407898,2.500725030899048,False,0.3078132177102586,0.2890068268385646,0.04311785829554071,0.04311785829554071,6.419301984698513,5.883130133330166,0.5361718513683469,0.08352494595929631,1,3,True
4C16_A_MET258,38,MET,True,A,B,B,A,major_only,0.3700000047683716,0.6299999952316284,27,2.6125326106876914,0.6290893288599322,22,-180;60;90,0.1070331923860733,0.10231332447852354,0.01573506968551018,0.01573506968551018,6.825326641906644,6.753879010916909,0.07144763098973517,0.010468016365847713,1.4710540771484375,2.0276618003845215,False,0.3300417555366859,0.3120954265240269,0.0480124978318234,0.0480124978318234,6.825326641906644,6.160515561193153,0.6648110807134913,0.09740355525721438,0,,False
4C16_A_MET258,40,MET,True,A,B,B,A,major_only,0.3700000047683716,0.6299999952316284,27,2.604991095977156,0.3134012590586916,7,-60;-180;90,0.08156290484256978,0.07750860027957975,0.011885904733307128,0.011885904733307128,6.785978610120264,6.745211279587748,0.0407673305325158,0.006007583117299762,1.7565711736679077,1.6608686447143555,False,0.34067330979010246,0.3212164941829859,0.049273028550033106,0.049273028550033106,6.785978610120264,6.085801091915304,0.7001775182049599,0.10318003613520838,0,,False
4C16_A_MET258,43,MET,True,A,B,B,A,major_only,0.3700000047683716,0.6299999952316284,27,2.529299575510391,0.46280547254842563,2,-60;-60;-180,0.14091773083458722,0.13407878150265076,0.019998406374842678,0.019998406374842678,6.397356342677043,6.282350302265941,0.1150060404111013,0.017977119649235575,2.9283454418182373,1.342873215675354,False,0.3658196413865811,0.34531755460129393,0.05143089757697614,0.05143089757697614,6.397356342677043,5.634508617014092,0.7628477256629509,0.11924421351581754,1,2,True
4C16_A_MET258,44,MET,True,A,B,A,B,minor_only,0.3700000047683716,0.6299999952316284,27,4.606003412852211,1.4905422256407572,0,-60;-60;-90,0.4016482706926562,0.3796585716272669,0.10294186886464447,0.10294186886464447,21.215267439206215,18.15728540347192,3.0579820357342946,0.14414063101005675,0.39867904782295227,2.1092395782470703,True,0.4153259542400989,0.39251522953523904,0.10640263510803748,0.10640263510803748,21.215267439206215,17.946669257403848,3.2685981818023677,0.15406820541710148,1,0,True
4C16_A_MET258,45,MET,True,A,B,B,A,major_only,0.3700000047683716,0.6299999952316284,27,8.089165486142726,-0.8452572737197102,24,-180;-180;-90,0.4120950547435619,0.38639996837622353,0.18400062571833506,0.18400062571833506,65.43459826220267,55.664889785195,9.769708477007669,0.14930493556114635,0.9834959506988525,2.5445845127105713,True,0.6586916676120963,0.6186131286815011,0.29466464370468803,0.29466464370468803,65.43459826220267,40.39394204830043,25.04065621390224,0.3826822029771153,0,,False
4C16_A_MET258,46,MET,True,A,B,A,B,minor_only,0.3700000047683716,0.6299999952316284,27,5.044324785010013,0.9490771090680141,0,-60;-60;-90,0.2559524878931331,0.24181038486486323,0.07180465058222398,0.07180465058222398,25.445212536666315,23.95737339676262,1.487839139903695,0.05847226222849319,0.39867904782295227,2.1092395782470703,True,0.27900635738979995,0.26347183928286394,0.0782183879033415,0.0782183879033415,25.445212536666315,23.67887178305169,1.7663407536146245,0.06941741009509525,1,3,True
4C16_A_MET258,47,MET,True,A,B,A,B,minor_only,0.3700000047683716,0.6299999952316284,27,4.586198632189845,0.6783887350950906,0,-60;-60;-90,0.2712498820865139,0.2558849114955486,0.06908314841753627,0.06908314841753627,21.033217893900005,19.656024036387446,1.3771938575125588,0.06547708793108489,0.39867904782295227,2.1092395782470703,True,0.3256745222577263,0.30701552161780904,0.08286760916522214,0.08286760916522214,21.033217893900005,19.050657683234846,1.9825602106651594,0.09425853051425555,0,,False
4C16_A_MET258,48,MET,True,A,B,A,B,minor_only,0.3700000047683716,0.6299999952316284,27,4.508326951009527,0.8315185581632392,0,-60;-60;-90,0.33901166179543024,0.31980426100613907,0.08487391464899627,0.08487391464899627,20.32501189719886,18.246276074520736,2.078735822678123,0.10227476535768272,0.39867904782295227,2.1092395782470703,True,0.3670545661790192,0.3461541039508808,0.09184520869970053,0.09184520869970053,20.32501189719886,17.889614832307398,2.435397064891461,0.11982266368203708,2,1;3,True
5DBA_A_TRP325,1,TRP,False,B,A,B,A,minor_only,0.550000011920929,0.44999998807907104,9,7.9482091589603705,-3.0777209306699316,6,-180;0,0.15012943196639897,0.12706439088465937,0.0669367101061362,0.0669367101061362,63.17402883458152,62.15406143234983,1.0199674022316927,0.016145359430889447,2.9983744621276855,4.138230800628662,False,0.5355146447953021,0.4266635365450359,0.20447484273284516,0.20447484273284516,63.17402883458152,51.6737165916302,11.500312242951317,0.1820417734171172,0,,False
5DBA_A_TRP325,4,TRP,False,B,A,A,B,major_only,0.550000011920929,0.44999998807907104,9,4.6140488027267414,1.5174428898992813,1,-60;-105,0.21651397185924168,0.19602809081593028,0.06855238772075242,0.06855238772075242,21.28944635394408,20.47135653514743,0.8180898187966505,0.03842701238893849,4.824881553649902,3.889108180999756,False,0.6155363938917782,0.5002073783501637,0.13912941918985616,0.13912941918985616,21.28944635394408,15.962668879628033,5.326777474316046,0.2502074213559437,0,,False
5DBA_A_TRP325,7,TRP,False,B,A,B,A,minor_only,0.550000011920929,0.44999998807907104,9,7.344176937219462,36.2466925837082,6,-180;0,0.11805128653772475,0.15405850312053643,0.07498942480888633,0.07498942480888633,53.93693488518623,52.65679446531088,1.2801404198753517,0.023734022383740273,2.9983744621276855,4.138230800628662,False,0.6541984142558088,0.5869200133766171,0.25990050121786157,0.25990050121786157,53.93693488518623,35.35700373354233,18.579931151643905,0.3444751021020084,0,,False
5DBA_A_TRP325,11,TRP,False,B,A,A,B,major_only,0.550000011920929,0.44999998807907104,9,4.86671417615318,2.2459796606557596,7,-180;-105,0.27515205445377056,0.23931358409132203,0.0733121959552603,0.0733121959552603,23.684906872370323,22.32844877147894,1.356458100891384,0.05727099153063435,2.773879051208496,3.803581476211548,False,0.6492731408572467,0.5290650575467015,0.15521425860434448,0.15521425860434448,23.684906872370323,17.055268494966143,6.629638377404181,0.2799098351168946,0,,False
5DBA_A_TRP325,13,TRP,False,B,A,A,B,major_only,0.550000011920929,0.44999998807907104,9,4.606966371876745,-2.543774653238998,1,-60;-105,0.19439161209466074,0.16772895876299918,0.05856594904728011,0.05856594904728011,21.224139151603183,20.627040368280383,0.5970987833227994,0.028133003607719802,4.824881553649902,3.889108180999756,False,0.584423930291889,0.4639312415339259,0.1288413765774688,0.1288413765774688,21.224139151603183,16.656021055303377,4.568118096299806,0.2152321968712097,0,,False
5DBA_A_TRP325,15,TRP,False,B,A,B,A,minor_only,0.550000011920929,0.44999998807907104,9,7.948209555151705,-3.077695327560006,6,-180;0,0.15012898634659372,0.12706403564059637,0.06693652630239043,0.06693652630239043,63.174035132604864,62.15407333189053,1.0199618007143343,0.01614526915327465,2.9983744621276855,4.138230800628662,False,0.5355151258432153,0.42666396560146874,0.20447505854685225,0.20447505854685225,63.174035132604864,51.67369861351527,11.500336519089593,0.18204213954277135,0,,False
5DBA_A_TRP325,19,TRP,False,B,A,B,A,minor_only,0.550000011920929,0.44999998807907104,9,7.9482042242537085,-3.0772003014212803,6,-180;0,0.1501320475036076,0.12706735807357242,0.06693823164317626,0.06693823164317626,63.1739503904445,62.1539366179679,1.0200137724766023,0.016146113487797438,2.9983744621276855,4.138230800628662,False,0.5355127733558348,0.42666286157545064,0.20447439230988224,0.20447439230988224,63.1739503904445,51.673688813863095,11.500261576581408,0.18204119744775218,0,,False
5DBA_A_TRP325,30,TRP,False,B,A,B,A,minor_only,0.550000011920929,0.44999998807907104,9,6.944866802941258,7.858896358010476,6,-180;0,0.15485974361628932,0.14702101583701513,0.06767286405578979,0.06767286405578979,48.23117491059553,47.1886494268082,1.0425254837873297,0.021615179097747947,2.9983744621276855,4.138230800628662,False,0.6127232933542994,0.5080338903808328,0.21273633458292363,0.21273633458292363,48.23117491059553,35.78278420701939,12.448390703576138,0.25809843377548425,1,2,True
5DBA_A_TRP325,35,TRP,False,B,A,B,A,minor_only,0.550000011920929,0.44999998807907104,9,6.723224329434341,27.77453996363072,6,-180;0,0.12467718147807656,0.15159685767696937,0.06755212555135101,0.06755212555135101,45.201745383897844,44.16293662413017,1.0388087597676758,0.02298160725753146,2.9983744621276855,4.138230800628662,False,0.6782959506906169,0.5969453257472094,0.2419898916292812,0.2419898916292812,45.201745383897844,29.0943871960023,16.107358187895542,0.35634372193144215,1,0,True
5DBA_A_TRP325,36,TRP,False,B,A,B,A,minor_only,0.550000011920929,0.44999998807907104,9,7.127022840950654,35.27419060024707,0,-60;0,0.1055741579402064,0.14538768593149828,0.06474045403713066,0.06474045403713066,50.79445457543233,49.72078276788123,1.0736718075511007,0.021137579220515967,1.7612786293029785,3.7681643962860107,False,0.6867451199181832,0.613162592540816,0.2634928708575397,0.2634928708575397,50.79445457543233,31.69734654315784,19.097108032274495,0.3759683648913746,1,1,True
5DBA_A_TRP325,37,TRP,False,B,A,A,B,major_only,0.550000011920929,0.44999998807907104,9,6.440928011084156,1.0156091725365428,7,-180;-105,0.38841444703318584,0.3322770959294904,0.13471684019743016,0.13471684019743016,41.4855536439685,36.90521379634207,4.580339847626433,0.1104080684793358,2.773879051208496,3.803581476211548,False,0.5272529999545519,0.42689898049104025,0.16575256495024704,0.16575256495024704,41.4855536439685,33.92511269638009,7.560440947588411,0.18224273954428974,0,,False
5DBA_A_TRP325,39,TRP,False,B,A,A,B,major_only,0.550000011920929,0.44999998807907104,9,4.430330031584789,0.3121702119158387,1,-60;-105,0.18200111795221433,0.16277627097016564,0.054657437501735,0.054657437501735,19.627824188762077,19.107763113811124,0.5200610749509522,0.026496114390952896,4.824881553649902,3.889108180999756,False,0.627845970306113,0.5068591495221744,0.13536614621255974,0.13536614621255974,19.627824188762077,14.585314512124858,5.042509676637218,0.2569061974543419,0,,False
5DBA_A_TRP325,44,TRP,False,B,A,B,A,minor_only,0.550000011920929,0.44999998807907104,9,7.94820468506066,-3.0770678713100423,6,-180;0,0.15013128391836547,0.12706686585119323,0.06693797622454119,0.06693797622454119,63.17395771562023,62.153951727335766,1.020005988284467,0.01614598839724526,2.9983744621276855,4.138230800628662,False,0.5355132507986319,0.4266634593685958,0.2044746906516171,0.2044746906516171,63.17395771562023,51.673662579721636,11.500295135898597,0.18204170756037757,0,,False
5KWB_A_PHE591,13,PHE,False,A,B,B,A,major_only,0.4399999976158142,0.5600000023841858,6,5.282257595745093,10.513833914498449,4,-180;-90,0.07449896156377729,0.0834310531239409,0.01721936981537519,0.01721936981537519,27.90224530780673,27.70802501535364,0.19422029245308892,0.006960740625369969,0.15999114513397217,0.6674374341964722,True,0.03944720466946092,0.04983027692586441,0.010288763877438028,0.010288763877438028,27.90224530780673,27.832962456272206,0.06928285153452407,0.002483056498508366,0,,False
5Z8H_A_MET730,0,MET,True,A,B,B,A,major_only,0.2799999928474428,0.7200000071525572,27,2.5365000707928305,0.1984953721414877,2,-60;-60;-180,0.3281750471631416,0.3109325858271099,0.04403342438807163,0.04403342438807163,6.4338326091320335,5.811815637099922,0.6220169720321111,0.09667907292913319,0.6287176609039307,1.577333927154541,True,0.3937379157506,0.3728927064211109,0.05280717931984894,0.05280717931984894,6.4338326091320335,5.539214808449636,0.894617800682397,0.1390489705020608,0,,False
5Z8H_A_MET730,3,MET,True,A,B,B,A,major_only,0.2799999928474428,0.7200000071525572,27,1.9744864461104787,0.19134112813646098,8,-60;-180;-180,0.04212571993887855,0.040554830803757186,0.0044721535986870925,0.0044721535986870925,3.898596725873989,3.892184726055014,0.006411999818974667,0.0016446943015213308,1.6639395952224731,2.382124185562134,False,0.22997826789976014,0.21815946558401492,0.02404929893270315,0.02404929893270315,3.898596725873989,3.7130486582214486,0.18554806765254028,0.047593552423903,0,,False
5Z8H_A_MET730,4,MET,True,A,B,B,A,major_only,0.2799999928474428,0.7200000071525572,27,1.8717130791144225,0.11577072197557303,2,-60;-60;-180,0.08883150583549564,0.08444743893602122,0.008824845317772978,0.008824845317772978,3.5033098505279927,3.4783264519594366,0.024983398568556137,0.007131369942852992,0.6287176609039307,1.577333927154541,True,0.3171099404836644,0.30031354043624164,0.03138256173406269,0.03138256173406269,3.5033098505279927,3.187352561999177,0.31595728852881555,0.09018822256935019,0,,False
5Z8H_A_MET730,6,MET,True,A,B,B,A,major_only,0.2799999928474428,0.7200000071525572,27,7.814898070941443,0.6033061256566992,2,-60;-60;-180,0.39329859193104194,0.3725190629310321,0.16253734571285913,0.16253734571285913,61.07263185920429,52.59755511618711,8.475076743017183,0.13877045224701415,0.6287176609039307,1.577333927154541,True,0.39753447550922777,0.37647566366881885,0.16426098706331022,0.16426098706331022,61.07263185920429,52.41656801526737,8.65606384393692,0.14173392533487747,0,,False
5Z8H_A_MET730,10,MET,True,A,B,B,A,major_only,0.2799999928474428,0.7200000071525572,27,1.9705111863561875,1.5110142438737286,2,-60;-60;-180,0.06986661935923312,0.07140931139360672,0.007856246351880194,0.007856246351880194,3.8829143355548696,3.863114230269045,0.019800105285824543,0.00509928975370895,0.6287176609039307,1.577333927154541,True,0.268263146155751,0.2589996672346258,0.028493927403851767,0.028493927403851767,3.8829143355548696,3.622445228318594,0.2604691072362755,0.06708082762764694,0,,False
5Z8H_A_MET730,13,MET,True,A,B,B,A,major_only,0.2799999928474428,0.7200000071525572,27,2.0019502395087905,0.005967082923115541,8,-60;-180;-180,0.034536953152290564,0.03272179495179067,0.003658561482672876,0.003658561482672876,4.007804761469303,4.003513541327909,0.00429122014139427,0.0010707158648668963,1.6639395952224731,2.382124185562134,False,0.2001612882568878,0.18930815532342207,0.02115908117974021,0.02115908117974021,4.007804761469303,3.8641747470361083,0.14363001443319456,0.03583757767195683,0,,False
5Z8H_A_MET730,15,MET,True,A,B,B,A,major_only,0.2799999928474428,0.7200000071525572,27,1.8677806823715644,-0.05755856444981955,8,-60;-180;-180,0.05647535756817484,0.05326104964974203,0.005555914592655453,0.005555914592655453,3.4886046774403865,3.4787084150667056,0.009896262373680909,0.0028367394097923025,1.6639395952224731,2.382124185562134,False,0.2242915653439927,0.21189193862760922,0.02209604351523207,0.02209604351523207,3.4886046774403865,3.3319726290456506,0.15663204839473588,0.04489819365536651,0,,False
5Z8H_A_MET730,16,MET,True,A,B,B,A,major_only,0.2799999928474428,0.7200000071525572,27,1.9994845874816867,0.018981672945598937,8,-60;-180;-180,0.03189887192833201,0.030268843984841604,0.0033801335229120487,0.0033801335229120487,3.997938615576811,3.9942756925585154,0.0036629230182954053,0.0009162029161788242,1.6639395952224731,2.382124185562134,False,0.19124484139788153,0.1809214881203898,0.02019679302252691,0.02019679302252691,3.997938615576811,3.867075750562594,0.13086286501421673,0.032732584863696366,0,,False
5Z8H_A_MET730,18,MET,True,A,B,B,A,major_only,0.2799999928474428,0.7200000071525572,27,2.0030923994246637,0.1683684847088589,8,-60;-180;-180,0.03387066822380882,0.03264995586598142,0.003652612004728003,0.003652612004728003,4.012379160632856,4.0081018857325645,0.0042772749002910615,0.00106601961805036,1.6639395952224731,2.382124185562134,False,0.195296114387017,0.1852720376347954,0.02071977637065319,0.02071977637065319,4.012379160632856,3.8746513252155825,0.13772783541727307,0.03432572792934899,0,,False
5Z8H_A_MET730,22,MET,True,A,B,B,A,major_only,0.2799999928474428,0.7200000071525572,27,2.0302272090248517,0.04946240120248824,2,-60;-60;-180,0.19257305656992293,0.18230533855164682,0.020664522480167383,0.020664522480167383,4.121822520264839,3.984832774139422,0.13698974612541726,0.033235236464430606,0.6287176609039307,1.577333927154541,True,0.2789446744182444,0.26396056822298597,0.029919745923237935,0.029919745923237935,4.121822520264839,3.83463378773886,0.287188732525979,0.06967518157660177,0,,False
5Z8H_A_MET730,23,MET,True,A,B,B,A,major_only,0.2799999928474428,0.7200000071525572,27,1.8808915757829046,0.5956438371469197,2,-60;-60;-180,0.09734743995522041,0.09427381366870383,0.009900022482781583,0.009900022482781583,3.537753119851098,3.5063111552346413,0.03144196461645654,0.008887551943641539,0.6287176609039307,1.577333927154541,True,0.32400089385406183,0.3085993978270452,0.03240656789508376,0.03240656789508376,3.537753119851098,3.200840195589426,0.33691292426167196,0.0952335883392147,1,2,True
5Z8H_A_MET730,25,MET,True,A,B,B,A,major_only,0.2799999928474428,0.7200000071525572,27,1.966774855833632,-0.0822793067532448,2,-60;-60;-180,0.03200715904466488,0.029981144469252746,0.003292184744511227,0.003292184744511227,3.868203333539404,3.8647263253855657,0.0034770081538382236,0.0008988690236861885,0.6287176609039307,1.577333927154541,True,0.21999678909817033,0.20775365011640068,0.022812743268010145,0.022812743268010145,3.868203333539404,3.701245569242043,0.16695776429736098,0.043161579136687916,0,,False
5Z8H_A_MET730,26,MET,True,A,B,B,A,major_only,0.2799999928474428,0.7200000071525572,27,8.520200421380915,0.4470219587438349,7,-60;-180;90,0.25386431599263604,0.2404702096379601,0.11438736241399323,0.11438736241399323,72.59381522049954,68.39601094396144,4.197804276538093,0.05782592172332456,1.7299764156341553,1.7571865320205688,False,0.19786290564068698,0.18747941056849415,0.0891820791367429,0.0891820791367429,72.59381522049954,70.04224937289936,2.5515658476001732,0.03514852938711017,0,,False
5Z8H_A_MET730,27,MET,True,A,B,B,A,major_only,0.2799999928474428,0.7200000071525572,27,7.813214705766232,0.6360731051799267,2,-60;-60;-180,0.39538226352481726,0.3745190529073419,0.16337478115154547,0.16337478115154547,61.04632403840171,52.483690638917594,8.562633399484113,0.14026452099061223,0.6287176609039307,1.577333927154541,True,0.39988992296435644,0.37873243365699294,0.16521004903777187,0.16521004903777187,61.04632403840171,52.28994576457977,8.756378273821937,0.14343825630374835,0,,False
5Z8H_A_MET730,28,MET,True,A,B,B,A,major_only,0.2799999928474428,0.7200000071525572,27,1.8648951941949505,-0.0560558845777841,2,-60;-60;-180,0.11899457412666785,0.11233588431366517,0.01169645574056554,0.01169645574056554,3.477834085331422,3.4339460766208783,0.04388800871054377,0.012619350904533285,0.6287176609039307,1.577333927154541,True,0.34777831529152126,0.32867544338364885,0.03422125165628099,0.03422125165628099,3.477834085331422,3.102132199929896,0.37570188540152616,0.10802754708343812,0,,False
5Z8H_A_MET730,29,MET,True,A,B,A,B,minor_only,0.2799999928474428,0.7200000071525572,27,4.196738788818139,0.5771016301127414,0,-60;-60;-90,0.45005360212240364,0.42650510437552086,0.09993064177939892,0.09993064177939892,17.612616461570735,14.408765212463788,3.203851249106947,0.18190660405837394,0.40928998589515686,0.8813758492469788,True,0.49937233596967073,0.4731447993286119,0.11085568095653,0.11085568095653,17.612616461570735,13.669750444852326,3.9428660167184084,0.2238660011317123,1,3,True
5Z8H_A_MET730,32,MET,True,A,B,B,A,major_only,0.2799999928474428,0.7200000071525572,27,1.9040015911808443,2.8610945262500804,2,-60;-60;-180,0.11449605231404614,0.11869544714772089,0.012617773041773436,0.012617773041773436,3.6252220592191873,3.5741477224593443,0.051074336759842964,0.014088609173597362,0.6287176609039307,1.577333927154541,True,0.31712365859280617,0.3102130984373149,0.0329762784221445,0.0329762784221445,3.6252220592191873,3.2763590866269094,0.34886297259227783,0.09623216644207917,0,,False
5Z8H_A_MET730,33,MET,True,A,B,B,A,major_only,0.2799999928474428,0.7200000071525572,27,7.81754620989189,0.611184481383674,2,-60;-60;-180,0.3925177625605463,0.3717873756812605,0.16227306513224676,0.16227306513224676,61.114028743795046,52.66649000777636,8.447538736018686,0.13822585271595877,0.6287176609039307,1.577333927154541,True,0.39640359315449686,0.37541304720172636,0.16385285836638924,0.16385285836638924,61.114028743795046,52.500925791238075,8.613102952556972,0.14093495600928563,1,0,True
5Z8H_A_MET730,34,MET,True,A,B,B,A,major_only,0.2799999928474428,0.7200000071525572,27,2.0176570418463395,0.3250067939243797,2,-60;-60;-180,0.23524280334693526,0.22361291196611058,0.02518984923729574,0.02518984923729574,4.070939938512122,3.8673818100166395,0.20355812849548283,0.05000273439796333,0.6287176609039307,1.577333927154541,True,0.35394009070358096,0.33583271778618534,0.03783071541561289,0.03783071541561289,4.070939938512122,3.6118046185033537,0.45913532000876867,0.11278361433565559,1,3,True
5Z8H_A_MET730,35,MET,True,A,B,B,A,major_only,0.2799999928474428,0.7200000071525572,27,1.9630813263081415,1.4274578491618142,2,-60;-60;-180,0.08085747336221917,0.08152799377380289,0.008935654964098766,0.008935654964098766,3.853688293699732,3.828073545288577,0.025614748411155297,0.006646813768781457,0.6287176609039307,1.577333927154541,True,0.2820825436452066,0.2717937562777846,0.029788728786425463,0.029788728786425463,3.853688293699732,3.569009225722107,0.284679067977625,0.07387184595158809,0,,False
5Z8H_A_MET730,37,MET,True,A,B,B,A,major_only,0.2799999928474428,0.7200000071525572,27,8.520170456788522,0.4470249824284753,7,-60;-180;90,0.25386205746535895,0.2404680772741445,0.11438594580280217,0.11438594580280217,72.59330461273193,68.39560430956237,4.197700303169555,0.057824896187923816,1.7299764156341553,1.7571865320205688,False,0.19785947709319596,0.1874761720383688,0.08918022496239193,0.08918022496239193,72.59330461273193,70.04184486265302,2.551459750078905,0.03514731508215996,0,,False
5Z8H_A_MET730,39,MET,True,A,B,B,A,major_only,0.2799999928474428,0.7200000071525572,27,1.8730364971967892,0.10814467434804342,2,-60;-60;-180,0.05868611462792404,0.055907285697892196,0.0058465005011455054,0.0058465005011455054,3.5082657198312175,3.4973001982146554,0.010965521616562057,0.003125624594105605,0.6287176609039307,1.577333927154541,True,0.2867169336576707,0.2715430302869235,0.028396126543580303,0.028396126543580303,3.5082657198312175,3.2495815813361375,0.25868413849508,0.07373561729740508,1,3,True
5Z8H_A_MET730,41,MET,True,A,B,B,A,major_only,0.2799999928474428,0.7200000071525572,27,2.012029805721283,-0.004601723843599359,8,-60;-180;-180,0.032372328506432735,0.03063589843709225,0.0034425875323406785,0.0034425875323406785,4.048263939110824,4.04446440749929,0.003799531611534235,0.0009385582730479719,1.6639395952224731,2.382124185562134,False,0.1800579943644348,0.1702602734723275,0.01912590258040817,0.01912590258040817,4.048263939110824,3.9309105940896982,0.11735334502112593,0.028988560722871707,0,,False
5Z8H_A_MET730,43,MET,True,A,B,B,A,major_only,0.2799999928474428,0.7200000071525572,27,1.985308125655109,1.7409437323423402,8,-60;-180;-180,0.03519275270908885,0.03936348591270622,0.004364569685544839,0.004364569685544839,3.941448353792202,3.935341142539734,0.006107211252468048,0.001549484023199769,1.6639395952224731,2.382124185562134,False,0.22820880275695316,0.22188480320724352,0.024594029037613544,0.024594029037613544,3.941448353792202,3.7473995555605732,0.1940487982316288,0.049232865894317204,0,,False
5Z8H_A_MET730,45,MET,True,A,B,A,B,minor_only,0.2799999928474428,0.7200000071525572,27,3.61896281461343,1.0263574138386176,0,-60;-60;-90,0.4694447154024537,0.4458533462777306,0.09008213189826529,0.09008213189826529,13.096891853554759,10.493423503417002,2.6034683501377565,0.19878520638705,0.40928998589515686,0.8813758492469788,True,0.5263384845856847,0.49965505414463923,0.10095000616016071,0.10095000616016071,13.096891853554759,9.82718505036077,3.269706803193989,0.24965517313228214,1,1,True
5Z8H_A_MET730,47,MET,True,A,B,B,A,major_only,0.2799999928474428,0.7200000071525572,27,2.062889505404215,0.09548248581894558,8,-60;-180;-180,0.05793555471654925,0.05517531625240182,0.006356832353810589,0.006356832353810589,4.255513111506847,4.242557986880805,0.012955124626041759,0.0030443155235525617,1.6639395952224731,2.382124185562134,False,0.272134025607787,0.2576726155099032,0.029676893283900607,0.029676893283900607,4.255513111506847,3.972967566162936,0.2825455453439112,0.06639517678371429,0,,False
5Z8H_A_MET730,48,MET,True,A,B,B,A,major_only,0.2799999928474428,0.7200000071525572,27,1.8119054159297112,0.5855578274308431,8,-60;-180;-180,0.03425950724588116,0.034666358081434576,0.003508033260346923,0.003508033260346923,3.28300123627542,3.2790558685855435,0.003945367689876633,0.001201756382630142,1.6639395952224731,2.382124185562134,False,0.241138130885692,0.23028504043908885,0.023295683246121968,0.023295683246121968,3.28300123627542,3.108899741606594,0.17410149466882618,0.053031199850032684,2,0;3,True
5Z8H_A_MET730,49,MET,True,A,B,B,A,major_only,0.2799999928474428,0.7200000071525572,27,1.8400830832528527,0.18767428428254185,2,-60;-60;-180,0.07422103035013695,0.07090818475450213,0.007284758247838433,0.007284758247838433,3.3859057532733248,3.3688815184708067,0.017024234802518023,0.005027970665178688,0.6287176609039307,1.577333927154541,True,0.29287282646660534,0.2776724831459001,0.028526236567331383,0.028526236567331383,3.3859057532733248,3.124845621147944,0.26106013212538093,0.0771020078964103,1,0,True
7F72_A_MET103,4,MET,False,A,B,B,A,major_only,0.4800000035762788,0.5199999964237212,27,1.9006910224985378,0.43240064416885504,6,-60;-180;-90,0.3354858960483101,0.30628268269150943,0.0421872419306398,0.0421872419306398,3.6126263630065374,3.273729201307324,0.33889716169921336,0.09380908171670785,0.4224196970462799,1.508715033531189,True,0.3686330790647121,0.3362773569778881,0.04630102476736981,0.04630102476736981,3.6126263630065374,3.2041016838688794,0.408524679137658,0.11308246081603394,0,,False
7F72_A_MET103,15,MET,False,A,B,A,B,minor_only,0.4800000035762788,0.5199999964237212,27,2.2280299987103462,0.12526211529746778,7,-60;-180;90,0.07833953469430581,0.07154828200789896,0.011552274202447317,0.011552274202447317,4.964117675153225,4.938705579103971,0.025412096049254096,0.005119156658281618,0.4703880846500397,1.5650012493133545,True,0.15720947389338963,0.14304731808034052,0.023097942950427407,0.023097942950427407,4.964117675153225,4.8625392424389275,0.10157843271429723,0.020462535209978046,1,3,True
7F72_A_MET103,30,MET,False,A,B,B,A,major_only,0.4800000035762788,0.5199999964237212,27,2.1622993228644134,0.3505562974423724,6,-60;-180;-90,0.45421119224649015,0.41335752221715444,0.06477222641072236,0.06477222641072236,4.6755383616599,3.876655112309595,0.7988832493503049,0.17086444117350522,0.4224196970462799,1.508715033531189,True,0.5107178592095977,0.46450952734827794,0.07275986637726746,0.07275986637726746,4.6755383616599,3.6667016526860587,1.008836708973841,0.21576910099732044,2,1;3,True
7F72_A_MET103,34,MET,False,A,B,A,B,minor_only,0.4800000035762788,0.5199999964237212,27,2.2490581850577147,0.08616282511775175,7,-60;-180;90,0.06338060817828532,0.05782133403343259,0.009424016614142198,0.009424016614142198,5.058262719775101,5.041351396288471,0.016911323486629826,0.003343306669405604,0.4703880846500397,1.5650012493133545,True,0.14188820343814237,0.12899389831219213,0.021025310076113416,0.021025310076113416,5.058262719775101,4.9740961325635125,0.08416658721158843,0.016639425801776193,1,2,True
7F72_A_MET103,45,MET,False,A,B,B,A,major_only,0.4800000035762788,0.5199999964237212,27,2.1862635681399465,0.15503416487934074,16,60;-180;90,0.22683378972252674,0.20722721396742536,0.032857811791962,0.032857811791962,4.77974838937601,4.574491089283187,0.20525730009282306,0.04294311820870118,1.886313557624817,2.3191442489624023,False,0.3246913152028714,0.2950247669303806,0.046724261747403954,0.046724261747403954,4.77974838937601,4.3637209388382585,0.4160274505377517,0.08703961310232557,1,1,True
7T7A_A_LEU396,3,LEU,False,A,B,B,A,major_only,0.3799999952316284,0.6200000047683716,9,2.4240923671831567,0.5272692134427972,7,-180;60,0.4296692773427546,0.4034521584399096,0.08423826324030871,0.08423826324030871,5.87622380463564,4.919729442115166,0.9564943625204743,0.1627736441498219,0.35498034954071045,1.8765584230422974,True,0.5028661120882668,0.4718788918195792,0.09852524842761727,0.09852524842761727,5.87622380463564,4.567766880237446,1.308456924398194,0.22266968854487426,0,,False
7T7A_A_LEU396,8,LEU,False,A,B,B,A,major_only,0.3799999952316284,0.6200000047683716,9,2.58714636646527,0.3521325274527216,7,-180;60,0.4275079298470892,0.4008154415503181,0.08931689993357465,0.08931689993357465,6.693326321514448,5.618023246264867,1.0753030752495807,0.16065301818517644,0.35498034954071045,1.8765584230422974,True,0.4913275911455888,0.4604739303156023,0.10261098835141381,0.10261098835141381,6.693326321514448,5.2740985718588345,1.4192277496556134,0.21203624050029815,0,,False
7T7A_A_LEU396,38,LEU,False,A,B,B,A,major_only,0.3799999952316284,0.6200000047683716,9,2.539417909039199,0.28940328496025236,7,-180;60,0.4229815481968142,0.39641495458569725,0.08670664952680164,0.08670664952680164,6.448643316749016,5.4352724478754455,1.0133708688735705,0.15714481621918047,0.35498034954071045,1.8765584230422974,True,0.48435184840442164,0.45378327108686245,0.09925456336061762,0.09925456336061762,6.448643316749016,5.120743475543213,1.3278998412058032,0.20591925711829312,0,,False
7T7A_A_LEU396,44,LEU,False,A,B,B,A,major_only,0.3799999952316284,0.6200000047683716,9,2.4994709005506763,0.6107412277860136,7,-180;60,0.44621708361508705,0.41912926347984164,0.09023276510238154,0.09023276510238154,6.24735478269961,5.149886094368401,1.097468688331209,0.1756693395051546,0.35498034954071045,1.8765584230422974,True,0.5119932420365314,0.4806161129609133,0.10346994907583332,0.10346994907583332,6.24735478269961,4.804266756096929,1.4430880266026804,0.2309918480376574,1,2,True
7T7A_A_LEU396,46,LEU,False,A,B,B,A,major_only,0.3799999952316284,0.6200000047683716,9,2.5441788610111127,0.2930320107317912,7,-180;60,0.4196950232192926,0.3933507610816792,0.0861977305389769,0.0861977305389769,6.472846076815803,5.471336124643553,1.00150995217225,0.15472482124353623,0.35498034954071045,1.8765584230422974,True,0.4825592768809912,0.452116223506409,0.09907533622339104,0.09907533622339104,6.472846076815803,5.149737568135234,1.3231085086805692,0.2044090795576971,1,2,True
7UO8_A_GLN53,0,GLN,True,A,B,A,B,minor_only,0.33999999344348925,0.6600000065565107,18,3.696395252359536,-0.13367863706652372,7,60;-60;-180,0.44979397478211,0.4291224679869977,0.0913274009073693,0.0913274009073693,13.663337861666117,11.147287583505992,2.516050278160124,0.18414609253125175,4.779751300811768,1.357365369796753,False,-0.1157008112519118,-0.11066468462412693,-0.023442833802194613,0.0,13.663337861666117,13.663337861666117,0.0,0.0,0,,False
7UO8_A_GLN53,1,GLN,True,A,B,B,A,major_only,0.33999999344348925,0.6600000065565107,18,3.250634492813352,-0.13524493202361043,7,60;-60;-180,0.4768630891967013,0.454926645295705,0.0851433932646954,0.0851433932646954,10.566624605867919,8.379774441557286,2.1868501643106324,0.2069582526000042,1.357365369796753,4.779751300811768,False,0.4788291398501857,0.4568225134613285,0.08493550895889419,0.08493550895889419,10.566624605867919,8.361509437027625,2.205115168840294,0.2086868088051256,0,,False
7UO8_A_GLN53,4,GLN,True,A,B,B,A,major_only,0.33999999344348925,0.6600000065565107,18,3.301528987317233,-0.07576117166035168,7,60;-60;-180,0.4680579132607663,0.44664094474437177,0.08490144633658699,0.08490144633658699,10.900093654095956,8.725654315823778,2.174439338272178,0.19948813352214484,1.357365369796753,4.779751300811768,False,0.48167332706475113,0.4596568467206546,0.08680055525742562,0.08680055525742562,10.900093654095956,8.597073724009707,2.303019930086249,0.2112844167371752,1,3,True
7UO8_A_GLN53,7,GLN,True,A,B,B,A,major_only,0.33999999344348925,0.6600000065565107,18,3.2873826579689376,-0.0945508909279944,7,60;-60;-180,0.4603398739759753,0.4392364641515486,0.08313618416752155,0.08313618416752155,10.806884739914917,8.721926824634089,2.084957915280828,0.19292867144035472,1.357365369796753,4.779751300811768,False,0.48066856822471166,0.4586605437628709,0.08624130041837598,0.08624130041837598,10.806884739914917,8.5334458610875,2.2734388788274167,0.21036949440485248,0,,False
7UO8_A_GLN53,12,GLN,True,A,B,B,A,major_only,0.33999999344348925,0.6600000065565107,18,3.339487496546168,-1.0119019009234833,7,60;-60;-180,0.4960183864399529,0.4715315311664154,0.09066339995940345,0.09066339995940345,11.152176739588192,8.67257962752937,2.4795971120588227,0.22234198488414422,1.357365369796753,4.779751300811768,False,0.5667086071358856,0.5390312726843915,0.10295974044663134,0.10295974044663134,11.152176739588192,7.9118592284529505,3.240317511135242,0.29055471293175494,1,2,True
7UO8_A_GLN53,14,GLN,True,A,B,A,B,minor_only,0.33999999344348925,0.6600000065565107,18,3.593543469127355,-0.6009242552653493,7,60;-60;-180,0.45679386761808494,0.4349642548879099,0.08999490265390857,0.08999490265390857,12.913554664507867,10.470388855535846,2.4431658089720205,0.18919390303019476,4.779751300811768,1.357365369796753,False,-0.0803679414297927,-0.07777797435916967,-0.016017774859441905,0.0,12.913554664507867,12.913554664507867,0.0,0.0,1,2,True
7UO8_A_GLN53,16,GLN,True,A,B,B,A,major_only,0.33999999344348925,0.6600000065565107,18,3.3169508535256234,-0.05031059594959153,7,60;-60;-180,0.4597259344536215,0.4387373366860114,0.08378862659686621,0.08378862659686621,11.002162964704361,8.8843516580281,2.117811306676261,0.1924904506023347,1.357365369796753,4.779751300811768,False,0.4700010043483211,0.4485642079298258,0.08510151843009907,0.08510151843009907,11.002162964704361,8.788419419910758,2.213743544793603,0.2012098486357122,1,1,True
7UO8_A_GLN53,18,GLN,True,A,B,B,A,major_only,0.33999999344348925,0.6600000065565107,18,3.29805866751297,-0.044548730719006,7,60;-60;-180,0.44985064601148733,0.4293214302815508,0.08152341894282183,0.08152341894282183,10.877190974357426,8.872340956600112,2.004850017757313,0.18431689049899674,1.357365369796753,4.779751300811768,False,0.4713797933889622,0.4498910015518334,0.08486709543492794,0.08486709543492794,10.877190974357426,8.675626710064773,2.201564264292653,0.20240191327731205,0,,False
7UO8_A_GLN53,19,GLN,True,A,B,B,A,major_only,0.33999999344348925,0.6600000065565107,18,5.0073313665936245,0.28223722094784165,7,60;-60;-180,0.6448351679292518,0.6158911072045586,0.17756268611271547,0.17756268611271547,25.073367414872376,15.562491152556499,9.510876262315877,0.3793218559336573,1.357365369796753,4.779751300811768,False,0.665698803712203,0.6358329362276327,0.18210547715712452,0.18210547715712452,25.073367414872376,14.93661810813332,10.136749306739055,0.4042835227918528,0,,False
7UO8_A_GLN53,24,GLN,True,A,B,B,A,major_only,0.33999999344348925,0.6600000065565107,18,3.2979418046872957,-0.022397322446664703,7,60;-60;-180,0.4533470326722503,0.43270185151235646,0.0821624123331231,0.0821624123331231,10.876420147104097,8.840018297907939,2.0364018491961584,0.18723089230222142,1.357365369796753,4.779751300811768,False,0.4713042746753842,0.4498618174921701,0.08485858320563959,0.08485858320563959,10.876420147104097,8.675297497547668,2.2011226495564298,0.20237565483735842,0,,False
7UO8_A_GLN53,25,GLN,True,A,B,B,A,major_only,0.33999999344348925,0.6600000065565107,18,3.277882620272406,0.045900926184355484,7,60;-60;-180,0.4617268074867141,0.440833658575725,0.08319736746264787,0.08319736746264787,10.744514472283893,8.656486617319924,2.0880278549639684,0.19433431453325872,1.357365369796753,4.779751300811768,False,0.48574017308208156,0.463775051848107,0.08695097083854526,0.08695097083854526,10.744514472283893,8.43350587841771,2.311008593866182,0.215087298716714,0,,False
7UO8_A_GLN53,27,GLN,True,A,B,B,A,major_only,0.33999999344348925,0.6600000065565107,18,3.299568294171715,-0.03671764747460493,7,60;-60;-180,0.4485628796137332,0.42810739350896937,0.08133009705628459,0.08133009705628459,10.887150927903239,8.89179810356497,1.9953528243382692,0.18327594037704362,1.357365369796753,4.779751300811768,False,0.4689525650685951,0.4475891815179943,0.08447152948256724,0.08447152948256724,10.887150927903239,8.706061838589553,2.1810890893136854,0.20033607541194823,0,,False
7UO8_A_GLN53,28,GLN,True,A,B,B,A,major_only,0.33999999344348925,0.6600000065565107,18,3.194321293016548,-0.6473754058329906,7,60;-60;-180,0.45633601661426504,0.4342994681604676,0.07987471738035017,0.07987471738035017,10.203688523018911,8.279109322404192,1.924579200614719,0.18861602804446484,1.357365369796753,4.779751300811768,False,0.4953669946578513,0.4715766415122472,0.08615977115583645,0.08615977115583645,10.203688523018911,7.934546058601611,2.2691424644173006,0.22238452881997042,1,2,True
7UO8_A_GLN53,30,GLN,True,A,B,B,A,major_only,0.33999999344348925,0.6600000065565107,18,3.2849155868074695,-0.0868390745627341,7,60;-60;-180,0.45206998760432177,0.4313572676767995,0.0815835828496862,0.0815835828496862,10.790670412450662,8.78286016266021,2.0078102497904524,0.18606909237759398,1.357365369796753,4.779751300811768,False,0.47787008437198236,0.45600399083177395,0.08567744612835884,0.08567744612835884,10.790670412450662,8.54686229525515,2.2438081171955133,0.2079396396545044,0,,False
7UO8_A_GLN53,35,GLN,True,A,B,A,B,minor_only,0.33999999344348925,0.6600000065565107,18,3.685189981205249,-0.1490878586414066,7,60;-60;-180,0.4465828239701489,0.4260297952210607,0.09039435197591678,0.09039435197591678,13.580625197575543,11.115722895818177,2.464902301757366,0.18150138641609875,4.779751300811768,1.357365369796753,False,-0.11679085427767504,-0.11173253552731621,-0.02359729328019807,0.0,13.580625197575543,13.580625197575543,0.0,0.0,0,,False
7UO8_A_GLN53,36,GLN,True,A,B,A,B,minor_only,0.33999999344348925,0.6600000065565107,18,3.678077632703301,-0.15446376515943605,7,60;-60;-180,0.4453308426403924,0.4248248586625381,0.08996472437003915,0.08996472437003915,13.52825507219232,11.086727537989123,2.441527534203196,0.18047616053764537,4.779751300811768,1.357365369796753,False,-0.11469318240055987,-0.10974020568051726,-0.02313179397713342,0.0,13.52825507219232,13.52825507219232,0.0,0.0,0,,False
7UO8_A_GLN53,38,GLN,True,A,B,B,A,major_only,0.33999999344348925,0.6600000065565107,18,3.2889484539816687,-0.06460637131708857,7,60;-60;-180,0.45437535642863575,0.4336012982250908,0.08210868209206164,0.08210868209206164,10.817181932948408,8.783442629377355,2.0337393035710534,0.188010085822484,1.357365369796753,4.779751300811768,False,0.4756146434433787,0.4538943657760745,0.08538577292725859,0.08538577292725859,10.817181932948408,8.588625080425967,2.2285568525224413,0.2060200952832648,0,,False
7UO8_A_GLN53,39,GLN,True,A,B,A,B,minor_only,0.33999999344348925,0.6600000065565107,18,3.595537574427683,-0.17663292247382145,7,60;-60;-180,0.47601034463954073,0.4540645372723615,0.09399891846248344,0.09399891846248344,12.927890449121307,10.262487755110218,2.665402694011089,0.2061746040083634,4.779751300811768,1.357365369796753,False,-0.06250769299214563,-0.059976096797050696,-0.012358469342266993,0.0,12.927890449121307,12.927890449121307,0.0,0.0,0,,False
7UO8_A_GLN53,40,GLN,True,A,B,B,A,major_only,0.33999999344348925,0.6600000065565107,18,4.184773733826139,-0.059919741312882024,7,60;-60;-180,0.5763073392669132,0.5500262687114986,0.132524707126567,0.132524707126567,17.512331203321164,12.214344973218559,5.297986230102605,0.3025288962726937,1.357365369796753,4.779751300811768,False,0.6605804989881002,0.6304960556867412,0.1509134718223081,0.1509134718223081,17.512331203321164,10.550736904175173,6.961594299145991,0.3975252762365381,0,,False
7UO8_A_GLN53,45,GLN,True,A,B,A,B,minor_only,0.33999999344348925,0.6600000065565107,18,3.647400777560032,-0.2757705328120661,7,60;-60;-180,0.4704847362842916,0.44862050344574544,0.09421152749807053,0.09421152749807053,13.303532432145527,10.62605875730552,2.677473674840007,0.20126035611191406,4.779751300811768,1.357365369796753,False,-0.0955160814843477,-0.091651011812938,-0.019157701599472516,0.0,13.303532432145527,13.303532432145527,0.0,0.0,0,,False
7UO8_A_GLN53,49,GLN,True,A,B,B,A,major_only,0.33999999344348925,0.6600000065565107,18,3.2915377541984276,-0.1364415071016012,7,60;-60;-180,0.4572471245919333,0.43620309299087556,0.08266639941685278,0.08266639941685278,10.834220787313628,8.772759596699268,2.0614611906143594,0.19027313833480625,1.357365369796753,4.779751300811768,False,0.4759081699835651,0.45403514989600013,0.0854794997380614,0.0854794997380614,10.834220787313628,8.600768735995452,2.233452051318176,0.2061479173410833,0,,False
8FBE_B_ILE92,46,ILE,False,A,B,B,A,major_only,0.3799999952316284,0.6200000047683716,9,3.1507286522755957,0.020697170933342335,5,60;-180,0.46244586296352674,0.4234732814892687,0.13058514651378508,0.13058514651378508,9.92709104027039,8.146869574970264,1.7802214653001265,0.17932962013528964,0.14059969782829285,2.3338208198547363,True,0.4745592149612197,0.43450627086408145,0.1341100223949701,0.1341100223949701,9.92709104027039,8.052898944114435,1.874192096155955,0.18879569942021066,0,,False
