site,tail_site,starts,missed_minor_starts,missed_major_starts,deposited_missed_ceiling_pearson_median,deposited_missed_ceiling_fitted_occupancy_median,best_rotamer_pearson_median,best_rotamer_fitted_occupancy_median,best_rotamer_rmsd_to_missed_median_A,best_rotamer_within_1A_of_missed_count,actionable_canonical_fit_count,starts_with_active_slot_below_0p10,active_slots_below_0p10_total
1ZV8_E_ASN1,True,21,20,1,0.49842362888495323,0.07130509300214173,0.000104690758816404,9.10896884937546e-05,2.2910284996032715,0,0,9,10
2V05_A_HIS168,False,10,4,6,0.00765638793963605,0.007383784665531478,0.0791761150319859,0.022488712168652267,4.091254234313965,0,0,6,6
2VFP_A_TYR417,True,44,44,0,0.1812876047710824,0.048605006232197184,-0.00687245994318645,0.0,5.550609111785889,5,0,23,28
3A1C_B_ARG447,False,3,1,2,0.37043641098217633,0.05578877249749259,0.3649589989112233,0.038017036243541115,2.466658353805542,0,0,3,3
3GMI_A_GLU5,False,9,9,0,0.5718920552748037,0.1803557758712169,0.24370489835869708,0.06492517116330526,1.4288264513015747,0,0,4,5
3K8W_A_SER337,False,0,0,0,,,,,,0,0,0,0
3NY7_B_LYS19,False,2,1,1,0.14350721653553897,0.023170607195346513,0.16125348172511195,0.026937555390871948,2.551559627056122,0,0,1,1
4C16_A_MET258,True,24,7,17,0.3376050236704654,0.07804447879330309,0.2744994716771856,0.06564884725225975,0.39867904782295227,16,15,13,15
4MKM_A_THR77,False,0,0,0,,,,,,0,0,0,0
5DBA_A_TRP325,False,13,5,8,0.6127232933542994,0.2044746906516171,0.1501320475036076,0.06693823164317626,2.9983744621276855,0,0,3,3
5KWB_A_PHE591,False,1,1,0,0.03944720466946092,0.010288763877438028,0.07449896156377729,0.01721936981537519,0.15999114513397217,1,0,0,0
5Z8H_A_MET730,True,28,26,2,0.2805136090317255,0.029854237354831697,0.0848444895988574,0.008880250140935872,0.6287176609039307,17,5,8,9
6H59_B_ARG144,False,0,0,0,,,,,,0,0,0,0
6Y4G_B_CYS260,False,0,0,0,,,,,,0,0,0,0
7F72_A_MET103,False,5,3,2,0.3246913152028714,0.04630102476736981,0.22683378972252674,0.032857811791962,0.4703880846500397,4,1,4,5
7T7A_A_LEU396,False,5,5,0,0.4913275911455888,0.09925456336061762,0.4275079298470892,0.08670664952680164,0.35498034954071045,5,5,2,2
7UO8_A_GLN53,True,21,15,6,0.4756146434433787,0.08510151843009907,0.4572471245919333,0.08490144633658699,1.357365369796753,0,0,5,5
8DJ2_A_VAL893,False,0,0,0,,,,,,0,0,0,0
8FBE_B_ILE92,False,1,1,0,0.4745592149612197,0.1341100223949701,0.46244586296352674,0.13058514651378508,0.14059969782829285,1,1,0,0
8Q6Q_B_ASP81,False,0,0,0,,,,,,0,0,0,0
