condition,site,start,final_loss,best_loss,occupancies,rmsd_to_A,rmsd_to_B,assignments,target_A_occupancy,target_B_occupancy,predicted_A_occupancy,predicted_B_occupancy,found_A,found_B,occupancy_accurate,ensemble_success,active_conformers,active_direct_min_distance,active_symmetry_min_distance,active_all_rotamer_canonical,active_max_rotamer_deviation_deg,active_assignment_labels,final_chi_radians
soft_physics,B_ARG129,0,-26.03301239013672,-405.8980407714844,0.51205111;2.7109268e-09;0.48794788;9.6648682e-07,1.7933387;1.1242669;1.1172308;2.0055771,1.3651206;1.1202972;2.3878431;2.2365208,other;inactive;other;inactive,0.5,0.5,0.0,0.0,False,False,False,False,2,1.3080281019210815,0.4841229319572449,False,41.09479904174805,other;other,-1.2536043;0.0933901;2.7558775;0.79412174|-0.36075139;0.42433119;0.68577188;0.21821435|2.0087538;-0.6223799;1.7548419;0.39048415|-0.036506373;1.9588695;-1.7252456;-2.8631499
soft_physics,B_ARG129,1,-32.11328125,-403.0881042480469,0.060426865;0.38530022;4.48994e-05;0.55422801,2.2165415;1.7846757;1.6154265;2.5703926,3.3964572;1.359887;1.8917377;3.5191951,other;other;inactive;other,0.5,0.5,0.0,0.0,False,False,False,False,3,1.137946367263794,0.5096721053123474,False,41.10359573364258,other;other;other,2.0937362;-2.2752957;-2.4257452;3.0903025|-1.2534511;0.088055544;2.7572033;0.78081548|-2.2134075;-0.74169731;2.9082627;-1.4772955|2.3472652;-2.9177487;-2.1525605;-2.9465921
soft_physics,B_ARG129,2,-119.58540344238281,-402.5617980957031,0.1413386;0.0029856004;0.75598538;0.099690408,1.7868478;1.1098703;2.8468604;1.1684796,1.3673885;2.4275856;3.9778545;2.3793364,other;inactive;other;other,0.5,0.5,0.0,0.0,False,False,False,False,3,0.3125,0.5058254599571228,False,84.43990325927734,other;other;other,-1.2589885;0.089318238;2.7556772;0.77707338|1.5536247;-1.2337247;2.6602337;2.5938141|2.0280628;2.2622662;-1.328034;-1.3743449|2.4652281;-0.66170138;1.5864621;0.10751883
soft_physics,B_ARG129,3,-102.30657196044922,-512.175048828125,0.24162723;0.085180394;0.019507304;0.65368503,0.49111006;2.0100191;2.7513146;2.9224043,2.3215883;2.0604138;3.7141709;3.926301,A;other;inactive;other,0.5,0.5,0.24162723124027252,0.0,True,False,False,False,3,0.4841229319572449,0.2460627406835556,False,86.78495025634766,A;other;other,0.097770676;-0.062943093;0.034703773;0.70327425|-1.7042377;0.23878525;2.4380002;0.3267805|-0.046543773;-1.5421041;-1.0789678;-1.0994532|1.7752618;2.2769241;-0.39132136;1.8082064
soft_physics,B_ARG129,4,-101.8963851928711,-286.7666931152344,0.060285375;0.75213462;0.004208249;0.18337175,1.1841617;2.9543078;2.6329019;0.83497429,2.4191837;4.0408654;3.5953753;2.1346443,other;other;inactive;A,0.5,0.5,0.18337175250053406,0.0,True,False,False,False,3,0.3061862289905548,2.8058950901031494,False,86.27875518798828,other;other;A,2.3934124;-0.75103557;1.7280093;0.00175441|1.7374793;2.3546863;-0.69949448;1.7993573|1.6541492;0.24874987;2.4074814;-2.0260358|-0.32028174;0.25947073;-1.1737958;-1.0827733
soft_physics,B_ARG129,5,-43.86624526977539,-404.5929260253906,0.40051696;0.220034;0.31982967;0.059619315,2.3150017;2.0489023;1.9718031;0.77209169,1.7487983;2.126904;2.4681222;2.1668422,other;other;other;A,0.5,0.5,0.05961931496858597,0.0,False,False,False,False,4,1.0458250045776367,0.3590351641178131,False,85.63739776611328,other;other;other;A,-1.1865609;-2.2767143;-1.9337031;1.0820615|-1.8224269;0.22576907;2.5905924;0.21410991|0.1856055;0.85807812;-2.4606297;-0.92722064|-0.071237743;0.3692165;-1.1498708;-1.2011732
soft_physics,B_ARG129,6,-41.6219367980957,-283.038818359375,0.34942478;0.47346967;0.010187025;0.16691855,1.1145958;2.3022623;3.2257235;2.2034044,2.3815255;1.7470211;2.3155658;2.3023458,other;other;inactive;other,0.5,0.5,0.0,0.0,False,False,False,False,3,2.302342653274536,0.46140071749687195,False,72.59825897216797,other;other;other,2.0054743;-0.62370682;1.7495648;0.3957161|-1.212463;-2.1233764;-1.8766937;0.89339006|-0.96531916;2.1929719;-3.0992329;0.91693985|3.0541332;-1.8705297;-1.8952006;1.5605819
soft_physics,B_ARG129,7,-28.95365333557129,-401.9996032714844,3.1809699e-10;0.082702249;0.37632418;0.5409736,1.9145061;2.2623878;1.8013591;1.0006968,2.5110433;2.3511894;1.3519577;2.3077323,inactive;other;other;other,0.5,0.5,0.0,0.0,False,False,False,False,3,1.305038332939148,0.4800716042518616,False,69.04273986816406,other;other;other,1.7551439;-2.4030125;1.9873159;-2.3266985|3.0338333;-1.7992489;-1.7740079;1.4985443|-1.2537181;0.10006648;2.7672148;0.77657628|-0.0044668019;-1.0211145;-3.0322247;1.0858195
soft_physics,B_ARG129,8,-49.55512237548828,-419.9352722167969,0.76028627;1.2110347e-09;5.7643921e-09;0.23971373,2.2177346;2.2271631;1.3443549;1.9947116,3.5732424;2.8724177;1.919252;2.0348008,other;inactive;inactive;other,0.5,0.5,0.0,0.0,False,False,False,False,2,0.5929270386695862,0.20728905498981476,False,61.677879333496094,other;other,1.8851944;-1.3068075;-2.7758255;-0.78298247|2.1030254;-2.7411478;2.6006756;-2.0111585|2.558383;-0.71691668;0.77819246;-1.412999|-1.6526316;0.25003782;2.3682821;0.38302672
soft_physics,B_ARG129,9,-125.24276733398438,-360.78277587890625,0.019938666;0.64578795;0.18432032;0.14995307,2.2020278;2.8229368;2.2446136;0.79676414,2.2868152;3.904731;3.5846069;2.1455448,inactive;other;other;A,0.5,0.5,0.14995306730270386,0.0,True,False,False,False,3,0.28980058431625366,2.9790937900543213,False,79.82818603515625,other;other;A,3.0663123;-1.8786776;-1.8979138;1.5770288|2.1626649;2.2001421;-1.0764371;-1.4548277|1.9427915;-1.1533881;-2.6290112;-0.93696648|-0.24571945;0.28225204;-1.1451104;-1.0899351
soft_physics,B_ARG129,10,-95.8216781616211,-513.4441528320312,0.2773104;0.25935361;0.34676415;0.11657185,2.9899564;0.49355313;2.9614074;1.7685786,2.6992676;2.3166482;2.4078903;1.3211,other;A;other;other,0.5,0.5,0.2593536078929901,0.0,True,False,False,False,4,0.9591255784034729,0.5829612016677856,False,55.509456634521484,other;A;other;other,-1.9743522;2.6009064;0.28865886;-2.5041211|0.14018017;-0.03592962;-0.0083015673;0.6976499|-1.3918825;2.5908177;0.20494302;-2.1937969|-1.1776755;0.099957995;2.6695633;0.83268064
soft_physics,B_ARG129,11,-30.3282413482666,-510.87249755859375,0.41086164;0.020510634;0.29311687;0.27551082,1.1601465;0.6162864;1.0379224;2.0082474,2.4750781;2.2435768;2.2618787;2.0566223,other;inactive;other;other,0.5,0.5,0.0,0.0,False,False,False,False,3,1.6682934761047363,0.23799291253089905,False,50.31332015991211,other;other;other,2.0698061;-0.76893216;1.9412;0.21758845|-0.71047562;-1.2145005;1.9753672;-0.40208212|-0.23178098;0.08878231;-1.4843358;-0.58465087|-1.6982133;0.2395061;2.4338968;0.33748552
soft_physics,B_ARG129,12,-121.4781494140625,-404.82781982421875,0.082926661;0.078697383;0.75775015;0.080625787,1.1670427;2.6629512;2.852133;1.7894901,2.3457294;3.5375087;3.981277;1.3639642,other;other;other;other,0.5,0.5,0.0,0.0,False,False,False,False,4,0.32173845171928406,0.5019493103027344,False,84.61601257324219,other;other;other;other,2.5684495;-0.61442041;1.4568722;0.12099601|2.5654433;2.8261855;-2.0551009;-2.5720921|2.0219302;2.2689426;-1.3321214;-1.3712518|-1.2540721;0.092912063;2.7505527;0.77958786
soft_physics,B_ARG129,13,-206.86929321289062,-496.9473571777344,0.0086479178;0.033448432;0.14697923;0.81092447,2.0166283;1.8026406;0.48394457;3.1624792,2.065033;1.3637137;2.3081806;3.4174051,inactive;inactive;A;other,0.5,0.5,0.1469792276620865,0.0,True,False,False,False,2,0.39774757623672485,3.7447879314422607,False,43.58278274536133,A;other,-1.7147142;0.23901619;2.4565401;0.31891173|-1.2589384;0.096950367;2.7715013;0.79539293|0.10097007;-0.042915355;0.013537411;0.70973068|2.0507874;2.3657682;2.388423;2.6744449
soft_physics,B_ARG129,14,-79.0516586303711,-365.5164794921875,0.11990598;0.31507432;0.0011244752;0.56389523,2.0690613;2.3026166;3.144124;2.7964654,2.1271729;1.7200774;2.3425312;3.923146,other;other;inactive;other,0.5,0.5,0.0,0.0,False,False,False,False,3,0.652519166469574,0.3801726698875427,False,79.0504150390625,other;other;other,-2.9542594;-1.7544997;-2.9268756;-1.5388186|-0.67864323;1.7451178;-2.0641327;2.9355028|-0.95981288;-2.7912543;-0.89552569;-1.4812518|0.43110815;-3.1003292;2.1545842;-1.0861886
soft_physics,B_ARG129,15,-61.10586929321289,-284.47723388671875,0.41694498;0.16207975;8.514708e-09;0.42097521,2.1414061;1.1130655;1.1035621;2.1220634,2.4626651;2.4096229;2.4403679;3.5580111,other;other;inactive;other,0.5,0.5,0.0,0.0,False,False,False,False,3,0.503891110420227,1.2191505432128906,True,34.39106750488281,other;other;other,0.2582562;1.0318525;-2.1567991;0.08324495|1.826188;-0.63437301;1.8077065;0.32776752|1.8110958;-0.65079427;1.9729153;0.47665089|2.5297589;0.13094172;-2.1370831;0.66871351
soft_physics,B_ARG129,16,-50.935977935791016,-405.4411926269531,0.72933388;0.2704224;8.9571045e-10;0.00024369459,2.215616;1.7872458;1.9685112;2.7114992,3.5693755;1.3614613;1.0862252;1.289168,other;other;inactive;inactive,0.5,0.5,0.0,0.0,False,False,False,False,2,0.5863019824028015,0.5077524185180664,False,64.49759674072266,other;other,1.9024507;-1.2871919;-2.7809021;-0.83219033|-1.2548532;0.089895606;2.7572491;0.77998674|-2.2633331;-1.5591965;-1.9446934;2.4329212|-1.4180123;1.8136164;-1.869012;0.072802112
soft_physics,B_ARG129,17,-88.96475982666016,-321.4154357910156,0.18941964;0.073080011;0.16463107;0.5728693,2.3077106;2.0320811;0.54085964;2.7785141,1.892037;2.0948863;2.2340152;3.9072711,other;other;A;other,0.5,0.5,0.16463106870651245,0.0,True,False,False,False,4,0.5502130389213562,0.3125,False,58.13227844238281,other;other;A;other,-0.48987943;2.1459954;-1.6944895;2.5184309|-1.7782328;0.22626807;2.5456221;0.25412431|-0.67769611;-1.1036375;1.8594273;-0.29176664|1.2781625;2.7736819;-1.8726821;-1.8334957
soft_physics,B_ARG129,18,-38.287086486816406,-363.0302734375,0.37994623;0.42679787;0.1748978;0.018358123,1.1455802;3.2280388;2.201278;3.2804353,2.460007;2.2844102;2.2932584;2.4372928,other;other;other;inactive,0.5,0.5,0.0,0.0,False,False,False,False,3,1.8503589630126953,0.3365727961063385,False,72.95496368408203,other;other;other,2.0256486;-0.73945862;1.9211223;0.27244717|-1.051723;-3.0023599;-0.4325693;0.60674238|3.0597959;-1.8779792;-1.9009895;1.5668057|-0.99656981;2.0973895;1.3608768;-0.49051598
soft_physics,B_ARG129,19,-54.34142303466797,-367.9173278808594,0.38187379;0.21571563;0.15420997;0.24820055,0.4998329;3.2680981;1.1605594;2.0867052,2.2960732;3.5023417;2.4754755;2.1531937,A;other;other;other,0.5,0.5,0.3818737864494324,0.0,True,False,False,False,4,0.5466517210006714,0.4375,False,83.83927917480469,A;other;other;other,0.10443733;0.0021834613;-0.04272718;0.76510215|1.1745317;2.7423337;1.1265785;1.9718586|2.0785525;-0.76704437;1.9405373;0.21838699|-3.0047045;-1.8002687;-2.962527;-1.4261092
soft_physics,B_ARG129,20,-172.7540283203125,-365.5011291503906,0.054065529;0.057212111;0.4021267;0.48659557,2.0866528;2.9661305;2.9632335;2.7901807,2.15552;3.6159112;2.4232664;4.0209227,other;other;other;other,0.5,0.5,0.0,0.0,False,False,False,False,4,0.26882266998291016,0.4375,False,81.5484390258789,other;other;other;other,-3.0052235;-1.7957737;-2.9605911;-1.4248046|0.77795184;2.9474115;-0.80735737;2.0410252|-1.4249845;2.58552;0.21250406;-2.2017589|0.85316199;2.890017;-2.5319381;2.1568701
soft_physics,B_ARG129,21,-49.3574333190918,-289.4138488769531,0.12233543;0.3598814;0.24891645;0.26886678,1.1278516;0.49305266;2.961195;2.0306103,2.6432004;2.2918425;3.8430078;2.0428717,other;A;other;other,0.5,0.5,0.3598814010620117,0.0,True,False,False,False,4,0.5642334222793579,0.29315099120140076,False,89.65226745605469,other;A;other;other,2.2088535;0.24025096;-1.0991263;-0.94906223|0.068115644;-0.011170702;-0.0055792811;0.78568482|0.47059691;-1.9422815;-0.39165249;-1.2833552|-1.6878666;1.153348;-0.86864167;-0.18978772
soft_physics,B_ARG129,22,-115.40351104736328,-362.478515625,0.53083974;0.28322476;0.08901187;0.096923627,2.9720073;2.1559465;1.9964428;2.2025883,2.429755;2.035398;2.5095539;2.3069654,other;other;other;other,0.5,0.5,0.0,0.0,False,False,False,False,4,1.11365807056427,0.4800716042518616,False,69.31808471679688,other;other;other;other,-1.4599136;2.6229472;0.18270983;-2.2082269|0.099745892;1.4891471;-1.5695318;-0.2012448|-0.44653201;-0.62744647;-1.5532142;2.9580722|3.0461609;-1.8246963;-1.8705909;1.5033343
soft_physics,B_ARG129,23,-51.35496139526367,-403.129150390625,0.027169552;0.71766335;0.010722311;0.24444477,2.6999624;2.6783197;0.47040012;2.0034668,1.2857369;3.736244;2.2840488;2.0499003,inactive;other;inactive;other,0.5,0.5,0.0,0.0,False,False,False,False,2,0.5210416316986084,0.2296396642923355,False,89.10628509521484,other;other,-1.3997486;1.8667917;-1.8067907;-0.042252917|0.079552427;-1.4031613;-1.2876492;-1.2928727|-0.048709251;-0.068252802;0.1109522;0.78827369|-1.6810716;0.24456652;2.4004121;0.34413522
soft_physics,B_ARG129,24,-96.8665771484375,-361.7770690917969,0.00024790832;0.023123413;0.17126903;0.8053596,2.7071133;2.2606418;1.8934497;2.9601927,1.2870407;2.359324;1.8271054;3.9876244,inactive;inactive;other;other,0.5,0.5,0.0,0.0,False,False,False,False,2,0.09882117807865143,0.3617449104785919,False,76.7127456665039,other;other,-1.4122392;1.8348926;-1.8506711;0.021918315|3.0252786;-1.7941554;-1.7758491;1.4823933|-1.5076476;1.1446955;-0.90018964;-0.52288646|1.8810558;2.2063158;-0.36027962;1.6323969
soft_physics,B_ARG129,25,-125.00493621826172,-405.7716369628906,8.1693017e-08;0.1391978;0.76263976;0.098162375,2.8957283;1.7893103;2.8279545;2.9571474,3.6812003;1.3670825;3.97211;3.5581799,inactive;other;other;other,0.5,0.5,0.0,0.0,False,False,False,False,3,0.2538762092590332,0.49410587549209595,False,86.94690704345703,other;other;other,-0.19813421;-1.8686535;-0.55333596;-0.83956426|-1.2597586;0.08941818;2.7615166;0.78304178|2.1073411;2.1972694;-1.2995895;-1.3305657|0.9726823;2.8205361;-0.51074594;2.2048433
soft_physics,B_ARG129,26,-41.35221481323242,-405.91241455078125,0.63821381;0.022322614;0.048908658;0.29055488,2.1479032;2.6922114;1.0802907;1.7866942,3.5179374;1.2752333;2.39382;1.3621662,other;inactive;inactive;other,0.5,0.5,0.0,0.0,False,False,False,False,2,0.7603453397750854,0.5058254599571228,False,66.01724243164062,other;other,1.9090661;-0.93886065;-1.4980047;1.4457181|-1.4015507;1.8353089;-1.8314518;-0.014494127|1.6050103;-1.1522915;2.6514769;2.3407874|-1.2549049;0.089774616;2.7558243;0.77932304
soft_physics,B_ARG129,27,-125.89913940429688,-228.47373962402344,0.25426722;0.014451713;0.0086337347;0.72264731,2.2169516;2.0113094;2.0314219;2.8141258,3.5710378;3.5152094;2.0466154;3.87991,other;inactive;inactive;other,0.5,0.5,0.0,0.0,False,False,False,False,2,0.38527587056159973,3.1190569400787354,False,78.50993347167969,other;other,1.8997148;-1.289991;-2.7805567;-0.83060122|1.688038;-0.55452055;-1.2208272;1.441775|-1.6931469;1.1525468;-0.87395144;-0.18781511|2.2053552;2.1750481;-0.9971509;-1.4778254
soft_physics,B_ARG129,28,-34.0313720703125,-404.1749267578125,9.1812689e-07;0.30458432;0.69541478;4.749793e-09,2.33708;2.0216026;2.3174272;2.0070422,1.6729103;2.0822182;1.7189723;2.3928277,inactive;other;other;inactive,0.5,0.5,0.0,0.0,False,False,False,False,2,2.175413131713867,0.2724311947822571,False,46.53556442260742,other;other,-0.22971769;2.1484475;-1.5965469;-1.2381202|-1.7378547;0.23508088;2.4742937;0.29182759|-0.68864983;1.8349683;-2.0352561;2.8593485|0.032881565;1.7849076;-1.9634303;-2.4619544
soft_physics,B_ARG129,29,-44.0523567199707,-283.12713623046875,0.43543342;0.23767754;5.207708e-09;0.32688907,2.3117211;2.0448136;2.8941255;1.114833,1.746331;2.0793395;1.9187537;2.3830013,other;other;inactive;other,0.5,0.5,0.0,0.0,False,False,False,False,3,2.317983388900757,0.31560951471328735,False,49.44633102416992,other;other;other,-1.1905255;-2.2439463;-1.9159926;1.0522194|-1.7453674;1.1404761;-0.91255939;-0.10710537|-1.6964756;2.3085403;2.4449422;-2.8096905|2.0098178;-0.62929922;1.7570198;0.39495015
soft_physics,B_ARG129,30,-121.8495864868164,-363.8023681640625,0.76565522;0.16097847;0.0090073822;0.064358972,2.8600397;2.1325517;1.1106652;2.2043791,3.9855895;3.5007257;2.2501009;2.2876058,other;other;inactive;other,0.5,0.5,0.0,0.0,False,False,False,False,3,0.34798526763916016,0.4307515323162079,False,84.39340209960938,other;other;other,2.0035274;2.2860434;-1.3421136;-1.3751394|2.0082123;-0.99736673;-1.7051613;1.622625|2.3620715;-1.0785432;2.4683945;1.9995946|3.0657008;-1.8841791;-1.8987021;1.5764141
soft_physics,B_ARG129,31,-12.70598316192627,-403.0606384277344,0.9999994;4.3938932e-09;6.2880696e-07;6.9145156e-09,1.7960304;2.2774959;2.7307308;3.2092314,1.3585099;2.7791948;1.4229771;3.6188083,other;inactive;inactive;inactive,0.5,0.5,0.0,0.0,False,False,False,False,1,1.3095204830169678,0.4841229319572449,False,41.191017150878906,other,-1.2543956;0.095152602;2.7637479;0.78567034|2.3662841;-2.9105051;2.9392414;-2.3652818|-1.770117;3.1166914;-0.90262508;2.2976651|-0.15832181;2.814369;1.840798;-0.44689497
soft_physics,B_ARG129,32,-67.25912475585938,-403.4858703613281,2.4465312e-09;0.81910151;1.8671966e-05;0.18087977,1.7995323;2.8061182;1.8406005;2.0007436,2.0593674;4.0538449;1.9607707;2.0427818,inactive;other;inactive;other,0.5,0.5,0.0,0.0,False,False,False,False,2,0.2538762092590332,0.22097086906433105,False,85.52953338623047,other;other,2.9510345;-1.898545;-2.6053162;1.32004|0.90963215;2.9061415;-2.9964664;-1.3553119|3.0672355;-1.9219538;-2.4904981;1.383214|-1.668359;0.24751164;2.3886325;0.3639529
soft_physics,B_ARG129,33,-19.09286880493164,-284.4928894042969,0.9964366;3.8642315e-07;3.1005055e-07;0.0035626977,1.1168453;1.5330092;2.4255302;2.3038297,2.3867726;2.1379738;3.7309957;1.7110653,other;inactive;inactive;inactive,0.5,0.5,0.0,0.0,False,False,False,False,1,2.3167190551757812,3.4221246242523193,True,16.444087982177734,other,2.0157068;-0.62718523;1.7578336;0.39163014|1.4834155;0.27566028;0.53339559;-1.2524005|1.3886732;-2.2276516;2.8130219;-0.60257506|-0.68453008;1.7419752;-2.0625658;2.9284093
soft_physics,B_ARG129,34,-50.88067626953125,-367.0146789550781,5.2799076e-09;0.48970708;0.33634531;0.17394756,2.7561491;2.4143388;0.494023;2.0848768,3.0813;3.4593475;2.3184073;2.1574063,inactive;other;A;other,0.5,0.5,0.3363453149795532,0.0,True,False,False,False,3,0.519163966178894,0.43526214361190796,False,82.26341247558594,other;A;other,-2.8076122;1.5128429;-1.5505476;1.4255059|-0.35041299;-1.4653389;0.66144109;1.9993236|0.14172661;-0.035676401;-0.015862675;0.6915884|-3.0048842;-1.7936915;-2.9605303;-1.433445
soft_physics,B_ARG129,35,-43.75834274291992,-405.1421203613281,0.69014269;0.0078601195;0.30199715;3.0773808e-08,2.1042869;2.1511157;1.7879241;1.4485977,3.5473328;1.6553975;1.3671932;1.7367572,other;inactive;other;inactive,0.5,0.5,0.0,0.0,False,False,False,False,2,0.5247767567634583,0.498043030500412,False,40.91066360473633,other;other,2.4986598;0.061475538;-2.1142547;0.78618085|-0.01482983;0.32964373;2.4880841;-0.92084992|-1.2568169;0.090358756;2.7535501;0.7820636|-1.7680198;-0.58443749;2.4697392;-1.3918279
soft_physics,B_ARG129,36,-24.927053451538086,-404.9184265136719,1.1130162e-09;0.61530334;0.3846966;8.7306224e-09,1.9817786;0.80548;2.0157778;1.8757125,2.4033701;2.1535478;2.0687039;1.7827229,inactive;A;other;inactive,0.5,0.5,0.6153033375740051,0.0,True,False,False,False,2,2.2647087574005127,0.2614562511444092,False,85.92486572265625,A;other,0.43464184;-0.24504721;-2.9771178;2.845243|-0.11302188;0.37320119;-1.1908395;-1.2061721|-1.7241577;0.23447953;2.4691219;0.30733594|2.7315063;-0.9031176;-0.15388092;0.88495111
soft_physics,B_ARG129,37,-43.24658203125,-403.5270080566406,0.3265799;0.0013989046;0.45540091;0.21662028,0.79767621;3.3108232;2.3250568;1.8190598,2.1530125;2.4674392;3.4630034;1.3891101,A;inactive;other;other,0.5,0.5,0.32657989859580994,0.0,True,False,False,False,3,0.19764235615730286,0.40019527077674866,False,85.11762237548828,A;other;other,-0.12743889;0.35983652;-1.1764431;-1.1920791|-1.0738194;2.9774234;0.35722452;0.63432795|-3.0485935;1.1278802;-0.46127495;0.67735368|-1.2906344;0.088969976;2.8298707;0.83623534
soft_physics,B_ARG129,38,-85.48146057128906,-364.8331604003906,0.083899386;0.61981225;0.29628763;7.3704319e-07,2.0805125;2.7786024;2.3057919;2.1014814,2.145874;3.9285951;1.746462;2.1470835,other;other;other;inactive,0.5,0.5,0.0,0.0,False,False,False,False,3,0.6540140509605408,0.4261931777000427,False,79.00099182128906,other;other;other,-2.9850888;-1.7768879;-2.9448242;-1.4692568|1.2665472;2.7256956;-1.9636376;-1.733961|-1.1992745;-2.194463;-1.9035302;0.98905265|-3.1064184;-2.0396395;-3.1349607;-1.3887045
soft_physics,B_ARG129,39,-102.9987564086914,-406.0451965332031,0.67354035;0.20641074;0.11972577;0.00032317219,2.9596536;1.9966127;1.819548;2.1526806,3.9805822;2.5089588;1.3877895;2.2435641,other;other;other;inactive,0.5,0.5,0.0,0.0,False,False,False,False,3,0.10825317353010178,0.3952847123146057,False,74.96905517578125,other;other;other,1.9025148;2.1805437;-0.31440863;1.6019562|-0.44434088;-0.62754411;-1.5588431;2.9607921|-1.2926967;0.090658337;2.8300598;0.82377118|3.1107445;-1.9492224;-3.0823257;-1.104702
soft_physics,B_ARG129,40,-55.764949798583984,-405.1637268066406,0.40093228;4.6055155e-09;0.1369842;0.46208358,2.3097103;2.9785197;2.0168538;2.1463683,1.7165842;1.5812792;2.0740933;3.5210824,other;inactive;other;other,0.5,0.5,0.0,0.0,False,False,False,False,3,0.7538961172103882,0.2651650309562683,False,62.66694641113281,other;other;other,-0.68387741;1.8353885;-2.0249741;2.8618212|-1.7208141;2.8908141;-0.97324115;1.1378839|-1.72743;0.23450339;2.4702294;0.31128258|1.8763552;-0.93873769;-1.4539696;1.3872383
soft_physics,B_ARG129,41,-43.51763916015625,-405.0562744140625,0.22420269;0.69360036;0.082196936;9.7544826e-09,1.9996454;2.0359242;2.7057891;2.451978,2.0405083;3.5175037;1.292043;2.8026791,other;other;other;inactive,0.5,0.5,0.0,0.0,False,False,False,False,3,0.6389077305793762,0.21650634706020355,False,67.51081085205078,other;other;other,-1.662105;0.25037664;2.3736534;0.36200863|1.9045544;-0.54616523;-1.5160049;1.471782|-1.4148189;1.8322663;-1.8396438;0.030729463|2.6012499;-2.5517027;-2.4175839;1.4691519
soft_physics,B_ARG129,42,-55.14657211303711,-405.3753662109375,0.17757259;0.45368111;8.9928358e-07;0.36874533,1.9957259;2.6996667;1.7764158;2.3236167,2.0358989;3.6746244;1.2945576;3.4590516,other;other;inactive;other,0.5,0.5,0.0,0.0,False,False,False,False,3,0.19764235615730286,0.21194781363010406,False,65.85334777832031,other;other;other,-1.6532768;0.25110629;2.3647876;0.37708992|1.9773154;0.35825303;2.0469763;-1.6987265|-1.1722252;0.10032572;2.7033877;0.83758593|-3.0431499;1.1260306;-0.46415064;0.67229682
soft_physics,B_ARG129,43,-30.128807067871094,-268.34197998046875,0.16728555;0.17894453;0.30223328;0.35153669,2.0580058;2.2024267;0.48705634;0.80078757,2.1079504;2.3107271;2.2476335;2.1465056,other;other;A;A,0.5,0.5,0.6537699699401855,0.0,True,False,False,False,4,2.2434802055358887,0.405046284198761,False,81.67383575439453,other;other;A;A,-2.9265177;-1.7357839;-2.9132304;-1.5964915|3.0450242;-1.8514019;-1.8881199;1.5300659|-0.46423948;-0.99278885;1.6913307;-0.29279065|-0.20102561;0.31456074;-1.1653165;-1.1319515
soft_physics,B_ARG129,44,-34.474693298339844,-405.0052185058594,0.23537807;0.29721946;0.36333647;0.10406596,2.0346196;0.85816598;2.2033114;2.0815635,2.0968139;2.1046369;1.6554763;2.3927679,other;A;other;other,0.5,0.5,0.297219455242157,0.0,True,False,False,False,4,2.2556352615356445,0.2829807996749878,False,74.68215942382812,other;A;other;other,-1.785921;0.22520059;2.5599892;0.24637988|-0.6348446;0.099692084;-1.0455573;-0.88360804|-0.11312918;0.38255194;2.6523283;-1.0099325|-0.67904168;-1.0236545;-1.2365801;2.436703
soft_physics,B_ARG129,45,-41.002986907958984,-403.3651123046875,0.68559647;2.5435574e-07;0.00016204412;0.3142412,2.147939;1.07743;2.0548031;1.788062,3.5272303;1.4359099;2.0945787;1.3618064,other;inactive;inactive;other,0.5,0.5,0.0,0.0,False,False,False,False,2,0.7342087626457214,0.5058254599571228,False,62.92124557495117,other;other,1.8660578;-0.93693662;-1.4490016;1.3916926|-0.99286747;-0.42601973;1.8468449;-0.97151023|-1.7660878;1.1377281;-0.91858935;-0.057805412|-1.2562801;0.091263697;2.7560313;0.77324814
soft_physics,B_ARG129,46,-33.434974670410156,-322.39794921875,7.8060125e-08;0.36103889;0.6389609;1.4898428e-07,3.0197186;1.7996334;0.4914149;2.8108802,3.225327;1.3654548;2.3164611;1.8637589,inactive;other;A;inactive,0.5,0.5,0.6389608979225159,0.0,True,False,False,False,2,1.299038052558899,0.469790518283844,False,41.903682708740234,other;A,-0.18723068;2.9274957;0.92243356;-1.8963449|-1.2650034;0.09426897;2.7761772;0.78253984|0.10768557;-0.046341959;0.010124611;0.7099188|-2.3048658;-2.3150485;0.21730033;-1.1110729
soft_physics,B_ARG129,47,-19.818578720092773,-280.74462890625,0.97977167;0.0092248283;0.000686371;0.010317075,1.1169207;2.468574;2.8339806;2.2229505,2.3891788;3.4487414;1.2300814;3.5792551,other;inactive;inactive;inactive,0.5,0.5,0.0,0.0,False,False,False,False,1,2.3213512897491455,3.4249773025512695,True,16.034879684448242,other,2.0101211;-0.62969315;1.7649723;0.39040494|-0.42800462;-1.5831286;0.76067621;1.9212778|-2.0259409;-2.8671095;-1.9790363;0.59716743|1.8687083;-1.3304896;-2.7773724;-0.75232273
soft_physics,B_ARG129,48,-47.89168167114258,-480.06396484375,1.2196384e-07;0.42565471;0.16534574;0.40899947,2.2677333;2.310719;2.1019237;0.48633882,2.3669822;1.7476276;2.1466377;2.3178897,inactive;other;other;A,0.5,0.5,0.4089994728565216,0.0,True,False,False,False,3,2.0577597618103027,0.4215855598449707,False,83.84171295166016,other;other;A,2.9955599;-1.6443933;-1.6580436;1.328591|-1.1924952;-2.2426651;-1.9240544;1.0413983|-3.0952735;-2.0192204;-3.1169512;-1.3847866|0.13760339;-0.047448713;0.00088845042;0.67334282
soft_physics,B_ARG129,49,-184.4961700439453,-365.52142333984375,0.89950758;0.10048407;1.7926276e-08;8.3352961e-06,3.0493407;1.7935367;2.7101195;2.2558138,3.2178881;1.358901;1.2897686;2.3490269,other;other;inactive;inactive,0.5,0.5,0.0,0.0,False,False,False,False,2,0.45714807510375977,0.4921254813671112,False,51.8851203918457,other;other,1.8102449;2.8209152;1.8850988;2.6801026|-1.2548398;0.093703829;2.7624273;0.78239399|-1.4210399;1.8079659;-1.8750874;0.072457917|3.0324304;-1.8051062;-1.7879645;1.4937673
