site,candidate,loss_total,loss_crystallographic,tmol_energy,vdw_penalty,rotamer_penalty,symmetry_clash_penalty
A_MET112,A,40.482791900634766,40.471439361572266,0.0,0.0,0.022702038288116455,0.0
A_MET112,B,40.10563278198242,39.97713851928711,0.0,0.07307106256484985,0.11084520816802979,0.0
A_MET112,learned,40.124629974365234,40.0142822265625,0.0,0.0,0.22069573402404785,0.0
A_ARG129,A,36.264652252197266,36.211761474609375,0.0,0.0,0.10577970743179321,0.0
A_ARG129,B,35.904293060302734,35.74652099609375,0.0,0.0,0.3155415654182434,0.0
A_ARG129,learned,36.04705810546875,35.82108688354492,0.0,0.00362088019028306,0.44470280408859253,0.0
B_MET112,A,37.46094512939453,37.44070816040039,0.0,0.0,0.04047662019729614,0.0
B_MET112,B,37.2655143737793,37.22296142578125,0.0,0.0,0.08510369062423706,0.0
B_MET112,learned,37.31319046020508,37.27487564086914,0.0,0.0,0.07663071155548096,0.0
