panel,site,ensembles,active_conformers,both_found_conventional,recovery_and_occupancy,all_active_strict_physical,occupancy_conditioned_all_active_strict_physical,assigned_pair_strict_joint_success,strict_joint_success,tmol_valid_conformers,canonical_conformers,clash_free_conformers
original5,3A1C_B_ARG447,50,119,47,45,34,34,44,34,96,118,119
original5,4C16_A_MET258,50,135,20,20,13,12,19,12,62,124,135
original5,6H59_B_ARG144,50,108,41,41,36,36,39,36,89,106,107
original5,7F72_A_MET103,50,126,45,38,2,2,5,2,56,126,126
original5,8Q6Q_B_ASP81,50,146,50,42,12,12,25,12,77,146,146
expanded13,1ZV8_E_ASN1,50,185,1,0,0,0,0,0,10,185,185
expanded13,2V05_A_HIS168,50,146,22,22,6,6,21,6,53,144,146
expanded13,3GMI_A_GLU5,50,106,41,41,36,33,39,33,89,105,106
expanded13,3K8W_A_SER337,50,141,50,50,16,16,50,16,100,141,141
expanded13,3NY7_B_LYS19,50,124,48,47,24,24,38,24,87,120,124
expanded13,4MKM_A_THR77,50,131,50,50,22,22,50,22,100,131,131
expanded13,5DBA_A_TRP325,50,119,37,37,27,23,37,23,85,115,116
expanded13,5KWB_A_PHE591,50,108,49,49,41,40,49,40,99,108,108
expanded13,5Z8H_A_MET730,50,94,16,16,14,1,1,1,39,89,94
expanded13,6Y4G_B_CYS260,50,108,50,50,42,42,50,42,100,108,108
expanded13,7T7A_A_LEU396,50,121,44,41,30,30,34,30,83,120,121
expanded13,8DJ2_A_VAL893,50,148,50,50,18,18,50,18,100,148,148
expanded13,8FBE_B_ILE92,50,103,49,49,46,46,49,46,99,103,103
water2,2VFP_A_TYR417,50,101,14,8,17,7,8,7,53,72,69
water2,7UO8_A_GLN53,50,119,18,18,15,15,18,15,57,114,119
