site,source_audit_root,optimizer_physics_environment_rule,five_site_optimizer_sha256,clash_environment_sha256,all_source_sha256_json,replacement_site
3A1C_B_ARG447,/home/dev/qfit_unet_data/density_denoiser/heldout_eighteen_synthetic_water_minstate_v2/audit/original5,2026-07-24-altloc-minstate-water-minstate-v2,367acfaba8f6d0da660fac45ace5c0c696f705bbdb05b60d2072b8724b87cbd6,ae5940329de4ccc1d1f729f1eb0004ad607152bc347bc8e92636a0a512ab44df,"{""/home/dev/workspace/density_denoiser/audit_five_site_endpoints.py"":""6002c5e0763b79c93ecea07a43d316fb3600c2068e6749c42555ab23d96e0cb1"",""/home/dev/workspace/density_denoiser/clash_environment.py"":""ae5940329de4ccc1d1f729f1eb0004ad607152bc347bc8e92636a0a512ab44df"",""/home/dev/workspace/density_denoiser/five_site_optimizer.py"":""367acfaba8f6d0da660fac45ace5c0c696f705bbdb05b60d2072b8724b87cbd6"",""/home/dev/workspace/density_denoiser/residue_geometry.py"":""2e6d2b57338e464928024f69d704968aa78cba0f83fc0ea382782b8add06c2b4"",""/home/dev/workspace/five_site_tmol_audit.py"":""fd13c8f494e16ce8909e1f3202bef5510c4da85fc06f73162f1d0b5e2d9c5c8d""}",False
4C16_A_MET258,/home/dev/qfit_unet_data/density_denoiser/heldout_eighteen_synthetic_water_minstate_v2/audit/original5,2026-07-24-altloc-minstate-water-minstate-v2,367acfaba8f6d0da660fac45ace5c0c696f705bbdb05b60d2072b8724b87cbd6,ae5940329de4ccc1d1f729f1eb0004ad607152bc347bc8e92636a0a512ab44df,"{""/home/dev/workspace/density_denoiser/audit_five_site_endpoints.py"":""6002c5e0763b79c93ecea07a43d316fb3600c2068e6749c42555ab23d96e0cb1"",""/home/dev/workspace/density_denoiser/clash_environment.py"":""ae5940329de4ccc1d1f729f1eb0004ad607152bc347bc8e92636a0a512ab44df"",""/home/dev/workspace/density_denoiser/five_site_optimizer.py"":""367acfaba8f6d0da660fac45ace5c0c696f705bbdb05b60d2072b8724b87cbd6"",""/home/dev/workspace/density_denoiser/residue_geometry.py"":""2e6d2b57338e464928024f69d704968aa78cba0f83fc0ea382782b8add06c2b4"",""/home/dev/workspace/five_site_tmol_audit.py"":""fd13c8f494e16ce8909e1f3202bef5510c4da85fc06f73162f1d0b5e2d9c5c8d""}",False
6H59_B_ARG144,/home/dev/qfit_unet_data/density_denoiser/heldout_eighteen_synthetic_water_minstate_v2/audit/original5,2026-07-24-altloc-minstate-water-minstate-v2,367acfaba8f6d0da660fac45ace5c0c696f705bbdb05b60d2072b8724b87cbd6,ae5940329de4ccc1d1f729f1eb0004ad607152bc347bc8e92636a0a512ab44df,"{""/home/dev/workspace/density_denoiser/audit_five_site_endpoints.py"":""6002c5e0763b79c93ecea07a43d316fb3600c2068e6749c42555ab23d96e0cb1"",""/home/dev/workspace/density_denoiser/clash_environment.py"":""ae5940329de4ccc1d1f729f1eb0004ad607152bc347bc8e92636a0a512ab44df"",""/home/dev/workspace/density_denoiser/five_site_optimizer.py"":""367acfaba8f6d0da660fac45ace5c0c696f705bbdb05b60d2072b8724b87cbd6"",""/home/dev/workspace/density_denoiser/residue_geometry.py"":""2e6d2b57338e464928024f69d704968aa78cba0f83fc0ea382782b8add06c2b4"",""/home/dev/workspace/five_site_tmol_audit.py"":""fd13c8f494e16ce8909e1f3202bef5510c4da85fc06f73162f1d0b5e2d9c5c8d""}",False
7F72_A_MET103,/home/dev/qfit_unet_data/density_denoiser/heldout_eighteen_synthetic_water_minstate_v2/audit/original5,2026-07-24-altloc-minstate-water-minstate-v2,367acfaba8f6d0da660fac45ace5c0c696f705bbdb05b60d2072b8724b87cbd6,ae5940329de4ccc1d1f729f1eb0004ad607152bc347bc8e92636a0a512ab44df,"{""/home/dev/workspace/density_denoiser/audit_five_site_endpoints.py"":""6002c5e0763b79c93ecea07a43d316fb3600c2068e6749c42555ab23d96e0cb1"",""/home/dev/workspace/density_denoiser/clash_environment.py"":""ae5940329de4ccc1d1f729f1eb0004ad607152bc347bc8e92636a0a512ab44df"",""/home/dev/workspace/density_denoiser/five_site_optimizer.py"":""367acfaba8f6d0da660fac45ace5c0c696f705bbdb05b60d2072b8724b87cbd6"",""/home/dev/workspace/density_denoiser/residue_geometry.py"":""2e6d2b57338e464928024f69d704968aa78cba0f83fc0ea382782b8add06c2b4"",""/home/dev/workspace/five_site_tmol_audit.py"":""fd13c8f494e16ce8909e1f3202bef5510c4da85fc06f73162f1d0b5e2d9c5c8d""}",False
8Q6Q_B_ASP81,/home/dev/qfit_unet_data/density_denoiser/heldout_eighteen_synthetic_water_minstate_v2/audit/original5,2026-07-24-altloc-minstate-water-minstate-v2,367acfaba8f6d0da660fac45ace5c0c696f705bbdb05b60d2072b8724b87cbd6,ae5940329de4ccc1d1f729f1eb0004ad607152bc347bc8e92636a0a512ab44df,"{""/home/dev/workspace/density_denoiser/audit_five_site_endpoints.py"":""6002c5e0763b79c93ecea07a43d316fb3600c2068e6749c42555ab23d96e0cb1"",""/home/dev/workspace/density_denoiser/clash_environment.py"":""ae5940329de4ccc1d1f729f1eb0004ad607152bc347bc8e92636a0a512ab44df"",""/home/dev/workspace/density_denoiser/five_site_optimizer.py"":""367acfaba8f6d0da660fac45ace5c0c696f705bbdb05b60d2072b8724b87cbd6"",""/home/dev/workspace/density_denoiser/residue_geometry.py"":""2e6d2b57338e464928024f69d704968aa78cba0f83fc0ea382782b8add06c2b4"",""/home/dev/workspace/five_site_tmol_audit.py"":""fd13c8f494e16ce8909e1f3202bef5510c4da85fc06f73162f1d0b5e2d9c5c8d""}",False
1ZV8_E_ASN1,/home/dev/qfit_unet_data/density_denoiser/heldout_eighteen_synthetic_water_minstate_v2/audit/expanded15,2026-07-24-altloc-minstate-water-minstate-v2,367acfaba8f6d0da660fac45ace5c0c696f705bbdb05b60d2072b8724b87cbd6,ae5940329de4ccc1d1f729f1eb0004ad607152bc347bc8e92636a0a512ab44df,"{""/home/dev/workspace/density_denoiser/audit_five_site_endpoints.py"":""6002c5e0763b79c93ecea07a43d316fb3600c2068e6749c42555ab23d96e0cb1"",""/home/dev/workspace/density_denoiser/clash_environment.py"":""ae5940329de4ccc1d1f729f1eb0004ad607152bc347bc8e92636a0a512ab44df"",""/home/dev/workspace/density_denoiser/five_site_optimizer.py"":""367acfaba8f6d0da660fac45ace5c0c696f705bbdb05b60d2072b8724b87cbd6"",""/home/dev/workspace/density_denoiser/residue_geometry.py"":""2e6d2b57338e464928024f69d704968aa78cba0f83fc0ea382782b8add06c2b4"",""/home/dev/workspace/five_site_tmol_audit.py"":""fd13c8f494e16ce8909e1f3202bef5510c4da85fc06f73162f1d0b5e2d9c5c8d""}",False
2V05_A_HIS168,/home/dev/qfit_unet_data/density_denoiser/heldout_eighteen_synthetic_water_minstate_v2/audit/expanded15,2026-07-24-altloc-minstate-water-minstate-v2,367acfaba8f6d0da660fac45ace5c0c696f705bbdb05b60d2072b8724b87cbd6,ae5940329de4ccc1d1f729f1eb0004ad607152bc347bc8e92636a0a512ab44df,"{""/home/dev/workspace/density_denoiser/audit_five_site_endpoints.py"":""6002c5e0763b79c93ecea07a43d316fb3600c2068e6749c42555ab23d96e0cb1"",""/home/dev/workspace/density_denoiser/clash_environment.py"":""ae5940329de4ccc1d1f729f1eb0004ad607152bc347bc8e92636a0a512ab44df"",""/home/dev/workspace/density_denoiser/five_site_optimizer.py"":""367acfaba8f6d0da660fac45ace5c0c696f705bbdb05b60d2072b8724b87cbd6"",""/home/dev/workspace/density_denoiser/residue_geometry.py"":""2e6d2b57338e464928024f69d704968aa78cba0f83fc0ea382782b8add06c2b4"",""/home/dev/workspace/five_site_tmol_audit.py"":""fd13c8f494e16ce8909e1f3202bef5510c4da85fc06f73162f1d0b5e2d9c5c8d""}",False
3GMI_A_GLU5,/home/dev/qfit_unet_data/density_denoiser/heldout_eighteen_synthetic_water_minstate_v2/audit/expanded15,2026-07-24-altloc-minstate-water-minstate-v2,367acfaba8f6d0da660fac45ace5c0c696f705bbdb05b60d2072b8724b87cbd6,ae5940329de4ccc1d1f729f1eb0004ad607152bc347bc8e92636a0a512ab44df,"{""/home/dev/workspace/density_denoiser/audit_five_site_endpoints.py"":""6002c5e0763b79c93ecea07a43d316fb3600c2068e6749c42555ab23d96e0cb1"",""/home/dev/workspace/density_denoiser/clash_environment.py"":""ae5940329de4ccc1d1f729f1eb0004ad607152bc347bc8e92636a0a512ab44df"",""/home/dev/workspace/density_denoiser/five_site_optimizer.py"":""367acfaba8f6d0da660fac45ace5c0c696f705bbdb05b60d2072b8724b87cbd6"",""/home/dev/workspace/density_denoiser/residue_geometry.py"":""2e6d2b57338e464928024f69d704968aa78cba0f83fc0ea382782b8add06c2b4"",""/home/dev/workspace/five_site_tmol_audit.py"":""fd13c8f494e16ce8909e1f3202bef5510c4da85fc06f73162f1d0b5e2d9c5c8d""}",False
3K8W_A_SER337,/home/dev/qfit_unet_data/density_denoiser/heldout_eighteen_synthetic_water_minstate_v2/audit/expanded15,2026-07-24-altloc-minstate-water-minstate-v2,367acfaba8f6d0da660fac45ace5c0c696f705bbdb05b60d2072b8724b87cbd6,ae5940329de4ccc1d1f729f1eb0004ad607152bc347bc8e92636a0a512ab44df,"{""/home/dev/workspace/density_denoiser/audit_five_site_endpoints.py"":""6002c5e0763b79c93ecea07a43d316fb3600c2068e6749c42555ab23d96e0cb1"",""/home/dev/workspace/density_denoiser/clash_environment.py"":""ae5940329de4ccc1d1f729f1eb0004ad607152bc347bc8e92636a0a512ab44df"",""/home/dev/workspace/density_denoiser/five_site_optimizer.py"":""367acfaba8f6d0da660fac45ace5c0c696f705bbdb05b60d2072b8724b87cbd6"",""/home/dev/workspace/density_denoiser/residue_geometry.py"":""2e6d2b57338e464928024f69d704968aa78cba0f83fc0ea382782b8add06c2b4"",""/home/dev/workspace/five_site_tmol_audit.py"":""fd13c8f494e16ce8909e1f3202bef5510c4da85fc06f73162f1d0b5e2d9c5c8d""}",False
3NY7_B_LYS19,/home/dev/qfit_unet_data/density_denoiser/heldout_eighteen_synthetic_water_minstate_v2/audit/expanded15,2026-07-24-altloc-minstate-water-minstate-v2,367acfaba8f6d0da660fac45ace5c0c696f705bbdb05b60d2072b8724b87cbd6,ae5940329de4ccc1d1f729f1eb0004ad607152bc347bc8e92636a0a512ab44df,"{""/home/dev/workspace/density_denoiser/audit_five_site_endpoints.py"":""6002c5e0763b79c93ecea07a43d316fb3600c2068e6749c42555ab23d96e0cb1"",""/home/dev/workspace/density_denoiser/clash_environment.py"":""ae5940329de4ccc1d1f729f1eb0004ad607152bc347bc8e92636a0a512ab44df"",""/home/dev/workspace/density_denoiser/five_site_optimizer.py"":""367acfaba8f6d0da660fac45ace5c0c696f705bbdb05b60d2072b8724b87cbd6"",""/home/dev/workspace/density_denoiser/residue_geometry.py"":""2e6d2b57338e464928024f69d704968aa78cba0f83fc0ea382782b8add06c2b4"",""/home/dev/workspace/five_site_tmol_audit.py"":""fd13c8f494e16ce8909e1f3202bef5510c4da85fc06f73162f1d0b5e2d9c5c8d""}",False
4MKM_A_THR77,/home/dev/qfit_unet_data/density_denoiser/heldout_eighteen_synthetic_water_minstate_v2/audit/expanded15,2026-07-24-altloc-minstate-water-minstate-v2,367acfaba8f6d0da660fac45ace5c0c696f705bbdb05b60d2072b8724b87cbd6,ae5940329de4ccc1d1f729f1eb0004ad607152bc347bc8e92636a0a512ab44df,"{""/home/dev/workspace/density_denoiser/audit_five_site_endpoints.py"":""6002c5e0763b79c93ecea07a43d316fb3600c2068e6749c42555ab23d96e0cb1"",""/home/dev/workspace/density_denoiser/clash_environment.py"":""ae5940329de4ccc1d1f729f1eb0004ad607152bc347bc8e92636a0a512ab44df"",""/home/dev/workspace/density_denoiser/five_site_optimizer.py"":""367acfaba8f6d0da660fac45ace5c0c696f705bbdb05b60d2072b8724b87cbd6"",""/home/dev/workspace/density_denoiser/residue_geometry.py"":""2e6d2b57338e464928024f69d704968aa78cba0f83fc0ea382782b8add06c2b4"",""/home/dev/workspace/five_site_tmol_audit.py"":""fd13c8f494e16ce8909e1f3202bef5510c4da85fc06f73162f1d0b5e2d9c5c8d""}",False
5DBA_A_TRP325,/home/dev/qfit_unet_data/density_denoiser/heldout_eighteen_synthetic_water_minstate_v2/audit/expanded15,2026-07-24-altloc-minstate-water-minstate-v2,367acfaba8f6d0da660fac45ace5c0c696f705bbdb05b60d2072b8724b87cbd6,ae5940329de4ccc1d1f729f1eb0004ad607152bc347bc8e92636a0a512ab44df,"{""/home/dev/workspace/density_denoiser/audit_five_site_endpoints.py"":""6002c5e0763b79c93ecea07a43d316fb3600c2068e6749c42555ab23d96e0cb1"",""/home/dev/workspace/density_denoiser/clash_environment.py"":""ae5940329de4ccc1d1f729f1eb0004ad607152bc347bc8e92636a0a512ab44df"",""/home/dev/workspace/density_denoiser/five_site_optimizer.py"":""367acfaba8f6d0da660fac45ace5c0c696f705bbdb05b60d2072b8724b87cbd6"",""/home/dev/workspace/density_denoiser/residue_geometry.py"":""2e6d2b57338e464928024f69d704968aa78cba0f83fc0ea382782b8add06c2b4"",""/home/dev/workspace/five_site_tmol_audit.py"":""fd13c8f494e16ce8909e1f3202bef5510c4da85fc06f73162f1d0b5e2d9c5c8d""}",False
5KWB_A_PHE591,/home/dev/qfit_unet_data/density_denoiser/heldout_eighteen_synthetic_water_minstate_v2/audit/expanded15,2026-07-24-altloc-minstate-water-minstate-v2,367acfaba8f6d0da660fac45ace5c0c696f705bbdb05b60d2072b8724b87cbd6,ae5940329de4ccc1d1f729f1eb0004ad607152bc347bc8e92636a0a512ab44df,"{""/home/dev/workspace/density_denoiser/audit_five_site_endpoints.py"":""6002c5e0763b79c93ecea07a43d316fb3600c2068e6749c42555ab23d96e0cb1"",""/home/dev/workspace/density_denoiser/clash_environment.py"":""ae5940329de4ccc1d1f729f1eb0004ad607152bc347bc8e92636a0a512ab44df"",""/home/dev/workspace/density_denoiser/five_site_optimizer.py"":""367acfaba8f6d0da660fac45ace5c0c696f705bbdb05b60d2072b8724b87cbd6"",""/home/dev/workspace/density_denoiser/residue_geometry.py"":""2e6d2b57338e464928024f69d704968aa78cba0f83fc0ea382782b8add06c2b4"",""/home/dev/workspace/five_site_tmol_audit.py"":""fd13c8f494e16ce8909e1f3202bef5510c4da85fc06f73162f1d0b5e2d9c5c8d""}",False
5Z8H_A_MET730,/home/dev/qfit_unet_data/density_denoiser/heldout_eighteen_synthetic_water_minstate_v2/audit/expanded15,2026-07-24-altloc-minstate-water-minstate-v2,367acfaba8f6d0da660fac45ace5c0c696f705bbdb05b60d2072b8724b87cbd6,ae5940329de4ccc1d1f729f1eb0004ad607152bc347bc8e92636a0a512ab44df,"{""/home/dev/workspace/density_denoiser/audit_five_site_endpoints.py"":""6002c5e0763b79c93ecea07a43d316fb3600c2068e6749c42555ab23d96e0cb1"",""/home/dev/workspace/density_denoiser/clash_environment.py"":""ae5940329de4ccc1d1f729f1eb0004ad607152bc347bc8e92636a0a512ab44df"",""/home/dev/workspace/density_denoiser/five_site_optimizer.py"":""367acfaba8f6d0da660fac45ace5c0c696f705bbdb05b60d2072b8724b87cbd6"",""/home/dev/workspace/density_denoiser/residue_geometry.py"":""2e6d2b57338e464928024f69d704968aa78cba0f83fc0ea382782b8add06c2b4"",""/home/dev/workspace/five_site_tmol_audit.py"":""fd13c8f494e16ce8909e1f3202bef5510c4da85fc06f73162f1d0b5e2d9c5c8d""}",False
6Y4G_B_CYS260,/home/dev/qfit_unet_data/density_denoiser/heldout_eighteen_synthetic_water_minstate_v2/audit/expanded15,2026-07-24-altloc-minstate-water-minstate-v2,367acfaba8f6d0da660fac45ace5c0c696f705bbdb05b60d2072b8724b87cbd6,ae5940329de4ccc1d1f729f1eb0004ad607152bc347bc8e92636a0a512ab44df,"{""/home/dev/workspace/density_denoiser/audit_five_site_endpoints.py"":""6002c5e0763b79c93ecea07a43d316fb3600c2068e6749c42555ab23d96e0cb1"",""/home/dev/workspace/density_denoiser/clash_environment.py"":""ae5940329de4ccc1d1f729f1eb0004ad607152bc347bc8e92636a0a512ab44df"",""/home/dev/workspace/density_denoiser/five_site_optimizer.py"":""367acfaba8f6d0da660fac45ace5c0c696f705bbdb05b60d2072b8724b87cbd6"",""/home/dev/workspace/density_denoiser/residue_geometry.py"":""2e6d2b57338e464928024f69d704968aa78cba0f83fc0ea382782b8add06c2b4"",""/home/dev/workspace/five_site_tmol_audit.py"":""fd13c8f494e16ce8909e1f3202bef5510c4da85fc06f73162f1d0b5e2d9c5c8d""}",False
7T7A_A_LEU396,/home/dev/qfit_unet_data/density_denoiser/heldout_eighteen_synthetic_water_minstate_v2/audit/expanded15,2026-07-24-altloc-minstate-water-minstate-v2,367acfaba8f6d0da660fac45ace5c0c696f705bbdb05b60d2072b8724b87cbd6,ae5940329de4ccc1d1f729f1eb0004ad607152bc347bc8e92636a0a512ab44df,"{""/home/dev/workspace/density_denoiser/audit_five_site_endpoints.py"":""6002c5e0763b79c93ecea07a43d316fb3600c2068e6749c42555ab23d96e0cb1"",""/home/dev/workspace/density_denoiser/clash_environment.py"":""ae5940329de4ccc1d1f729f1eb0004ad607152bc347bc8e92636a0a512ab44df"",""/home/dev/workspace/density_denoiser/five_site_optimizer.py"":""367acfaba8f6d0da660fac45ace5c0c696f705bbdb05b60d2072b8724b87cbd6"",""/home/dev/workspace/density_denoiser/residue_geometry.py"":""2e6d2b57338e464928024f69d704968aa78cba0f83fc0ea382782b8add06c2b4"",""/home/dev/workspace/five_site_tmol_audit.py"":""fd13c8f494e16ce8909e1f3202bef5510c4da85fc06f73162f1d0b5e2d9c5c8d""}",False
8DJ2_A_VAL893,/home/dev/qfit_unet_data/density_denoiser/heldout_eighteen_synthetic_water_minstate_v2/audit/expanded15,2026-07-24-altloc-minstate-water-minstate-v2,367acfaba8f6d0da660fac45ace5c0c696f705bbdb05b60d2072b8724b87cbd6,ae5940329de4ccc1d1f729f1eb0004ad607152bc347bc8e92636a0a512ab44df,"{""/home/dev/workspace/density_denoiser/audit_five_site_endpoints.py"":""6002c5e0763b79c93ecea07a43d316fb3600c2068e6749c42555ab23d96e0cb1"",""/home/dev/workspace/density_denoiser/clash_environment.py"":""ae5940329de4ccc1d1f729f1eb0004ad607152bc347bc8e92636a0a512ab44df"",""/home/dev/workspace/density_denoiser/five_site_optimizer.py"":""367acfaba8f6d0da660fac45ace5c0c696f705bbdb05b60d2072b8724b87cbd6"",""/home/dev/workspace/density_denoiser/residue_geometry.py"":""2e6d2b57338e464928024f69d704968aa78cba0f83fc0ea382782b8add06c2b4"",""/home/dev/workspace/five_site_tmol_audit.py"":""fd13c8f494e16ce8909e1f3202bef5510c4da85fc06f73162f1d0b5e2d9c5c8d""}",False
8FBE_B_ILE92,/home/dev/qfit_unet_data/density_denoiser/heldout_eighteen_synthetic_water_minstate_v2/audit/expanded15,2026-07-24-altloc-minstate-water-minstate-v2,367acfaba8f6d0da660fac45ace5c0c696f705bbdb05b60d2072b8724b87cbd6,ae5940329de4ccc1d1f729f1eb0004ad607152bc347bc8e92636a0a512ab44df,"{""/home/dev/workspace/density_denoiser/audit_five_site_endpoints.py"":""6002c5e0763b79c93ecea07a43d316fb3600c2068e6749c42555ab23d96e0cb1"",""/home/dev/workspace/density_denoiser/clash_environment.py"":""ae5940329de4ccc1d1f729f1eb0004ad607152bc347bc8e92636a0a512ab44df"",""/home/dev/workspace/density_denoiser/five_site_optimizer.py"":""367acfaba8f6d0da660fac45ace5c0c696f705bbdb05b60d2072b8724b87cbd6"",""/home/dev/workspace/density_denoiser/residue_geometry.py"":""2e6d2b57338e464928024f69d704968aa78cba0f83fc0ea382782b8add06c2b4"",""/home/dev/workspace/five_site_tmol_audit.py"":""fd13c8f494e16ce8909e1f3202bef5510c4da85fc06f73162f1d0b5e2d9c5c8d""}",False
2VFP_A_TYR417,/home/dev/qfit_unet_data/density_denoiser/heldout_7uo8_2vfp_water_minstate_v1/audit,2026-07-24-altloc-minstate-water-minstate-v2,367acfaba8f6d0da660fac45ace5c0c696f705bbdb05b60d2072b8724b87cbd6,ae5940329de4ccc1d1f729f1eb0004ad607152bc347bc8e92636a0a512ab44df,"{""/home/dev/workspace/density_denoiser/audit_five_site_endpoints.py"":""6002c5e0763b79c93ecea07a43d316fb3600c2068e6749c42555ab23d96e0cb1"",""/home/dev/workspace/density_denoiser/clash_environment.py"":""ae5940329de4ccc1d1f729f1eb0004ad607152bc347bc8e92636a0a512ab44df"",""/home/dev/workspace/density_denoiser/five_site_optimizer.py"":""367acfaba8f6d0da660fac45ace5c0c696f705bbdb05b60d2072b8724b87cbd6"",""/home/dev/workspace/density_denoiser/residue_geometry.py"":""2e6d2b57338e464928024f69d704968aa78cba0f83fc0ea382782b8add06c2b4"",""/home/dev/workspace/five_site_tmol_audit.py"":""fd13c8f494e16ce8909e1f3202bef5510c4da85fc06f73162f1d0b5e2d9c5c8d""}",True
7UO8_A_GLN53,/home/dev/qfit_unet_data/density_denoiser/heldout_7uo8_2vfp_water_minstate_v1/audit,2026-07-24-altloc-minstate-water-minstate-v2,367acfaba8f6d0da660fac45ace5c0c696f705bbdb05b60d2072b8724b87cbd6,ae5940329de4ccc1d1f729f1eb0004ad607152bc347bc8e92636a0a512ab44df,"{""/home/dev/workspace/density_denoiser/audit_five_site_endpoints.py"":""6002c5e0763b79c93ecea07a43d316fb3600c2068e6749c42555ab23d96e0cb1"",""/home/dev/workspace/density_denoiser/clash_environment.py"":""ae5940329de4ccc1d1f729f1eb0004ad607152bc347bc8e92636a0a512ab44df"",""/home/dev/workspace/density_denoiser/five_site_optimizer.py"":""367acfaba8f6d0da660fac45ace5c0c696f705bbdb05b60d2072b8724b87cbd6"",""/home/dev/workspace/density_denoiser/residue_geometry.py"":""2e6d2b57338e464928024f69d704968aa78cba0f83fc0ea382782b8add06c2b4"",""/home/dev/workspace/five_site_tmol_audit.py"":""fd13c8f494e16ce8909e1f3202bef5510c4da85fc06f73162f1d0b5e2d9c5c8d""}",True
