site,site_label,coverage_margin,smallest_tested_error_exceeding_coverage_margin,decoy_at_threshold,margin_at_threshold,threshold_status,maximum_tested_error,maximum_tested_margin
1ZV8_E_ASN1,1ZV8,0.09533552038386806,0.41999999672174465,A0.75_B0.25,0.2569393423127396,observed_on_tested_grid,0.5699999967217446,0.4072691707761541
2V05_A_HIS168,2V05,0.12267751392757686,0.36000001430511475,A0.25_B0.75,0.1503174781941694,observed_on_tested_grid,0.36000001430511475,0.1503174781941694
2VFP_A_TYR417,2VFP,0.07077348499331226,0.48000000059604647,A0.90_B0.10,0.09427894241869017,observed_on_tested_grid,0.48000000059604647,0.09427894241869017
3A1C_B_ARG447,3A1C,0.23806988766610682,0.4600000023841858,A0.90_B0.10,0.3745639106999742,observed_on_tested_grid,0.4600000023841858,0.3745639106999742
3GMI_A_GLU5,3GMI,0.0405318720514537,0.26999999240040773,A0.50_B0.50,0.10806483565474911,observed_on_tested_grid,0.5199999924004077,0.38329922371484537
3K8W_A_SER337,3K8W,0.1136982999918481,,none_tested,,not_reached_on_tested_grid,0.3651162782638637,0.0754091198690533
3NY7_B_LYS19,3NY7,0.13033670111122786,0.450000011920929,A0.90_B0.10,0.1497737254977365,observed_on_tested_grid,0.450000011920929,0.1497737254977365
4C16_A_MET258,4C16,0.12940322881096966,0.3799999952316284,A0.75_B0.25,0.22095649395319106,observed_on_tested_grid,0.5299999952316284,0.36499688942609876
4MKM_A_THR77,4MKM,0.05192448870823496,0.48999999135732625,A0.90_B0.10,0.07956736652754226,observed_on_tested_grid,0.48999999135732625,0.07956736652754226
5DBA_A_TRP325,5DBA,0.12607177806686387,,none_tested,,not_reached_on_tested_grid,0.34999998807907107,0.08335122556309615
5KWB_A_PHE591,5KWB,0.04440212684004885,0.4600000023841858,A0.90_B0.10,0.050858485268775566,observed_on_tested_grid,0.4600000023841858,0.050858485268775566
5Z8H_A_MET730,5Z8H,0.009107923397160156,0.4700000071525572,A0.75_B0.25,0.02708210368303332,observed_on_tested_grid,0.6200000071525572,0.04648470880824396
6H59_B_ARG144,6H59,0.13821024033413432,,none_tested,,not_reached_on_tested_grid,0.4,0.09529935557514724
6Y4G_B_CYS260,6Y4G,0.1736653631047098,0.4607476739636027,A0.90_B0.10,0.23208981353291758,observed_on_tested_grid,0.4607476739636027,0.23208981353291758
7F72_A_MET103,7F72,0.02344093339977682,,none_tested,,not_reached_on_tested_grid,0.4199999964237212,0.01821581325766941
7T7A_A_LEU396,7T7A,0.10226078406962702,0.3700000047683716,A0.75_B0.25,0.13312229299119172,observed_on_tested_grid,0.5200000047683716,0.23524666424403273
7UO8_A_GLN53,7UO8,0.09619218773005234,0.41000000655651075,A0.75_B0.25,0.21854898595293926,observed_on_tested_grid,0.5600000065565107,0.35508057497047263
8DJ2_A_VAL893,8DJ2,0.03522996074245155,0.4100000065565107,A0.25_B0.75,0.05853755919392567,observed_on_tested_grid,0.4100000065565107,0.05853755919392567
8FBE_B_ILE92,8FBE,0.06221984874908493,0.3700000047683716,A0.75_B0.25,0.07055404202128157,observed_on_tested_grid,0.5200000047683716,0.13100194084633754
8Q6Q_B_ASP81,8Q6Q,0.16032931834847242,,none_tested,,not_reached_on_tested_grid,0.3300000071525574,0.1250770074279668
