site,start,n_steps,lr,init,langevin_noise,blur_schedule_fwhm_steps,final_loss,best_loss,final_rmsd_to_A,final_rmsd_to_B,best_rmsd_to_B,first_step_below_0_50,final_chi_radians
A_ARG129,0,300,1.0,random,0.0,4:100;2:100;0:100,3.0628867149353027,8.800471960057621e-07,3.774848699569702,3.496108055114746,0.003996686544269323,24,2.6161039;-3.0606897;2.1339321;-0.26170823
A_ARG129,1,300,1.0,random,0.0,4:100;2:100;0:100,2.530841112136841,0.0005579231074079871,3.258733034133911,3.3812410831451416,0.3393942415714264,92,-1.188512;2.9286044;-1.5574203;-0.094407603
A_ARG129,2,300,1.0,random,0.0,4:100;2:100;0:100,3.063349723815918,2.5242280798920547e-07,3.593799114227295,3.6947548389434814,0.0022759297862648964,10,2.6259139;-3.0912244;0.5033102;-0.29476631
A_ARG129,3,300,1.0,random,0.0,4:100;2:100;0:100,2.5316689014434814,9.82934466264851e-07,3.245687961578369,3.385265350341797,0.0045045847073197365,25,-1.1831278;2.8566575;-1.4949167;-0.024437036
A_ARG129,4,300,1.0,random,0.0,4:100;2:100;0:100,2.531856060028076,0.00037976750172674656,3.2404441833496094,3.256514310836792,0.022482825443148613,64,-1.1698219;2.9249926;-1.5891942;-1.0154514
A_ARG129,5,300,1.0,random,0.0,4:100;2:100;0:100,2.530839443206787,0.0007205267902463675,3.2459216117858887,3.3857200145721436,0.5931950807571411,,-1.1949812;2.9252195;-1.570761;0.048676852
A_ARG129,6,300,1.0,random,0.0,4:100;2:100;0:100,2.5310425758361816,9.96928065433167e-07,3.2550675868988037,3.2873923778533936,0.0060035758651793,42,-1.1863375;2.9449272;-1.607666;-0.87545019
A_ARG129,7,300,1.0,random,0.0,4:100;2:100;0:100,2.530823230743408,0.00019163501565344632,3.262829542160034,3.3799915313720703,0.02199653722345829,61,-1.1889508;2.9216466;-1.5693141;-0.19290757
A_ARG129,8,300,1.0,random,0.0,4:100;2:100;0:100,2.5309958457946777,0.0007645661244168878,3.2668051719665527,3.3166513442993164,0.032590851187705994,100,-1.2000778;2.939646;-1.5800993;-0.72403473
A_ARG129,9,300,1.0,random,0.0,4:100;2:100;0:100,3.062896728515625,3.3577052818145603e-06,3.7565035820007324,3.5121195316314697,0.009211006574332714,60,2.6076226;-3.0441263;1.971754;-0.30953971
A_ARG129,10,300,1.0,random,0.0,4:100;2:100;0:100,3.0629384517669678,2.4324301648448454e-06,3.720850944519043,3.5425479412078857,0.009272804483771324,37,2.6149282;-3.0578671;1.7217265;-0.31579572
A_ARG129,11,300,1.0,random,0.0,4:100;2:100;0:100,3.0634734630584717,1.8153676137444563e-05,3.5958688259124756,3.7101988792419434,0.029479756951332092,54,2.6318147;-3.0984018;-0.34408921;-0.33326602
A_ARG129,12,300,1.0,random,0.0,4:100;2:100;0:100,2.531240463256836,9.481753693307837e-08,3.274165391921997,3.3503706455230713,0.002897124271839857,12,-1.2059436;2.9276679;-1.5602605;-0.52261853
A_ARG129,13,300,1.0,random,0.0,4:100;2:100;0:100,2.530850887298584,0.0007194129284471273,3.260514259338379,3.3838143348693848,0.6149284243583679,,-1.1939758;2.9190114;-1.5695927;-0.14432439
A_ARG129,14,300,1.0,random,0.0,4:100;2:100;0:100,3.0628926753997803,1.6788944776635617e-06,3.7641336917877197,3.5047333240509033,0.008126847445964813,41,2.6073232;-3.0474062;2.0282834;-0.30641729
A_ARG129,15,300,1.0,random,0.0,4:100;2:100;0:100,3.0633082389831543,9.372365070703381e-07,3.5424013137817383,3.2562808990478516,0.004980006255209446,22,2.6072574;-3.0514214;-1.5543891;1.2610847
A_ARG129,16,300,1.0,random,0.0,4:100;2:100;0:100,3.06295108795166,0.00019509308913256973,3.7148852348327637,3.5471901893615723,0.10855980962514877,10,2.6135986;-3.0529459;1.6812563;-0.32571986
A_ARG129,17,300,1.0,random,0.0,4:100;2:100;0:100,3.062887668609619,5.5369300753227435e-06,3.7698018550872803,3.4903512001037598,0.017049510031938553,17,2.6172583;-3.0625134;2.0840056;-0.37085083
A_ARG129,18,300,1.0,random,0.0,4:100;2:100;0:100,2.530822277069092,0.0007205565925687551,3.2629497051239014,3.3793203830718994,0.6135326623916626,,-1.1885704;2.9252357;-1.5629702;-0.17684212
A_ARG129,19,300,1.0,random,0.0,4:100;2:100;0:100,2.5311553478240967,0.003781401552259922,3.261671781539917,3.306856870651245,0.09138853847980499,175,-1.2015039;2.9135177;-1.5669514;-0.80962563
A_ARG129,20,300,1.0,random,0.0,4:100;2:100;0:100,2.9130640029907227,0.00015260213695000857,3.1402220726013184,3.485924005508423,0.009190554730594158,59,-1.7982569;2.5366001;0.52860844;0.84581202
A_ARG129,21,300,1.0,random,0.0,4:100;2:100;0:100,3.088197946548462,3.632136940723285e-05,3.5012052059173584,2.932107925415039,0.007718241773545742,86,2.0090585;-3.0749769;-2.3005939;1.194084
A_ARG129,22,300,1.0,random,0.0,4:100;2:100;0:100,3.0629022121429443,3.313014985906193e-06,3.7745163440704346,3.492422103881836,0.008117645047605038,18,2.6131909;-3.0669105;2.1246557;-0.27941012
A_ARG129,23,300,1.0,random,0.0,4:100;2:100;0:100,3.0630221366882324,6.174140025905217e-07,3.6814124584198,3.5909340381622314,0.0061311437748372555,36,2.6206255;-3.0677102;1.441087;-0.23233449
A_ARG129,24,300,1.0,random,0.0,4:100;2:100;0:100,2.5313525199890137,4.030003765365109e-05,3.233431100845337,3.3870558738708496,0.00973485130816698,17,-1.1770663;2.9042485;-1.6071284;0.038835622
A_ARG129,25,300,1.0,random,0.0,4:100;2:100;0:100,3.0859484672546387,0.0001648257893975824,3.7385611534118652,3.530578374862671,0.16667601466178894,66,2.0538931;3.087219;-1.0521398;-0.22379686
A_ARG129,26,300,1.0,random,0.0,4:100;2:100;0:100,3.062889575958252,1.1134192391182296e-05,3.7761964797973633,3.489670515060425,0.021450016647577286,59,2.6076114;-3.0461421;2.1169059;-0.35992953
A_ARG129,27,300,1.0,random,0.0,4:100;2:100;0:100,3.062893867492676,3.914566696039401e-05,3.7594597339630127,3.506464958190918,0.056076135486364365,22,2.6173117;-3.0646186;2.0067267;-0.30343944
A_ARG129,28,300,1.0,random,0.0,4:100;2:100;0:100,2.5308127403259277,0.0007547648856416345,3.265587091445923,3.3770968914031982,0.6201815009117126,,-1.1895883;2.9212172;-1.560962;-0.23142955
A_ARG129,29,300,1.0,random,0.0,4:100;2:100;0:100,3.0858917236328125,1.6393477153542335e-07,3.7659754753112793,3.534752607345581,0.0017874129116535187,15,2.0566766;3.07865;0.41526502;-0.20311993
A_ARG129,30,300,1.0,random,0.0,4:100;2:100;0:100,2.5308220386505127,3.3659403015917633e-06,3.250792980194092,3.3830313682556152,0.01063171774148941,13,-1.1886145;2.9218695;-1.5502173;0.0018095976
A_ARG129,31,300,1.0,random,0.0,4:100;2:100;0:100,3.0804667472839355,3.9580561406182824e-07,3.4399404525756836,3.161742687225342,0.005272116977721453,25,-2.8244159;2.9711628;-2.0089049;1.3739147
A_ARG129,32,300,1.0,random,0.0,4:100;2:100;0:100,2.5311295986175537,2.274632151966216e-06,3.2310492992401123,3.3863158226013184,0.016220830380916595,68,-1.1810747;2.9293015;-1.6306442;0.086073294
A_ARG129,33,300,1.0,random,0.0,4:100;2:100;0:100,3.063286304473877,0.00023055025667417794,3.737740993499756,3.573145627975464,0.11483663320541382,87,2.6100783;-3.0521724;-1.6987724;-0.34678391
A_ARG129,34,300,1.0,random,0.0,4:100;2:100;0:100,2.53098726272583,4.479602284845896e-05,3.131643533706665,3.302854299545288,0.006990773603320122,115,-1.1856899;2.923383;-1.5519637;0.80063015
A_ARG129,35,300,1.0,random,0.0,4:100;2:100;0:100,3.085691452026367,2.0071377093699994e-06,3.5086100101470947,3.2197060585021973,0.007791471667587757,46,2.0602562;3.0782599;0.59908938;-1.3854514
A_ARG129,36,300,1.0,random,0.0,4:100;2:100;0:100,2.530817985534668,8.395912232117553e-08,3.262692451477051,3.3811709880828857,0.0013609433081001043,2,-1.1913903;2.919699;-1.5671779;-0.18307969
A_ARG129,37,300,1.0,random,0.0,4:100;2:100;0:100,2.530820369720459,1.3696946552954614e-05,3.2617571353912354,3.3814327716827393,0.028673386201262474,53,-1.1929873;2.9254177;-1.5545118;-0.12870163
A_ARG129,38,300,1.0,random,0.0,4:100;2:100;0:100,2.530831813812256,8.651993539388059e-07,3.2635509967803955,3.3786306381225586,0.005720101296901703,2,-1.1908013;2.9255958;-1.5380274;-0.13999456
A_ARG129,39,300,1.0,random,0.0,4:100;2:100;0:100,3.063066005706787,3.7154782717152557e-07,3.8270745277404785,3.4664406776428223,0.0031100455671548843,7,2.5948954;-3.0181446;2.5943303;-0.20163535
A_ARG129,40,300,1.0,random,0.0,4:100;2:100;0:100,2.5308141708374023,0.0007200855761766434,3.265690803527832,3.378061532974243,0.30528587102890015,14,-1.1924653;2.9272304;-1.55743;-0.1993345
A_ARG129,41,300,1.0,random,0.0,4:100;2:100;0:100,2.5308220386505127,4.0924478525994346e-06,3.246938467025757,3.3860995769500732,0.01086422335356474,39,-1.190483;2.9248652;-1.583007;0.010552386
A_ARG129,42,300,1.0,random,0.0,4:100;2:100;0:100,3.080166816711426,1.1213204516025144e-06,3.71045184135437,3.554600954055786,0.006929345894604921,27,-2.8551731;3.0151327;-2.7594311;-0.20581393
A_ARG129,43,300,1.0,random,0.0,4:100;2:100;0:100,3.063366174697876,9.287952593695081e-07,3.5914011001586914,3.6998279094696045,0.004394717514514923,23,2.627295;-3.092483;0.44259915;-0.29129741
A_ARG129,44,300,1.0,random,0.0,4:100;2:100;0:100,2.5308427810668945,5.4885581448615994e-06,3.242478609085083,3.380120277404785,0.015958186239004135,20,-1.1884676;2.9167702;-1.5253171;0.11050552
A_ARG129,45,300,1.0,random,0.0,4:100;2:100;0:100,3.0801620483398438,4.3967884266749024e-06,3.7149922847747803,3.551476240158081,0.009893346577882767,38,-2.8560171;3.0126622;-2.7349644;-0.2830829
A_ARG129,46,300,1.0,random,0.0,4:100;2:100;0:100,3.0634114742279053,0.0001777821162249893,3.5871388912200928,3.714840888977051,0.0965222492814064,47,2.62391;-3.0884664;0.19077584;-0.25188521
A_ARG129,47,300,1.0,random,0.0,4:100;2:100;0:100,2.5308444499969482,1.2950400218869618e-07,3.260411024093628,3.380080461502075,0.002420899923890829,4,-1.1868504;2.9205866;-1.5474501;-0.12836765
A_ARG129,48,300,1.0,random,0.0,4:100;2:100;0:100,2.5310606956481934,7.828469097148627e-05,3.091390371322632,3.264253854751587,0.00900594238191843,88,-1.1953263;2.9186897;-1.562953;0.99188083
A_ARG129,49,300,1.0,random,0.0,4:100;2:100;0:100,3.079822063446045,0.00026717717992141843,3.4856789112091064,3.6612069606781006,0.13821011781692505,85,-2.8386362;2.9811909;2.0181279;-0.24472123
