site,site_label,deposited_A_occupancy,deposited_B_occupancy,decoy,decoy_A_occupancy,decoy_B_occupancy,occupancy_error_A_fraction,decoy_rscc,correct_rscc,margin,coverage_margin
1ZV8_E_ASN1,1ZV8,0.33000000327825535,0.6699999967217446,A0.25_B0.75,0.25,0.75,0.08000000327825535,0.9918431628361931,1.0,0.008156837163806885,0.09533552038386806
1ZV8_E_ASN1,1ZV8,0.33000000327825535,0.6699999967217446,A0.50_B0.50,0.5,0.5,0.16999999672174465,0.9545459955636578,1.0,0.04545400443634218,0.09533552038386806
1ZV8_E_ASN1,1ZV8,0.33000000327825535,0.6699999967217446,A0.75_B0.25,0.75,0.25,0.41999999672174465,0.7430606576872604,1.0,0.2569393423127396,0.09533552038386806
1ZV8_E_ASN1,1ZV8,0.33000000327825535,0.6699999967217446,A0.90_B0.10,0.9,0.1,0.5699999967217446,0.5927308292238459,1.0,0.4072691707761541,0.09533552038386806
2V05_A_HIS168,2V05,0.6100000143051147,0.38999998569488525,A0.25_B0.75,0.25,0.75,0.36000001430511475,0.8496825218058306,1.0,0.1503174781941694,0.12267751392757686
2V05_A_HIS168,2V05,0.6100000143051147,0.38999998569488525,A0.50_B0.50,0.5,0.5,0.11000001430511475,0.9848339930908425,1.0,0.015166006909157481,0.12267751392757686
2V05_A_HIS168,2V05,0.6100000143051147,0.38999998569488525,A0.75_B0.25,0.75,0.25,0.13999998569488525,0.9787779223804012,1.0,0.021222077619598823,0.12267751392757686
2V05_A_HIS168,2V05,0.6100000143051147,0.38999998569488525,A0.90_B0.10,0.9,0.1,0.2899999856948853,0.9229306626551509,1.0,0.07706933734484911,0.12267751392757686
2VFP_A_TYR417,2VFP,0.41999999940395355,0.5800000005960465,A0.25_B0.75,0.25,0.75,0.16999999940395355,0.9870904195159903,0.9999999999999998,0.012909580484009475,0.07077348499331226
2VFP_A_TYR417,2VFP,0.41999999940395355,0.5800000005960465,A0.50_B0.50,0.5,0.5,0.08000000059604645,0.9970501086969061,0.9999999999999998,0.0029498913030936436,0.07077348499331226
2VFP_A_TYR417,2VFP,0.41999999940395355,0.5800000005960465,A0.75_B0.25,0.75,0.25,0.33000000059604645,0.9523803485009675,0.9999999999999998,0.047619651499032245,0.07077348499331226
2VFP_A_TYR417,2VFP,0.41999999940395355,0.5800000005960465,A0.90_B0.10,0.9,0.1,0.48000000059604647,0.9057210575813096,0.9999999999999998,0.09427894241869017,0.07077348499331226
3A1C_B_ARG447,3A1C,0.4399999976158142,0.5600000023841858,A0.25_B0.75,0.25,0.75,0.1899999976158142,0.9288170509453436,1.0000000000000002,0.07118294905465661,0.23806988766610682
3A1C_B_ARG447,3A1C,0.4399999976158142,0.5600000023841858,A0.50_B0.50,0.5,0.5,0.06000000238418579,0.9906169335307168,1.0000000000000002,0.009383066469283441,0.23806988766610682
3A1C_B_ARG447,3A1C,0.4399999976158142,0.5600000023841858,A0.75_B0.25,0.75,0.25,0.3100000023841858,0.7855485755330285,1.0000000000000002,0.21445142446697174,0.23806988766610682
3A1C_B_ARG447,3A1C,0.4399999976158142,0.5600000023841858,A0.90_B0.10,0.9,0.1,0.4600000023841858,0.625436089300026,1.0000000000000002,0.3745639106999742,0.23806988766610682
3GMI_A_GLU5,3GMI,0.7699999924004077,0.23000000759959233,A0.25_B0.75,0.25,0.75,0.5199999924004077,0.6167007762851546,1.0,0.38329922371484537,0.0405318720514537
3GMI_A_GLU5,3GMI,0.7699999924004077,0.23000000759959233,A0.50_B0.50,0.5,0.5,0.26999999240040773,0.8919351643452509,1.0,0.10806483565474911,0.0405318720514537
3GMI_A_GLU5,3GMI,0.7699999924004077,0.23000000759959233,A0.75_B0.25,0.75,0.25,0.01999999240040773,0.9995381448828387,1.0,0.0004618551171613472,0.0405318720514537
3GMI_A_GLU5,3GMI,0.7699999924004077,0.23000000759959233,A0.90_B0.10,0.9,0.1,0.1300000075995923,0.9846328963623454,1.0,0.015367103637654589,0.0405318720514537
3K8W_A_SER337,3K8W,0.5348837217361363,0.46511627826386365,A0.25_B0.75,0.25,0.75,0.2848837217361363,0.9492795843049945,0.9999999999999998,0.050720415695005294,0.1136982999918481
3K8W_A_SER337,3K8W,0.5348837217361363,0.46511627826386365,A0.50_B0.50,0.5,0.5,0.0348837217361363,0.9991972877216642,0.9999999999999998,0.0008027122783356155,0.1136982999918481
3K8W_A_SER337,3K8W,0.5348837217361363,0.46511627826386365,A0.75_B0.25,0.75,0.25,0.2151162782638637,0.9714051213703034,0.9999999999999998,0.02859487862969634,0.1136982999918481
3K8W_A_SER337,3K8W,0.5348837217361363,0.46511627826386365,A0.90_B0.10,0.9,0.1,0.3651162782638637,0.9245908801309465,0.9999999999999998,0.0754091198690533,0.1136982999918481
3NY7_B_LYS19,3NY7,0.44999998807907104,0.550000011920929,A0.25_B0.75,0.25,0.75,0.19999998807907104,0.968234197999313,0.9999999999999998,0.031765802000686794,0.13033670111122786
3NY7_B_LYS19,3NY7,0.44999998807907104,0.550000011920929,A0.50_B0.50,0.5,0.5,0.050000011920928955,0.9978207652391171,0.9999999999999998,0.0021792347608826645,0.13033670111122786
3NY7_B_LYS19,3NY7,0.44999998807907104,0.550000011920929,A0.75_B0.25,0.75,0.25,0.30000001192092896,0.9263485176894791,0.9999999999999998,0.07365148231052066,0.13033670111122786
3NY7_B_LYS19,3NY7,0.44999998807907104,0.550000011920929,A0.90_B0.10,0.9,0.1,0.450000011920929,0.8502262745022633,0.9999999999999998,0.1497737254977365,0.13033670111122786
4C16_A_MET258,4C16,0.3700000047683716,0.6299999952316284,A0.25_B0.75,0.25,0.75,0.12000000476837158,0.9801896438769684,1.0,0.019810356123031614,0.12940322881096966
4C16_A_MET258,4C16,0.3700000047683716,0.6299999952316284,A0.50_B0.50,0.5,0.5,0.12999999523162842,0.9715224327261234,1.0,0.028477567273876625,0.12940322881096966
4C16_A_MET258,4C16,0.3700000047683716,0.6299999952316284,A0.75_B0.25,0.75,0.25,0.3799999952316284,0.7790435060468089,1.0,0.22095649395319106,0.12940322881096966
4C16_A_MET258,4C16,0.3700000047683716,0.6299999952316284,A0.90_B0.10,0.9,0.1,0.5299999952316284,0.6350031105739012,1.0,0.36499688942609876,0.12940322881096966
4MKM_A_THR77,4MKM,0.4100000086426738,0.5899999913573263,A0.25_B0.75,0.25,0.75,0.16000000864267377,0.9912736587341207,0.9999999999999998,0.008726341265879123,0.05192448870823496
4MKM_A_THR77,4MKM,0.4100000086426738,0.5899999913573263,A0.50_B0.50,0.5,0.5,0.08999999135732623,0.9971243056781509,0.9999999999999998,0.002875694321848865,0.05192448870823496
4MKM_A_THR77,4MKM,0.4100000086426738,0.5899999913573263,A0.75_B0.25,0.75,0.25,0.3399999913573262,0.9599652832413202,0.9999999999999998,0.040034716758679534,0.05192448870823496
4MKM_A_THR77,4MKM,0.4100000086426738,0.5899999913573263,A0.90_B0.10,0.9,0.1,0.48999999135732625,0.9204326334724575,0.9999999999999998,0.07956736652754226,0.05192448870823496
5DBA_A_TRP325,5DBA,0.550000011920929,0.44999998807907104,A0.25_B0.75,0.25,0.75,0.30000001192092896,0.9303133447762892,1.0,0.06968665522371076,0.12607177806686387
5DBA_A_TRP325,5DBA,0.550000011920929,0.44999998807907104,A0.50_B0.50,0.5,0.5,0.050000011920928955,0.9979359790687163,1.0,0.002064020931283661,0.12607177806686387
5DBA_A_TRP325,5DBA,0.550000011920929,0.44999998807907104,A0.75_B0.25,0.75,0.25,0.19999998807907104,0.9696408876699499,1.0,0.030359112330050064,0.12607177806686387
5DBA_A_TRP325,5DBA,0.550000011920929,0.44999998807907104,A0.90_B0.10,0.9,0.1,0.34999998807907107,0.9166487744369038,1.0,0.08335122556309615,0.12607177806686387
5KWB_A_PHE591,5KWB,0.4399999976158142,0.5600000023841858,A0.25_B0.75,0.25,0.75,0.1899999976158142,0.9911140364344515,1.0000000000000002,0.008885963565548716,0.04440212684004885
5KWB_A_PHE591,5KWB,0.4399999976158142,0.5600000023841858,A0.50_B0.50,0.5,0.5,0.06000000238418579,0.9990888342082109,1.0000000000000002,0.0009111657917892924,0.04440212684004885
5KWB_A_PHE591,5KWB,0.4399999976158142,0.5600000023841858,A0.75_B0.25,0.75,0.25,0.3100000023841858,0.9761344054732525,1.0000000000000002,0.023865594526747747,0.04440212684004885
5KWB_A_PHE591,5KWB,0.4399999976158142,0.5600000023841858,A0.90_B0.10,0.9,0.1,0.4600000023841858,0.9491415147312247,1.0000000000000002,0.050858485268775566,0.04440212684004885
5Z8H_A_MET730,5Z8H,0.2799999928474428,0.7200000071525572,A0.25_B0.75,0.25,0.75,0.029999992847442813,0.9998911415119557,1.0,0.00010885848804431664,0.009107923397160156
5Z8H_A_MET730,5Z8H,0.2799999928474428,0.7200000071525572,A0.50_B0.50,0.5,0.5,0.2200000071525572,0.9940376315406371,1.0,0.005962368459362932,0.009107923397160156
5Z8H_A_MET730,5Z8H,0.2799999928474428,0.7200000071525572,A0.75_B0.25,0.75,0.25,0.4700000071525572,0.9729178963169667,1.0,0.02708210368303332,0.009107923397160156
5Z8H_A_MET730,5Z8H,0.2799999928474428,0.7200000071525572,A0.90_B0.10,0.9,0.1,0.6200000071525572,0.953515291191756,1.0,0.04648470880824396,0.009107923397160156
6H59_B_ARG144,6H59,0.5,0.5,A0.25_B0.75,0.25,0.75,0.25,0.9592768984057684,1.0,0.04072310159423165,0.13821024033413432
6H59_B_ARG144,6H59,0.5,0.5,A0.50_B0.50,0.5,0.5,0.0,1.0,1.0,0.0,0.13821024033413432
6H59_B_ARG144,6H59,0.5,0.5,A0.75_B0.25,0.75,0.25,0.25,0.9593027693933855,1.0,0.040697230606614454,0.13821024033413432
6H59_B_ARG144,6H59,0.5,0.5,A0.90_B0.10,0.9,0.1,0.4,0.9047006444248528,1.0,0.09529935557514724,0.13821024033413432
6Y4G_B_CYS260,6Y4G,0.4392523260363973,0.5607476739636027,A0.25_B0.75,0.25,0.75,0.1892523260363973,0.9562898350295882,1.0,0.0437101649704118,0.1736653631047098
6Y4G_B_CYS260,6Y4G,0.4392523260363973,0.5607476739636027,A0.50_B0.50,0.5,0.5,0.0607476739636027,0.9947991695704205,1.0,0.005200830429579528,0.1736653631047098
6Y4G_B_CYS260,6Y4G,0.4392523260363973,0.5607476739636027,A0.75_B0.25,0.75,0.25,0.3107476739636027,0.8771879658040871,1.0,0.12281203419591291,0.1736653631047098
6Y4G_B_CYS260,6Y4G,0.4392523260363973,0.5607476739636027,A0.90_B0.10,0.9,0.1,0.4607476739636027,0.7679101864670824,1.0,0.23208981353291758,0.1736653631047098
7F72_A_MET103,7F72,0.4800000035762788,0.5199999964237212,A0.25_B0.75,0.25,0.75,0.2300000035762788,0.9944584292771536,0.9999999999999998,0.005541570722846223,0.02344093339977682
7F72_A_MET103,7F72,0.4800000035762788,0.5199999964237212,A0.50_B0.50,0.5,0.5,0.01999999642372119,0.9999576692761306,0.9999999999999998,4.233072386916614e-05,0.02344093339977682
7F72_A_MET103,7F72,0.4800000035762788,0.5199999964237212,A0.75_B0.25,0.75,0.25,0.2699999964237212,0.9923585464433362,0.9999999999999998,0.007641453556663569,0.02344093339977682
7F72_A_MET103,7F72,0.4800000035762788,0.5199999964237212,A0.90_B0.10,0.9,0.1,0.4199999964237212,0.9817841867423304,0.9999999999999998,0.01821581325766941,0.02344093339977682
7T7A_A_LEU396,7T7A,0.3799999952316284,0.6200000047683716,A0.25_B0.75,0.25,0.75,0.12999999523162842,0.9845408610051574,1.0000000000000002,0.015459138994842858,0.10226078406962702
7T7A_A_LEU396,7T7A,0.3799999952316284,0.6200000047683716,A0.50_B0.50,0.5,0.5,0.12000000476837158,0.9850877153165514,1.0000000000000002,0.014912284683448851,0.10226078406962702
7T7A_A_LEU396,7T7A,0.3799999952316284,0.6200000047683716,A0.75_B0.25,0.75,0.25,0.3700000047683716,0.8668777070088085,1.0000000000000002,0.13312229299119172,0.10226078406962702
7T7A_A_LEU396,7T7A,0.3799999952316284,0.6200000047683716,A0.90_B0.10,0.9,0.1,0.5200000047683716,0.7647533357559675,1.0000000000000002,0.23524666424403273,0.10226078406962702
7UO8_A_GLN53,7UO8,0.33999999344348925,0.6600000065565107,A0.25_B0.75,0.25,0.75,0.08999999344348925,0.9905464583079412,1.0000000000000002,0.009453541692059031,0.09619218773005234
7UO8_A_GLN53,7UO8,0.33999999344348925,0.6600000065565107,A0.50_B0.50,0.5,0.5,0.16000000655651075,0.9641893991434678,1.0000000000000002,0.035810600856532426,0.09619218773005234
7UO8_A_GLN53,7UO8,0.33999999344348925,0.6600000065565107,A0.75_B0.25,0.75,0.25,0.41000000655651075,0.781451014047061,1.0000000000000002,0.21854898595293926,0.09619218773005234
7UO8_A_GLN53,7UO8,0.33999999344348925,0.6600000065565107,A0.90_B0.10,0.9,0.1,0.5600000065565107,0.6449194250295276,1.0000000000000002,0.35508057497047263,0.09619218773005234
8DJ2_A_VAL893,8DJ2,0.6600000065565107,0.33999999344348925,A0.25_B0.75,0.25,0.75,0.4100000065565107,0.9414624408060743,1.0,0.05853755919392567,0.03522996074245155
8DJ2_A_VAL893,8DJ2,0.6600000065565107,0.33999999344348925,A0.50_B0.50,0.5,0.5,0.1600000065565107,0.990915795287491,1.0,0.009084204712509036,0.03522996074245155
8DJ2_A_VAL893,8DJ2,0.6600000065565107,0.33999999344348925,A0.75_B0.25,0.75,0.25,0.0899999934434893,0.9972581207734562,1.0,0.0027418792265437864,0.03522996074245155
8DJ2_A_VAL893,8DJ2,0.6600000065565107,0.33999999344348925,A0.90_B0.10,0.9,0.1,0.23999999344348932,0.9815842289440685,1.0,0.018415771055931507,0.03522996074245155
8FBE_B_ILE92,8FBE,0.3799999952316284,0.6200000047683716,A0.25_B0.75,0.25,0.75,0.12999999523162842,0.9915705953126225,1.0000000000000002,0.00842940468737774,0.06221984874908493
8FBE_B_ILE92,8FBE,0.3799999952316284,0.6200000047683716,A0.50_B0.50,0.5,0.5,0.12000000476837158,0.9923328420276302,1.0000000000000002,0.007667157972370053,0.06221984874908493
8FBE_B_ILE92,8FBE,0.3799999952316284,0.6200000047683716,A0.75_B0.25,0.75,0.25,0.3700000047683716,0.9294459579787187,1.0000000000000002,0.07055404202128157,0.06221984874908493
8FBE_B_ILE92,8FBE,0.3799999952316284,0.6200000047683716,A0.90_B0.10,0.9,0.1,0.5200000047683716,0.8689980591536627,1.0000000000000002,0.13100194084633754,0.06221984874908493
8Q6Q_B_ASP81,8Q6Q,0.5699999928474426,0.4300000071525574,A0.25_B0.75,0.25,0.75,0.3199999928474426,0.874922992572033,0.9999999999999998,0.1250770074279668,0.16032931834847242
8Q6Q_B_ASP81,8Q6Q,0.5699999928474426,0.4300000071525574,A0.50_B0.50,0.5,0.5,0.06999999284744263,0.9934169048522039,0.9999999999999998,0.00658309514779587,0.16032931834847242
8Q6Q_B_ASP81,8Q6Q,0.5699999928474426,0.4300000071525574,A0.75_B0.25,0.75,0.25,0.18000000715255737,0.9621977691002684,0.9999999999999998,0.03780223089973134,0.16032931834847242
8Q6Q_B_ASP81,8Q6Q,0.5699999928474426,0.4300000071525574,A0.90_B0.10,0.9,0.1,0.3300000071525574,0.8925776651377277,0.9999999999999998,0.10742233486227204,0.16032931834847242
