experiment,site,start,rmsd_to_A,rmsd_to_B,chi_degrees,nearest_state,canonical_deviation_degrees,canonical_like_30deg,min_direct_distance,closest_direct_atom,min_symmetry_distance,closest_symmetry_atom,density_z_mean,polar_contacts,tmol_energy,tmol_A,tmol_B,tmol_dE_vs_best_deposited,no_sub2A_clash,physical_valid,recovered_B_lt_0.50A,joint_success
experiment_2_C_realspace_local,A_MET112,0,0.500760018825531,0.6278405785560608,-81.69;-161.83;82.67,g-/t/m+,21.69;18.17;7.33,True,3.1705621657282426,CE--B:ASP114:OD1,5.780123672028604,"CG--sym6[0,0,1]/A:VAL136:CG2",0.8162888884544373,,53.1830940246582,48.87937927246094,48.688663482666016,4.4944305419921875,True,True,False,False
experiment_2_C_realspace_local,A_MET112,1,0.500760018825531,0.6278405785560608,-81.69;-161.83;82.67,g-/t/m+,21.69;18.17;7.33,True,3.1705621657282426,CE--B:ASP114:OD1,5.780123672028604,"CG--sym6[0,0,1]/A:VAL136:CG2",0.8162888884544373,,53.1830940246582,48.87937927246094,48.688663482666016,4.4944305419921875,True,True,False,False
experiment_2_C_realspace_local,A_MET112,2,0.500760018825531,0.6278405785560608,-81.69;-161.83;82.67,g-/t/m+,21.69;18.17;7.33,True,3.1705621657282426,CE--B:ASP114:OD1,5.780123672028604,"CG--sym6[0,0,1]/A:VAL136:CG2",0.8162888884544373,,53.1830940246582,48.87937927246094,48.688663482666016,4.4944305419921875,True,True,False,False
experiment_2_C_realspace_local,A_MET112,3,0.500760018825531,0.6278405785560608,-81.69;-161.83;82.67,g-/t/m+,21.69;18.17;7.33,True,3.1705621657282426,CE--B:ASP114:OD1,5.780123672028604,"CG--sym6[0,0,1]/A:VAL136:CG2",0.8162888884544373,,53.1830940246582,48.87937927246094,48.688663482666016,4.4944305419921875,True,True,False,False
experiment_2_C_realspace_local,A_MET112,4,0.500760018825531,0.6278405785560608,-81.69;-161.83;82.67,g-/t/m+,21.69;18.17;7.33,True,3.1705621657282426,CE--B:ASP114:OD1,5.780123672028604,"CG--sym6[0,0,1]/A:VAL136:CG2",0.8162888884544373,,53.1830940246582,48.87937927246094,48.688663482666016,4.4944305419921875,True,True,False,False
experiment_2_C_realspace_local,A_MET112,5,0.500760018825531,0.6278406977653503,-81.69;-161.83;82.67,g-/t/m+,21.69;18.17;7.33,True,3.1705621413099756,CE--B:ASP114:OD1,5.780123672028604,"CG--sym6[0,0,1]/A:VAL136:CG2",0.8162885904312134,,53.1830940246582,48.87937927246094,48.688663482666016,4.4944305419921875,True,True,False,False
experiment_2_C_realspace_local,A_MET112,6,0.500760018825531,0.6278405785560608,-81.69;-161.83;82.67,g-/t/m+,21.69;18.17;7.33,True,3.1705621657282426,CE--B:ASP114:OD1,5.780123672028604,"CG--sym6[0,0,1]/A:VAL136:CG2",0.8162888884544373,,53.1830940246582,48.87937927246094,48.688663482666016,4.4944305419921875,True,True,False,False
experiment_2_C_realspace_local,A_MET112,7,0.500760018825531,0.6278405785560608,-81.69;-161.83;82.67,g-/t/m+,21.69;18.17;7.33,True,3.1705621657282426,CE--B:ASP114:OD1,5.780123672028604,"CG--sym6[0,0,1]/A:VAL136:CG2",0.8162888884544373,,53.1830940246582,48.87937927246094,48.688663482666016,4.4944305419921875,True,True,False,False
experiment_2_C_realspace_local,A_MET112,8,0.500760018825531,0.6278405785560608,-81.69;-161.83;82.67,g-/t/m+,21.69;18.17;7.33,True,3.1705621657282426,CE--B:ASP114:OD1,5.780123672028604,"CG--sym6[0,0,1]/A:VAL136:CG2",0.8162888884544373,,53.1830940246582,48.87937927246094,48.688663482666016,4.4944305419921875,True,True,False,False
experiment_2_C_realspace_local,A_MET112,9,0.500760018825531,0.6278406977653503,-81.69;-161.83;82.67,g-/t/m+,21.69;18.17;7.33,True,3.1705621413099756,CE--B:ASP114:OD1,5.780123672028604,"CG--sym6[0,0,1]/A:VAL136:CG2",0.8162885904312134,,53.1830940246582,48.87937927246094,48.688663482666016,4.4944305419921875,True,True,False,False
experiment_2_C_realspace_local,A_MET112,10,0.500760018825531,0.6278405785560608,-81.69;-161.83;82.67,g-/t/m+,21.69;18.17;7.33,True,3.1705621657282426,CE--B:ASP114:OD1,5.780123672028604,"CG--sym6[0,0,1]/A:VAL136:CG2",0.8162888884544373,,53.1830940246582,48.87937927246094,48.688663482666016,4.4944305419921875,True,True,False,False
experiment_2_C_realspace_local,A_MET112,11,0.500760018825531,0.6278405785560608,-81.69;-161.83;82.67,g-/t/m+,21.69;18.17;7.33,True,3.1705621657282426,CE--B:ASP114:OD1,5.780123672028604,"CG--sym6[0,0,1]/A:VAL136:CG2",0.8162888884544373,,53.1830940246582,48.87937927246094,48.688663482666016,4.4944305419921875,True,True,False,False
experiment_2_C_realspace_local,A_MET112,12,0.500760018825531,0.6278405785560608,-81.69;-161.83;82.67,g-/t/m+,21.69;18.17;7.33,True,3.1705621657282426,CE--B:ASP114:OD1,5.780123672028604,"CG--sym6[0,0,1]/A:VAL136:CG2",0.8162888884544373,,53.1830940246582,48.87937927246094,48.688663482666016,4.4944305419921875,True,True,False,False
experiment_2_C_realspace_local,A_MET112,13,0.500760018825531,0.6278405785560608,-81.69;-161.83;82.67,g-/t/m+,21.69;18.17;7.33,True,3.1705621657282426,CE--B:ASP114:OD1,5.780123672028604,"CG--sym6[0,0,1]/A:VAL136:CG2",0.8162888884544373,,53.1830940246582,48.87937927246094,48.688663482666016,4.4944305419921875,True,True,False,False
experiment_2_C_realspace_local,A_MET112,14,0.500760018825531,0.6278406977653503,-81.69;-161.83;82.67,g-/t/m+,21.69;18.17;7.33,True,3.1705621413099756,CE--B:ASP114:OD1,5.780123672028604,"CG--sym6[0,0,1]/A:VAL136:CG2",0.8162885904312134,,53.1830940246582,48.87937927246094,48.688663482666016,4.4944305419921875,True,True,False,False
experiment_2_C_realspace_local,A_MET112,15,0.500760018825531,0.6278405785560608,-81.69;-161.83;82.67,g-/t/m+,21.69;18.17;7.33,True,3.1705621657282426,CE--B:ASP114:OD1,5.780123672028604,"CG--sym6[0,0,1]/A:VAL136:CG2",0.8162888884544373,,53.1830940246582,48.87937927246094,48.688663482666016,4.4944305419921875,True,True,False,False
experiment_2_C_realspace_local,A_MET112,16,0.500760018825531,0.6278405785560608,-81.69;-161.83;82.67,g-/t/m+,21.69;18.17;7.33,True,3.1705621657282426,CE--B:ASP114:OD1,5.780123672028604,"CG--sym6[0,0,1]/A:VAL136:CG2",0.8162888884544373,,53.1830940246582,48.87937927246094,48.688663482666016,4.4944305419921875,True,True,False,False
experiment_2_C_realspace_local,A_MET112,17,0.500760018825531,0.6278406977653503,-81.69;-161.83;82.67,g-/t/m+,21.69;18.17;7.33,True,3.1705621413099756,CE--B:ASP114:OD1,5.780123672028604,"CG--sym6[0,0,1]/A:VAL136:CG2",0.8162885904312134,,53.1830940246582,48.87937927246094,48.688663482666016,4.4944305419921875,True,True,False,False
experiment_2_C_realspace_local,A_MET112,18,0.500760018825531,0.6278405785560608,-81.69;-161.83;82.67,g-/t/m+,21.69;18.17;7.33,True,3.1705621657282426,CE--B:ASP114:OD1,5.780123672028604,"CG--sym6[0,0,1]/A:VAL136:CG2",0.8162888884544373,,53.1830940246582,48.87937927246094,48.688663482666016,4.4944305419921875,True,True,False,False
experiment_2_C_realspace_local,A_MET112,19,0.500760018825531,0.6278405785560608,-81.69;-161.83;82.67,g-/t/m+,21.69;18.17;7.33,True,3.1705621657282426,CE--B:ASP114:OD1,5.780123672028604,"CG--sym6[0,0,1]/A:VAL136:CG2",0.8162888884544373,,53.1830940246582,48.87937927246094,48.688663482666016,4.4944305419921875,True,True,False,False
experiment_2_C_realspace_local,A_MET112,20,0.500760018825531,0.6278405785560608,-81.69;-161.83;82.67,g-/t/m+,21.69;18.17;7.33,True,3.1705621657282426,CE--B:ASP114:OD1,5.780123672028604,"CG--sym6[0,0,1]/A:VAL136:CG2",0.8162888884544373,,53.1830940246582,48.87937927246094,48.688663482666016,4.4944305419921875,True,True,False,False
experiment_2_C_realspace_local,A_MET112,21,0.500760018825531,0.6278405785560608,-81.69;-161.83;82.67,g-/t/m+,21.69;18.17;7.33,True,3.1705621657282426,CE--B:ASP114:OD1,5.780123672028604,"CG--sym6[0,0,1]/A:VAL136:CG2",0.8162888884544373,,53.1830940246582,48.87937927246094,48.688663482666016,4.4944305419921875,True,True,False,False
experiment_2_C_realspace_local,A_MET112,22,0.500760018825531,0.6278405785560608,-81.69;-161.83;82.67,g-/t/m+,21.69;18.17;7.33,True,3.1705621657282426,CE--B:ASP114:OD1,5.780123672028604,"CG--sym6[0,0,1]/A:VAL136:CG2",0.8162888884544373,,53.1830940246582,48.87937927246094,48.688663482666016,4.4944305419921875,True,True,False,False
experiment_2_C_realspace_local,A_MET112,23,0.500760018825531,0.6278405785560608,-81.69;-161.83;82.67,g-/t/m+,21.69;18.17;7.33,True,3.1705621657282426,CE--B:ASP114:OD1,5.780123672028604,"CG--sym6[0,0,1]/A:VAL136:CG2",0.8162888884544373,,53.1830940246582,48.87937927246094,48.688663482666016,4.4944305419921875,True,True,False,False
experiment_2_C_realspace_local,A_MET112,24,0.500760018825531,0.6278405785560608,-81.69;-161.83;82.67,g-/t/m+,21.69;18.17;7.33,True,3.1705621657282426,CE--B:ASP114:OD1,5.780123672028604,"CG--sym6[0,0,1]/A:VAL136:CG2",0.8162888884544373,,53.1830940246582,48.87937927246094,48.688663482666016,4.4944305419921875,True,True,False,False
experiment_2_C_realspace_local,A_MET112,25,0.500760018825531,0.6278406977653503,-81.69;-161.83;82.67,g-/t/m+,21.69;18.17;7.33,True,3.1705621413099756,CE--B:ASP114:OD1,5.780123672028604,"CG--sym6[0,0,1]/A:VAL136:CG2",0.8162885904312134,,53.1830940246582,48.87937927246094,48.688663482666016,4.4944305419921875,True,True,False,False
experiment_2_C_realspace_local,A_MET112,26,0.500760018825531,0.6278405785560608,-81.69;-161.83;82.67,g-/t/m+,21.69;18.17;7.33,True,3.1705621657282426,CE--B:ASP114:OD1,5.780123672028604,"CG--sym6[0,0,1]/A:VAL136:CG2",0.8162888884544373,,53.1830940246582,48.87937927246094,48.688663482666016,4.4944305419921875,True,True,False,False
experiment_2_C_realspace_local,A_MET112,27,0.500760018825531,0.6278405785560608,-81.69;-161.83;82.67,g-/t/m+,21.69;18.17;7.33,True,3.1705621657282426,CE--B:ASP114:OD1,5.780123672028604,"CG--sym6[0,0,1]/A:VAL136:CG2",0.8162888884544373,,53.1830940246582,48.87937927246094,48.688663482666016,4.4944305419921875,True,True,False,False
experiment_2_C_realspace_local,A_MET112,28,0.500760018825531,0.6278405785560608,-81.69;-161.83;82.67,g-/t/m+,21.69;18.17;7.33,True,3.1705621657282426,CE--B:ASP114:OD1,5.780123672028604,"CG--sym6[0,0,1]/A:VAL136:CG2",0.8162888884544373,,53.1830940246582,48.87937927246094,48.688663482666016,4.4944305419921875,True,True,False,False
experiment_2_C_realspace_local,A_MET112,29,0.500760018825531,0.6278405785560608,-81.69;-161.83;82.67,g-/t/m+,21.69;18.17;7.33,True,3.1705621657282426,CE--B:ASP114:OD1,5.780123672028604,"CG--sym6[0,0,1]/A:VAL136:CG2",0.8162888884544373,,53.1830940246582,48.87937927246094,48.688663482666016,4.4944305419921875,True,True,False,False
experiment_2_C_realspace_local,A_MET112,30,0.500760018825531,0.6278405785560608,-81.69;-161.83;82.67,g-/t/m+,21.69;18.17;7.33,True,3.1705621657282426,CE--B:ASP114:OD1,5.780123672028604,"CG--sym6[0,0,1]/A:VAL136:CG2",0.8162888884544373,,53.1830940246582,48.87937927246094,48.688663482666016,4.4944305419921875,True,True,False,False
experiment_2_C_realspace_local,A_MET112,31,0.500760018825531,0.6278405785560608,-81.69;-161.83;82.67,g-/t/m+,21.69;18.17;7.33,True,3.1705621657282426,CE--B:ASP114:OD1,5.780123672028604,"CG--sym6[0,0,1]/A:VAL136:CG2",0.8162888884544373,,53.1830940246582,48.87937927246094,48.688663482666016,4.4944305419921875,True,True,False,False
experiment_2_C_realspace_local,A_MET112,32,0.500760018825531,0.6278405785560608,-81.69;-161.83;82.67,g-/t/m+,21.69;18.17;7.33,True,3.1705621657282426,CE--B:ASP114:OD1,5.780123672028604,"CG--sym6[0,0,1]/A:VAL136:CG2",0.8162888884544373,,53.1830940246582,48.87937927246094,48.688663482666016,4.4944305419921875,True,True,False,False
experiment_2_C_realspace_local,A_MET112,33,0.500760018825531,0.6278405785560608,-81.69;-161.83;82.67,g-/t/m+,21.69;18.17;7.33,True,3.1705621657282426,CE--B:ASP114:OD1,5.780123672028604,"CG--sym6[0,0,1]/A:VAL136:CG2",0.8162888884544373,,53.1830940246582,48.87937927246094,48.688663482666016,4.4944305419921875,True,True,False,False
experiment_2_C_realspace_local,A_MET112,34,0.500760018825531,0.6278405785560608,-81.69;-161.83;82.67,g-/t/m+,21.69;18.17;7.33,True,3.1705621657282426,CE--B:ASP114:OD1,5.780123672028604,"CG--sym6[0,0,1]/A:VAL136:CG2",0.8162888884544373,,53.1830940246582,48.87937927246094,48.688663482666016,4.4944305419921875,True,True,False,False
experiment_2_C_realspace_local,A_MET112,35,0.500760018825531,0.6278405785560608,-81.69;-161.83;82.67,g-/t/m+,21.69;18.17;7.33,True,3.1705621657282426,CE--B:ASP114:OD1,5.780123672028604,"CG--sym6[0,0,1]/A:VAL136:CG2",0.8162888884544373,,53.1830940246582,48.87937927246094,48.688663482666016,4.4944305419921875,True,True,False,False
experiment_2_C_realspace_local,A_MET112,36,0.500760018825531,0.6278405785560608,-81.69;-161.83;82.67,g-/t/m+,21.69;18.17;7.33,True,3.1705621657282426,CE--B:ASP114:OD1,5.780123672028604,"CG--sym6[0,0,1]/A:VAL136:CG2",0.8162888884544373,,53.1830940246582,48.87937927246094,48.688663482666016,4.4944305419921875,True,True,False,False
experiment_2_C_realspace_local,A_MET112,37,0.500760018825531,0.6278405785560608,-81.69;-161.83;82.67,g-/t/m+,21.69;18.17;7.33,True,3.1705621657282426,CE--B:ASP114:OD1,5.780123672028604,"CG--sym6[0,0,1]/A:VAL136:CG2",0.8162888884544373,,53.1830940246582,48.87937927246094,48.688663482666016,4.4944305419921875,True,True,False,False
experiment_2_C_realspace_local,A_MET112,38,0.500760018825531,0.6278405785560608,-81.69;-161.83;82.67,g-/t/m+,21.69;18.17;7.33,True,3.1705621657282426,CE--B:ASP114:OD1,5.780123672028604,"CG--sym6[0,0,1]/A:VAL136:CG2",0.8162888884544373,,53.1830940246582,48.87937927246094,48.688663482666016,4.4944305419921875,True,True,False,False
experiment_2_C_realspace_local,A_MET112,39,0.500760018825531,0.6278405785560608,-81.69;-161.83;82.67,g-/t/m+,21.69;18.17;7.33,True,3.1705621657282426,CE--B:ASP114:OD1,5.780123672028604,"CG--sym6[0,0,1]/A:VAL136:CG2",0.8162888884544373,,53.1830940246582,48.87937927246094,48.688663482666016,4.4944305419921875,True,True,False,False
experiment_2_C_realspace_local,A_MET112,40,0.500760018825531,0.6278406977653503,-81.69;-161.83;82.67,g-/t/m+,21.69;18.17;7.33,True,3.1705621413099756,CE--B:ASP114:OD1,5.780123672028604,"CG--sym6[0,0,1]/A:VAL136:CG2",0.8162885904312134,,53.1830940246582,48.87937927246094,48.688663482666016,4.4944305419921875,True,True,False,False
experiment_2_C_realspace_local,A_MET112,41,0.500760018825531,0.6278405785560608,-81.69;-161.83;82.67,g-/t/m+,21.69;18.17;7.33,True,3.1705621657282426,CE--B:ASP114:OD1,5.780123672028604,"CG--sym6[0,0,1]/A:VAL136:CG2",0.8162888884544373,,53.1830940246582,48.87937927246094,48.688663482666016,4.4944305419921875,True,True,False,False
experiment_2_C_realspace_local,A_MET112,42,0.500760018825531,0.6278406977653503,-81.69;-161.83;82.67,g-/t/m+,21.69;18.17;7.33,True,3.1705621413099756,CE--B:ASP114:OD1,5.780123672028604,"CG--sym6[0,0,1]/A:VAL136:CG2",0.8162885904312134,,53.1830940246582,48.87937927246094,48.688663482666016,4.4944305419921875,True,True,False,False
experiment_2_C_realspace_local,A_MET112,43,0.500760018825531,0.6278405785560608,-81.69;-161.83;82.67,g-/t/m+,21.69;18.17;7.33,True,3.1705621657282426,CE--B:ASP114:OD1,5.780123672028604,"CG--sym6[0,0,1]/A:VAL136:CG2",0.8162888884544373,,53.1830940246582,48.87937927246094,48.688663482666016,4.4944305419921875,True,True,False,False
experiment_2_C_realspace_local,A_MET112,44,0.500760018825531,0.6278405785560608,-81.69;-161.83;82.67,g-/t/m+,21.69;18.17;7.33,True,3.1705621657282426,CE--B:ASP114:OD1,5.780123672028604,"CG--sym6[0,0,1]/A:VAL136:CG2",0.8162888884544373,,53.1830940246582,48.87937927246094,48.688663482666016,4.4944305419921875,True,True,False,False
experiment_2_C_realspace_local,A_MET112,45,0.500760018825531,0.6278405785560608,-81.69;-161.83;82.67,g-/t/m+,21.69;18.17;7.33,True,3.1705621657282426,CE--B:ASP114:OD1,5.780123672028604,"CG--sym6[0,0,1]/A:VAL136:CG2",0.8162888884544373,,53.1830940246582,48.87937927246094,48.688663482666016,4.4944305419921875,True,True,False,False
experiment_2_C_realspace_local,A_MET112,46,0.500760018825531,0.6278405785560608,-81.69;-161.83;82.67,g-/t/m+,21.69;18.17;7.33,True,3.1705621657282426,CE--B:ASP114:OD1,5.780123672028604,"CG--sym6[0,0,1]/A:VAL136:CG2",0.8162888884544373,,53.1830940246582,48.87937927246094,48.688663482666016,4.4944305419921875,True,True,False,False
experiment_2_C_realspace_local,A_MET112,47,0.500760018825531,0.6278405785560608,-81.69;-161.83;82.67,g-/t/m+,21.69;18.17;7.33,True,3.1705621657282426,CE--B:ASP114:OD1,5.780123672028604,"CG--sym6[0,0,1]/A:VAL136:CG2",0.8162888884544373,,53.1830940246582,48.87937927246094,48.688663482666016,4.4944305419921875,True,True,False,False
experiment_2_C_realspace_local,A_MET112,48,0.500760018825531,0.6278405785560608,-81.69;-161.83;82.67,g-/t/m+,21.69;18.17;7.33,True,3.1705621657282426,CE--B:ASP114:OD1,5.780123672028604,"CG--sym6[0,0,1]/A:VAL136:CG2",0.8162888884544373,,53.1830940246582,48.87937927246094,48.688663482666016,4.4944305419921875,True,True,False,False
experiment_2_C_realspace_local,A_MET112,49,0.500760018825531,0.6278405785560608,-81.69;-161.83;82.67,g-/t/m+,21.69;18.17;7.33,True,3.1705621657282426,CE--B:ASP114:OD1,5.780123672028604,"CG--sym6[0,0,1]/A:VAL136:CG2",0.8162888884544373,,53.1830940246582,48.87937927246094,48.688663482666016,4.4944305419921875,True,True,False,False
experiment_2_C_realspace_local,A_ARG129,0,0.38306668400764465,1.5966811180114746,-76.60;-175.06;59.65;158.26,g-/t/g+/p-180,16.60;4.94;0.35;21.74,True,2.3088280295779455,NH2--B:TYR131:CZ,2.6505580828411617,"NH2--sym6[-1,0,1]/B:HOH50:O",0.49436822533607483,,51.1805419921875,48.87940979003906,53.74126434326172,2.3011322021484375,True,True,False,False
experiment_2_C_realspace_local,A_ARG129,1,0.3830668032169342,1.5966811180114746,-76.60;-175.06;59.65;158.26,g-/t/g+/p180,16.60;4.94;0.35;21.74,True,2.3088278892515453,NH2--B:TYR131:CZ,2.6505579609665073,"NH2--sym6[-1,0,1]/B:HOH50:O",0.49436846375465393,,51.1805419921875,48.87940979003906,53.74126434326172,2.3011322021484375,True,True,False,False
experiment_2_C_realspace_local,A_ARG129,2,0.38306668400764465,1.5966811180114746,-76.60;-175.06;59.65;158.26,g-/t/g+/p-180,16.60;4.94;0.35;21.74,True,2.3088275954812256,NH2--B:TYR131:CZ,2.6505582224656257,"NH2--sym6[-1,0,1]/B:HOH50:O",0.49436837434768677,,51.1805419921875,48.87940979003906,53.74126434326172,2.3011322021484375,True,True,False,False
experiment_2_C_realspace_local,A_ARG129,3,0.38306668400764465,1.5966811180114746,-76.60;-175.06;59.65;158.26,g-/t/g+/p-180,16.60;4.94;0.35;21.74,True,2.3088275954812256,NH2--B:TYR131:CZ,2.6505582224656257,"NH2--sym6[-1,0,1]/B:HOH50:O",0.49436837434768677,,51.1805419921875,48.87940979003906,53.74126434326172,2.3011322021484375,True,True,False,False
experiment_2_C_realspace_local,A_ARG129,4,0.38306668400764465,1.5966811180114746,-76.60;-175.06;59.65;158.26,g-/t/g+/p-180,16.60;4.94;0.35;21.74,True,2.3088280295779455,NH2--B:TYR131:CZ,2.6505580828411617,"NH2--sym6[-1,0,1]/B:HOH50:O",0.49436822533607483,,51.1805419921875,48.87940979003906,53.74126434326172,2.3011322021484375,True,True,False,False
experiment_2_C_realspace_local,A_ARG129,5,0.38306668400764465,1.5966811180114746,-76.60;-175.06;59.65;158.26,g-/t/g+/p-180,16.60;4.94;0.35;21.74,True,2.3088275954812256,NH2--B:TYR131:CZ,2.6505582224656257,"NH2--sym6[-1,0,1]/B:HOH50:O",0.49436837434768677,,51.1805419921875,48.87940979003906,53.74126434326172,2.3011322021484375,True,True,False,False
experiment_2_C_realspace_local,A_ARG129,6,0.38306668400764465,1.5966811180114746,-76.60;-175.06;59.65;158.26,g-/t/g+/p-180,16.60;4.94;0.35;21.74,True,2.3088275954812256,NH2--B:TYR131:CZ,2.6505582224656257,"NH2--sym6[-1,0,1]/B:HOH50:O",0.49436837434768677,,51.1805419921875,48.87940979003906,53.74126434326172,2.3011322021484375,True,True,False,False
experiment_2_C_realspace_local,A_ARG129,7,0.3830668032169342,1.5966811180114746,-76.60;-175.06;59.65;158.26,g-/t/g+/p180,16.60;4.94;0.35;21.74,True,2.3088278892515453,NH2--B:TYR131:CZ,2.6505579609665073,"NH2--sym6[-1,0,1]/B:HOH50:O",0.49436846375465393,,51.1805419921875,48.87940979003906,53.74126434326172,2.3011322021484375,True,True,False,False
experiment_2_C_realspace_local,A_ARG129,8,0.38306674361228943,1.5966811180114746,-76.60;-175.06;59.65;158.26,g-/t/g+/p-180,16.60;4.94;0.35;21.74,True,2.3088275954812256,NH2--B:TYR131:CZ,2.6505582224656257,"NH2--sym6[-1,0,1]/B:HOH50:O",0.49436837434768677,,51.1805419921875,48.87940979003906,53.74126434326172,2.3011322021484375,True,True,False,False
experiment_2_C_realspace_local,A_ARG129,9,0.38306668400764465,1.5966811180114746,-76.60;-175.06;59.65;158.26,g-/t/g+/p-180,16.60;4.94;0.35;21.74,True,2.3088280295779455,NH2--B:TYR131:CZ,2.6505580828411617,"NH2--sym6[-1,0,1]/B:HOH50:O",0.49436822533607483,,51.1805419921875,48.87940979003906,53.74126434326172,2.3011322021484375,True,True,False,False
experiment_2_C_realspace_local,A_ARG129,10,0.38306668400764465,1.5966811180114746,-76.60;-175.06;59.65;158.26,g-/t/g+/p-180,16.60;4.94;0.35;21.74,True,2.3088275954812256,NH2--B:TYR131:CZ,2.6505582224656257,"NH2--sym6[-1,0,1]/B:HOH50:O",0.49436837434768677,,51.1805419921875,48.87940979003906,53.74126434326172,2.3011322021484375,True,True,False,False
experiment_2_C_realspace_local,A_ARG129,11,0.38306674361228943,1.5966811180114746,-76.60;-175.06;59.65;158.26,g-/t/g+/p-180,16.60;4.94;0.35;21.74,True,2.3088280295779455,NH2--B:TYR131:CZ,2.6505580828411617,"NH2--sym6[-1,0,1]/B:HOH50:O",0.49436822533607483,,51.1805419921875,48.87940979003906,53.74126434326172,2.3011322021484375,True,True,False,False
experiment_2_C_realspace_local,A_ARG129,12,0.38306668400764465,1.5966811180114746,-76.60;-175.06;59.65;158.26,g-/t/g+/p-180,16.60;4.94;0.35;21.74,True,2.3088280295779455,NH2--B:TYR131:CZ,2.6505580828411617,"NH2--sym6[-1,0,1]/B:HOH50:O",0.49436822533607483,,51.1805419921875,48.87940979003906,53.74126434326172,2.3011322021484375,True,True,False,False
experiment_2_C_realspace_local,A_ARG129,13,0.38306668400764465,1.5966811180114746,-76.60;-175.06;59.65;158.26,g-/t/g+/p-180,16.60;4.94;0.35;21.74,True,2.3088275954812256,NH2--B:TYR131:CZ,2.6505582224656257,"NH2--sym6[-1,0,1]/B:HOH50:O",0.49436837434768677,,51.1805419921875,48.87940979003906,53.74126434326172,2.3011322021484375,True,True,False,False
experiment_2_C_realspace_local,A_ARG129,14,0.38306674361228943,1.5966811180114746,-76.60;-175.06;59.65;158.26,g-/t/g+/p-180,16.60;4.94;0.35;21.74,True,2.3088280295779455,NH2--B:TYR131:CZ,2.6505580828411617,"NH2--sym6[-1,0,1]/B:HOH50:O",0.49436822533607483,,51.1805419921875,48.87940979003906,53.74126434326172,2.3011322021484375,True,True,False,False
experiment_2_C_realspace_local,A_ARG129,15,0.38306668400764465,1.5966811180114746,-76.60;-175.06;59.65;158.26,g-/t/g+/p-180,16.60;4.94;0.35;21.74,True,2.3088275954812256,NH2--B:TYR131:CZ,2.6505582224656257,"NH2--sym6[-1,0,1]/B:HOH50:O",0.49436837434768677,,51.1805419921875,48.87940979003906,53.74126434326172,2.3011322021484375,True,True,False,False
experiment_2_C_realspace_local,A_ARG129,16,0.3830668032169342,1.5966811180114746,-76.60;-175.06;59.65;158.26,g-/t/g+/p180,16.60;4.94;0.35;21.74,True,2.3088278892515453,NH2--B:TYR131:CZ,2.6505579609665073,"NH2--sym6[-1,0,1]/B:HOH50:O",0.49436846375465393,,51.1805419921875,48.87940979003906,53.74126434326172,2.3011322021484375,True,True,False,False
experiment_2_C_realspace_local,A_ARG129,17,0.38306668400764465,1.5966811180114746,-76.60;-175.06;59.65;158.26,g-/t/g+/p-180,16.60;4.94;0.35;21.74,True,2.3088275954812256,NH2--B:TYR131:CZ,2.6505582224656257,"NH2--sym6[-1,0,1]/B:HOH50:O",0.49436837434768677,,51.1805419921875,48.87940979003906,53.74126434326172,2.3011322021484375,True,True,False,False
experiment_2_C_realspace_local,A_ARG129,18,0.38306668400764465,1.5966811180114746,-76.60;-175.06;59.65;158.26,g-/t/g+/p-180,16.60;4.94;0.35;21.74,True,2.3088275954812256,NH2--B:TYR131:CZ,2.6505582224656257,"NH2--sym6[-1,0,1]/B:HOH50:O",0.49436837434768677,,51.1805419921875,48.87940979003906,53.74126434326172,2.3011322021484375,True,True,False,False
experiment_2_C_realspace_local,A_ARG129,19,0.38306668400764465,1.5966811180114746,-76.60;-175.06;59.65;158.26,g-/t/g+/p-180,16.60;4.94;0.35;21.74,True,2.3088280295779455,NH2--B:TYR131:CZ,2.6505580828411617,"NH2--sym6[-1,0,1]/B:HOH50:O",0.49436822533607483,,51.1805419921875,48.87940979003906,53.74126434326172,2.3011322021484375,True,True,False,False
experiment_2_C_realspace_local,A_ARG129,20,0.38306668400764465,1.5966811180114746,-76.60;-175.06;59.65;158.26,g-/t/g+/p-180,16.60;4.94;0.35;21.74,True,2.3088275954812256,NH2--B:TYR131:CZ,2.6505582224656257,"NH2--sym6[-1,0,1]/B:HOH50:O",0.49436837434768677,,51.1805419921875,48.87940979003906,53.74126434326172,2.3011322021484375,True,True,False,False
experiment_2_C_realspace_local,A_ARG129,21,0.38306668400764465,1.5966811180114746,-76.60;-175.06;59.65;158.26,g-/t/g+/p-180,16.60;4.94;0.35;21.74,True,2.3088275954812256,NH2--B:TYR131:CZ,2.6505582224656257,"NH2--sym6[-1,0,1]/B:HOH50:O",0.49436837434768677,,51.1805419921875,48.87940979003906,53.74126434326172,2.3011322021484375,True,True,False,False
experiment_2_C_realspace_local,A_ARG129,22,0.3830668032169342,1.5966811180114746,-76.60;-175.06;59.65;158.26,g-/t/g+/p180,16.60;4.94;0.35;21.74,True,2.3088278892515453,NH2--B:TYR131:CZ,2.6505579609665073,"NH2--sym6[-1,0,1]/B:HOH50:O",0.49436846375465393,,51.1805419921875,48.87940979003906,53.74126434326172,2.3011322021484375,True,True,False,False
experiment_2_C_realspace_local,A_ARG129,23,0.38306668400764465,1.5966811180114746,-76.60;-175.06;59.65;158.26,g-/t/g+/p-180,16.60;4.94;0.35;21.74,True,2.3088275954812256,NH2--B:TYR131:CZ,2.6505582224656257,"NH2--sym6[-1,0,1]/B:HOH50:O",0.49436837434768677,,51.1805419921875,48.87940979003906,53.74126434326172,2.3011322021484375,True,True,False,False
experiment_2_C_realspace_local,A_ARG129,24,0.38306668400764465,1.5966811180114746,-76.60;-175.06;59.65;158.26,g-/t/g+/p-180,16.60;4.94;0.35;21.74,True,2.3088275954812256,NH2--B:TYR131:CZ,2.6505582224656257,"NH2--sym6[-1,0,1]/B:HOH50:O",0.49436837434768677,,51.1805419921875,48.87940979003906,53.74126434326172,2.3011322021484375,True,True,False,False
experiment_2_C_realspace_local,A_ARG129,25,0.38306668400764465,1.5966811180114746,-76.60;-175.06;59.65;158.26,g-/t/g+/p-180,16.60;4.94;0.35;21.74,True,2.3088275954812256,NH2--B:TYR131:CZ,2.6505582224656257,"NH2--sym6[-1,0,1]/B:HOH50:O",0.49436837434768677,,51.1805419921875,48.87940979003906,53.74126434326172,2.3011322021484375,True,True,False,False
experiment_2_C_realspace_local,A_ARG129,26,0.38306668400764465,1.5966811180114746,-76.60;-175.06;59.65;158.26,g-/t/g+/p-180,16.60;4.94;0.35;21.74,True,2.3088275954812256,NH2--B:TYR131:CZ,2.6505582224656257,"NH2--sym6[-1,0,1]/B:HOH50:O",0.49436837434768677,,51.1805419921875,48.87940979003906,53.74126434326172,2.3011322021484375,True,True,False,False
experiment_2_C_realspace_local,A_ARG129,27,0.38306674361228943,1.5966811180114746,-76.60;-175.06;59.65;158.26,g-/t/g+/p-180,16.60;4.94;0.35;21.74,True,2.3088280295779455,NH2--B:TYR131:CZ,2.6505580828411617,"NH2--sym6[-1,0,1]/B:HOH50:O",0.49436822533607483,,51.1805419921875,48.87940979003906,53.74126434326172,2.3011322021484375,True,True,False,False
experiment_2_C_realspace_local,A_ARG129,28,0.3830668032169342,1.5966811180114746,-76.60;-175.06;59.65;158.26,g-/t/g+/p180,16.60;4.94;0.35;21.74,True,2.3088278892515453,NH2--B:TYR131:CZ,2.6505579609665073,"NH2--sym6[-1,0,1]/B:HOH50:O",0.49436846375465393,,51.1805419921875,48.87940979003906,53.74126434326172,2.3011322021484375,True,True,False,False
experiment_2_C_realspace_local,A_ARG129,29,0.3830668032169342,1.5966811180114746,-76.60;-175.06;59.65;158.26,g-/t/g+/p180,16.60;4.94;0.35;21.74,True,2.3088278892515453,NH2--B:TYR131:CZ,2.6505579609665073,"NH2--sym6[-1,0,1]/B:HOH50:O",0.49436846375465393,,51.1805419921875,48.87940979003906,53.74126434326172,2.3011322021484375,True,True,False,False
experiment_2_C_realspace_local,A_ARG129,30,0.38306668400764465,1.5966811180114746,-76.60;-175.06;59.65;158.26,g-/t/g+/p-180,16.60;4.94;0.35;21.74,True,2.3088280295779455,NH2--B:TYR131:CZ,2.6505580828411617,"NH2--sym6[-1,0,1]/B:HOH50:O",0.49436822533607483,,51.1805419921875,48.87940979003906,53.74126434326172,2.3011322021484375,True,True,False,False
experiment_2_C_realspace_local,A_ARG129,31,0.3830668032169342,1.5966811180114746,-76.60;-175.06;59.65;158.26,g-/t/g+/p180,16.60;4.94;0.35;21.74,True,2.3088278892515453,NH2--B:TYR131:CZ,2.6505579609665073,"NH2--sym6[-1,0,1]/B:HOH50:O",0.49436846375465393,,51.1805419921875,48.87940979003906,53.74126434326172,2.3011322021484375,True,True,False,False
experiment_2_C_realspace_local,A_ARG129,32,0.3830668032169342,1.5966811180114746,-76.60;-175.06;59.65;158.26,g-/t/g+/p180,16.60;4.94;0.35;21.74,True,2.3088278892515453,NH2--B:TYR131:CZ,2.6505579609665073,"NH2--sym6[-1,0,1]/B:HOH50:O",0.49436846375465393,,51.1805419921875,48.87940979003906,53.74126434326172,2.3011322021484375,True,True,False,False
experiment_2_C_realspace_local,A_ARG129,33,0.38306668400764465,1.5966811180114746,-76.60;-175.06;59.65;158.26,g-/t/g+/p-180,16.60;4.94;0.35;21.74,True,2.3088280295779455,NH2--B:TYR131:CZ,2.6505580828411617,"NH2--sym6[-1,0,1]/B:HOH50:O",0.49436822533607483,,51.1805419921875,48.87940979003906,53.74126434326172,2.3011322021484375,True,True,False,False
experiment_2_C_realspace_local,A_ARG129,34,0.38306674361228943,1.5966811180114746,-76.60;-175.06;59.65;158.26,g-/t/g+/p-180,16.60;4.94;0.35;21.74,True,2.3088280295779455,NH2--B:TYR131:CZ,2.6505580828411617,"NH2--sym6[-1,0,1]/B:HOH50:O",0.49436822533607483,,51.1805419921875,48.87940979003906,53.74126434326172,2.3011322021484375,True,True,False,False
experiment_2_C_realspace_local,A_ARG129,35,0.38306668400764465,1.5966811180114746,-76.60;-175.06;59.65;158.26,g-/t/g+/p-180,16.60;4.94;0.35;21.74,True,2.3088275954812256,NH2--B:TYR131:CZ,2.6505582224656257,"NH2--sym6[-1,0,1]/B:HOH50:O",0.49436837434768677,,51.1805419921875,48.87940979003906,53.74126434326172,2.3011322021484375,True,True,False,False
experiment_2_C_realspace_local,A_ARG129,36,0.38306668400764465,1.5966811180114746,-76.60;-175.06;59.65;158.26,g-/t/g+/p-180,16.60;4.94;0.35;21.74,True,2.3088275954812256,NH2--B:TYR131:CZ,2.6505582224656257,"NH2--sym6[-1,0,1]/B:HOH50:O",0.49436837434768677,,51.1805419921875,48.87940979003906,53.74126434326172,2.3011322021484375,True,True,False,False
experiment_2_C_realspace_local,A_ARG129,37,0.3830668032169342,1.5966811180114746,-76.60;-175.06;59.65;158.26,g-/t/g+/p180,16.60;4.94;0.35;21.74,True,2.3088278892515453,NH2--B:TYR131:CZ,2.6505579609665073,"NH2--sym6[-1,0,1]/B:HOH50:O",0.49436846375465393,,51.1805419921875,48.87940979003906,53.74126434326172,2.3011322021484375,True,True,False,False
experiment_2_C_realspace_local,A_ARG129,38,0.38306668400764465,1.5966811180114746,-76.60;-175.06;59.65;158.26,g-/t/g+/p-180,16.60;4.94;0.35;21.74,True,2.3088275954812256,NH2--B:TYR131:CZ,2.6505582224656257,"NH2--sym6[-1,0,1]/B:HOH50:O",0.49436837434768677,,51.1805419921875,48.87940979003906,53.74126434326172,2.3011322021484375,True,True,False,False
experiment_2_C_realspace_local,A_ARG129,39,0.38306668400764465,1.5966811180114746,-76.60;-175.06;59.65;158.26,g-/t/g+/p-180,16.60;4.94;0.35;21.74,True,2.3088275954812256,NH2--B:TYR131:CZ,2.6505582224656257,"NH2--sym6[-1,0,1]/B:HOH50:O",0.49436837434768677,,51.1805419921875,48.87940979003906,53.74126434326172,2.3011322021484375,True,True,False,False
experiment_2_C_realspace_local,A_ARG129,40,0.38306668400764465,1.5966811180114746,-76.60;-175.06;59.65;158.26,g-/t/g+/p-180,16.60;4.94;0.35;21.74,True,2.3088280295779455,NH2--B:TYR131:CZ,2.6505580828411617,"NH2--sym6[-1,0,1]/B:HOH50:O",0.49436822533607483,,51.1805419921875,48.87940979003906,53.74126434326172,2.3011322021484375,True,True,False,False
experiment_2_C_realspace_local,A_ARG129,41,0.3830668032169342,1.5966811180114746,-76.60;-175.06;59.65;158.26,g-/t/g+/p180,16.60;4.94;0.35;21.74,True,2.3088278892515453,NH2--B:TYR131:CZ,2.6505579609665073,"NH2--sym6[-1,0,1]/B:HOH50:O",0.49436846375465393,,51.1805419921875,48.87940979003906,53.74126434326172,2.3011322021484375,True,True,False,False
experiment_2_C_realspace_local,A_ARG129,42,0.3830668032169342,1.5966811180114746,-76.60;-175.06;59.65;158.26,g-/t/g+/p180,16.60;4.94;0.35;21.74,True,2.3088278892515453,NH2--B:TYR131:CZ,2.6505579609665073,"NH2--sym6[-1,0,1]/B:HOH50:O",0.49436846375465393,,51.1805419921875,48.87940979003906,53.74126434326172,2.3011322021484375,True,True,False,False
experiment_2_C_realspace_local,A_ARG129,43,0.38306668400764465,1.5966811180114746,-76.60;-175.06;59.65;158.26,g-/t/g+/p-180,16.60;4.94;0.35;21.74,True,2.3088275954812256,NH2--B:TYR131:CZ,2.6505582224656257,"NH2--sym6[-1,0,1]/B:HOH50:O",0.49436837434768677,,51.1805419921875,48.87940979003906,53.74126434326172,2.3011322021484375,True,True,False,False
experiment_2_C_realspace_local,A_ARG129,44,0.3830668032169342,1.5966811180114746,-76.60;-175.06;59.65;158.26,g-/t/g+/p180,16.60;4.94;0.35;21.74,True,2.3088278892515453,NH2--B:TYR131:CZ,2.6505579609665073,"NH2--sym6[-1,0,1]/B:HOH50:O",0.49436846375465393,,51.1805419921875,48.87940979003906,53.74126434326172,2.3011322021484375,True,True,False,False
experiment_2_C_realspace_local,A_ARG129,45,0.3830668032169342,1.5966811180114746,-76.60;-175.06;59.65;158.26,g-/t/g+/p180,16.60;4.94;0.35;21.74,True,2.3088278892515453,NH2--B:TYR131:CZ,2.6505579609665073,"NH2--sym6[-1,0,1]/B:HOH50:O",0.49436846375465393,,51.1805419921875,48.87940979003906,53.74126434326172,2.3011322021484375,True,True,False,False
experiment_2_C_realspace_local,A_ARG129,46,0.3830668032169342,1.5966811180114746,-76.60;-175.06;59.65;158.26,g-/t/g+/p180,16.60;4.94;0.35;21.74,True,2.3088278892515453,NH2--B:TYR131:CZ,2.6505579609665073,"NH2--sym6[-1,0,1]/B:HOH50:O",0.49436846375465393,,51.1805419921875,48.87940979003906,53.74126434326172,2.3011322021484375,True,True,False,False
experiment_2_C_realspace_local,A_ARG129,47,0.3830668032169342,1.5966811180114746,-76.60;-175.06;59.65;158.26,g-/t/g+/p180,16.60;4.94;0.35;21.74,True,2.3088278892515453,NH2--B:TYR131:CZ,2.6505579609665073,"NH2--sym6[-1,0,1]/B:HOH50:O",0.49436846375465393,,51.1805419921875,48.87940979003906,53.74126434326172,2.3011322021484375,True,True,False,False
experiment_2_C_realspace_local,A_ARG129,48,0.3830668032169342,1.5966811180114746,-76.60;-175.06;59.65;158.26,g-/t/g+/p180,16.60;4.94;0.35;21.74,True,2.3088278892515453,NH2--B:TYR131:CZ,2.6505579609665073,"NH2--sym6[-1,0,1]/B:HOH50:O",0.49436846375465393,,51.1805419921875,48.87940979003906,53.74126434326172,2.3011322021484375,True,True,False,False
experiment_2_C_realspace_local,A_ARG129,49,0.38306668400764465,1.5966811180114746,-76.60;-175.06;59.65;158.26,g-/t/g+/p-180,16.60;4.94;0.35;21.74,True,2.3088275954812256,NH2--B:TYR131:CZ,2.6505582224656257,"NH2--sym6[-1,0,1]/B:HOH50:O",0.49436837434768677,,51.1805419921875,48.87940979003906,53.74126434326172,2.3011322021484375,True,True,False,False
experiment_2_C_realspace_local,B_MET112,0,0.25903117656707764,0.903407096862793,-60.52;178.03;93.57,g-/t/m+,0.52;1.97;3.57,True,3.0843139640824013,CB--B:ILE113:N,3.43679303699968,"SD--sym1[1,1,0]/A:LEU110:CD1",1.9705829620361328,,27.234619140625,25.18259048461914,26.873733520507812,2.0520286560058594,True,True,False,False
experiment_2_C_realspace_local,B_MET112,1,0.25903117656707764,0.903407096862793,-60.52;178.03;93.57,g-/t/m+,0.52;1.97;3.57,True,3.0843139640824013,CB--B:ILE113:N,3.43679303699968,"SD--sym1[1,1,0]/A:LEU110:CD1",1.9705829620361328,,27.234619140625,25.18259048461914,26.873733520507812,2.0520286560058594,True,True,False,False
experiment_2_C_realspace_local,B_MET112,2,0.25903117656707764,0.903407096862793,-60.52;178.03;93.57,g-/t/m+,0.52;1.97;3.57,True,3.0843139640824013,CB--B:ILE113:N,3.43679303699968,"SD--sym1[1,1,0]/A:LEU110:CD1",1.9705829620361328,,27.234619140625,25.18259048461914,26.873733520507812,2.0520286560058594,True,True,False,False
experiment_2_C_realspace_local,B_MET112,3,0.25903117656707764,0.903407096862793,-60.52;178.03;93.57,g-/t/m+,0.52;1.97;3.57,True,3.0843139640824013,CB--B:ILE113:N,3.43679303699968,"SD--sym1[1,1,0]/A:LEU110:CD1",1.9705829620361328,,27.234619140625,25.18259048461914,26.873733520507812,2.0520286560058594,True,True,False,False
experiment_2_C_realspace_local,B_MET112,4,0.25903117656707764,0.903407096862793,-60.52;178.03;93.57,g-/t/m+,0.52;1.97;3.57,True,3.0843139640824013,CB--B:ILE113:N,3.43679303699968,"SD--sym1[1,1,0]/A:LEU110:CD1",1.9705829620361328,,27.234619140625,25.18259048461914,26.873733520507812,2.0520286560058594,True,True,False,False
experiment_2_C_realspace_local,B_MET112,5,0.25903117656707764,0.903407096862793,-60.52;178.03;93.57,g-/t/m+,0.52;1.97;3.57,True,3.0843139640824013,CB--B:ILE113:N,3.43679303699968,"SD--sym1[1,1,0]/A:LEU110:CD1",1.9705829620361328,,27.234619140625,25.18259048461914,26.873733520507812,2.0520286560058594,True,True,False,False
experiment_2_C_realspace_local,B_MET112,6,0.25903117656707764,0.903407096862793,-60.52;178.03;93.57,g-/t/m+,0.52;1.97;3.57,True,3.0843139640824013,CB--B:ILE113:N,3.43679303699968,"SD--sym1[1,1,0]/A:LEU110:CD1",1.9705829620361328,,27.234619140625,25.18259048461914,26.873733520507812,2.0520286560058594,True,True,False,False
experiment_2_C_realspace_local,B_MET112,7,0.25903117656707764,0.903407096862793,-60.52;178.03;93.57,g-/t/m+,0.52;1.97;3.57,True,3.0843139640824013,CB--B:ILE113:N,3.43679303699968,"SD--sym1[1,1,0]/A:LEU110:CD1",1.9705829620361328,,27.234619140625,25.18259048461914,26.873733520507812,2.0520286560058594,True,True,False,False
experiment_2_C_realspace_local,B_MET112,8,0.25903117656707764,0.903407096862793,-60.52;178.03;93.57,g-/t/m+,0.52;1.97;3.57,True,3.0843139640824013,CB--B:ILE113:N,3.43679303699968,"SD--sym1[1,1,0]/A:LEU110:CD1",1.9705829620361328,,27.234619140625,25.18259048461914,26.873733520507812,2.0520286560058594,True,True,False,False
experiment_2_C_realspace_local,B_MET112,9,0.25903117656707764,0.903407096862793,-60.52;178.03;93.57,g-/t/m+,0.52;1.97;3.57,True,3.0843139640824013,CB--B:ILE113:N,3.43679303699968,"SD--sym1[1,1,0]/A:LEU110:CD1",1.9705829620361328,,27.234619140625,25.18259048461914,26.873733520507812,2.0520286560058594,True,True,False,False
experiment_2_C_realspace_local,B_MET112,10,0.25903117656707764,0.903407096862793,-60.52;178.03;93.57,g-/t/m+,0.52;1.97;3.57,True,3.0843139640824013,CB--B:ILE113:N,3.43679303699968,"SD--sym1[1,1,0]/A:LEU110:CD1",1.9705829620361328,,27.234619140625,25.18259048461914,26.873733520507812,2.0520286560058594,True,True,False,False
experiment_2_C_realspace_local,B_MET112,11,0.25903117656707764,0.903407096862793,-60.52;178.03;93.57,g-/t/m+,0.52;1.97;3.57,True,3.0843139640824013,CB--B:ILE113:N,3.43679303699968,"SD--sym1[1,1,0]/A:LEU110:CD1",1.9705829620361328,,27.234619140625,25.18259048461914,26.873733520507812,2.0520286560058594,True,True,False,False
experiment_2_C_realspace_local,B_MET112,12,0.25903117656707764,0.903407096862793,-60.52;178.03;93.57,g-/t/m+,0.52;1.97;3.57,True,3.0843139640824013,CB--B:ILE113:N,3.43679303699968,"SD--sym1[1,1,0]/A:LEU110:CD1",1.9705829620361328,,27.234619140625,25.18259048461914,26.873733520507812,2.0520286560058594,True,True,False,False
experiment_2_C_realspace_local,B_MET112,13,0.25903117656707764,0.903407096862793,-60.52;178.03;93.57,g-/t/m+,0.52;1.97;3.57,True,3.0843139640824013,CB--B:ILE113:N,3.43679303699968,"SD--sym1[1,1,0]/A:LEU110:CD1",1.9705829620361328,,27.234619140625,25.18259048461914,26.873733520507812,2.0520286560058594,True,True,False,False
experiment_2_C_realspace_local,B_MET112,14,0.25903117656707764,0.903407096862793,-60.52;178.03;93.57,g-/t/m+,0.52;1.97;3.57,True,3.0843139640824013,CB--B:ILE113:N,3.43679303699968,"SD--sym1[1,1,0]/A:LEU110:CD1",1.9705829620361328,,27.234619140625,25.18259048461914,26.873733520507812,2.0520286560058594,True,True,False,False
experiment_2_C_realspace_local,B_MET112,15,0.25903117656707764,0.903407096862793,-60.52;178.03;93.57,g-/t/m+,0.52;1.97;3.57,True,3.0843139640824013,CB--B:ILE113:N,3.43679303699968,"SD--sym1[1,1,0]/A:LEU110:CD1",1.9705829620361328,,27.234619140625,25.18259048461914,26.873733520507812,2.0520286560058594,True,True,False,False
experiment_2_C_realspace_local,B_MET112,16,0.25903117656707764,0.903407096862793,-60.52;178.03;93.57,g-/t/m+,0.52;1.97;3.57,True,3.0843139640824013,CB--B:ILE113:N,3.43679303699968,"SD--sym1[1,1,0]/A:LEU110:CD1",1.9705829620361328,,27.234619140625,25.18259048461914,26.873733520507812,2.0520286560058594,True,True,False,False
experiment_2_C_realspace_local,B_MET112,17,0.25903117656707764,0.903407096862793,-60.52;178.03;93.57,g-/t/m+,0.52;1.97;3.57,True,3.0843139640824013,CB--B:ILE113:N,3.43679303699968,"SD--sym1[1,1,0]/A:LEU110:CD1",1.9705829620361328,,27.234619140625,25.18259048461914,26.873733520507812,2.0520286560058594,True,True,False,False
experiment_2_C_realspace_local,B_MET112,18,0.25903117656707764,0.903407096862793,-60.52;178.03;93.57,g-/t/m+,0.52;1.97;3.57,True,3.0843139640824013,CB--B:ILE113:N,3.43679303699968,"SD--sym1[1,1,0]/A:LEU110:CD1",1.9705829620361328,,27.234619140625,25.18259048461914,26.873733520507812,2.0520286560058594,True,True,False,False
experiment_2_C_realspace_local,B_MET112,19,0.25903117656707764,0.903407096862793,-60.52;178.03;93.57,g-/t/m+,0.52;1.97;3.57,True,3.0843139640824013,CB--B:ILE113:N,3.43679303699968,"SD--sym1[1,1,0]/A:LEU110:CD1",1.9705829620361328,,27.234619140625,25.18259048461914,26.873733520507812,2.0520286560058594,True,True,False,False
experiment_2_C_realspace_local,B_MET112,20,0.25903117656707764,0.903407096862793,-60.52;178.03;93.57,g-/t/m+,0.52;1.97;3.57,True,3.0843139640824013,CB--B:ILE113:N,3.43679303699968,"SD--sym1[1,1,0]/A:LEU110:CD1",1.9705829620361328,,27.234619140625,25.18259048461914,26.873733520507812,2.0520286560058594,True,True,False,False
experiment_2_C_realspace_local,B_MET112,21,0.25903117656707764,0.903407096862793,-60.52;178.03;93.57,g-/t/m+,0.52;1.97;3.57,True,3.0843139640824013,CB--B:ILE113:N,3.43679303699968,"SD--sym1[1,1,0]/A:LEU110:CD1",1.9705829620361328,,27.234619140625,25.18259048461914,26.873733520507812,2.0520286560058594,True,True,False,False
experiment_2_C_realspace_local,B_MET112,22,0.25903117656707764,0.903407096862793,-60.52;178.03;93.57,g-/t/m+,0.52;1.97;3.57,True,3.0843139640824013,CB--B:ILE113:N,3.43679303699968,"SD--sym1[1,1,0]/A:LEU110:CD1",1.9705829620361328,,27.234619140625,25.18259048461914,26.873733520507812,2.0520286560058594,True,True,False,False
experiment_2_C_realspace_local,B_MET112,23,0.25903117656707764,0.903407096862793,-60.52;178.03;93.57,g-/t/m+,0.52;1.97;3.57,True,3.0843139640824013,CB--B:ILE113:N,3.43679303699968,"SD--sym1[1,1,0]/A:LEU110:CD1",1.9705829620361328,,27.234619140625,25.18259048461914,26.873733520507812,2.0520286560058594,True,True,False,False
experiment_2_C_realspace_local,B_MET112,24,0.25903117656707764,0.903407096862793,-60.52;178.03;93.57,g-/t/m+,0.52;1.97;3.57,True,3.0843139640824013,CB--B:ILE113:N,3.43679303699968,"SD--sym1[1,1,0]/A:LEU110:CD1",1.9705829620361328,,27.234619140625,25.18259048461914,26.873733520507812,2.0520286560058594,True,True,False,False
experiment_2_C_realspace_local,B_MET112,25,0.25903117656707764,0.903407096862793,-60.52;178.03;93.57,g-/t/m+,0.52;1.97;3.57,True,3.0843139640824013,CB--B:ILE113:N,3.43679303699968,"SD--sym1[1,1,0]/A:LEU110:CD1",1.9705829620361328,,27.234619140625,25.18259048461914,26.873733520507812,2.0520286560058594,True,True,False,False
experiment_2_C_realspace_local,B_MET112,26,0.25903117656707764,0.903407096862793,-60.52;178.03;93.57,g-/t/m+,0.52;1.97;3.57,True,3.0843139640824013,CB--B:ILE113:N,3.43679303699968,"SD--sym1[1,1,0]/A:LEU110:CD1",1.9705829620361328,,27.234619140625,25.18259048461914,26.873733520507812,2.0520286560058594,True,True,False,False
experiment_2_C_realspace_local,B_MET112,27,0.25903117656707764,0.903407096862793,-60.52;178.03;93.57,g-/t/m+,0.52;1.97;3.57,True,3.0843139640824013,CB--B:ILE113:N,3.43679303699968,"SD--sym1[1,1,0]/A:LEU110:CD1",1.9705829620361328,,27.234619140625,25.18259048461914,26.873733520507812,2.0520286560058594,True,True,False,False
experiment_2_C_realspace_local,B_MET112,28,0.25903117656707764,0.903407096862793,-60.52;178.03;93.57,g-/t/m+,0.52;1.97;3.57,True,3.0843139640824013,CB--B:ILE113:N,3.43679303699968,"SD--sym1[1,1,0]/A:LEU110:CD1",1.9705829620361328,,27.234619140625,25.18259048461914,26.873733520507812,2.0520286560058594,True,True,False,False
experiment_2_C_realspace_local,B_MET112,29,0.25903117656707764,0.903407096862793,-60.52;178.03;93.57,g-/t/m+,0.52;1.97;3.57,True,3.0843139640824013,CB--B:ILE113:N,3.43679303699968,"SD--sym1[1,1,0]/A:LEU110:CD1",1.9705829620361328,,27.234619140625,25.18259048461914,26.873733520507812,2.0520286560058594,True,True,False,False
experiment_2_C_realspace_local,B_MET112,30,0.25903117656707764,0.903407096862793,-60.52;178.03;93.57,g-/t/m+,0.52;1.97;3.57,True,3.0843139640824013,CB--B:ILE113:N,3.43679303699968,"SD--sym1[1,1,0]/A:LEU110:CD1",1.9705829620361328,,27.234619140625,25.18259048461914,26.873733520507812,2.0520286560058594,True,True,False,False
experiment_2_C_realspace_local,B_MET112,31,0.25903117656707764,0.903407096862793,-60.52;178.03;93.57,g-/t/m+,0.52;1.97;3.57,True,3.0843139640824013,CB--B:ILE113:N,3.43679303699968,"SD--sym1[1,1,0]/A:LEU110:CD1",1.9705829620361328,,27.234619140625,25.18259048461914,26.873733520507812,2.0520286560058594,True,True,False,False
experiment_2_C_realspace_local,B_MET112,32,0.25903117656707764,0.903407096862793,-60.52;178.03;93.57,g-/t/m+,0.52;1.97;3.57,True,3.0843139640824013,CB--B:ILE113:N,3.43679303699968,"SD--sym1[1,1,0]/A:LEU110:CD1",1.9705829620361328,,27.234619140625,25.18259048461914,26.873733520507812,2.0520286560058594,True,True,False,False
experiment_2_C_realspace_local,B_MET112,33,0.25903117656707764,0.903407096862793,-60.52;178.03;93.57,g-/t/m+,0.52;1.97;3.57,True,3.0843139640824013,CB--B:ILE113:N,3.43679303699968,"SD--sym1[1,1,0]/A:LEU110:CD1",1.9705829620361328,,27.234619140625,25.18259048461914,26.873733520507812,2.0520286560058594,True,True,False,False
experiment_2_C_realspace_local,B_MET112,34,0.25903117656707764,0.903407096862793,-60.52;178.03;93.57,g-/t/m+,0.52;1.97;3.57,True,3.0843139640824013,CB--B:ILE113:N,3.43679303699968,"SD--sym1[1,1,0]/A:LEU110:CD1",1.9705829620361328,,27.234619140625,25.18259048461914,26.873733520507812,2.0520286560058594,True,True,False,False
experiment_2_C_realspace_local,B_MET112,35,0.25903117656707764,0.903407096862793,-60.52;178.03;93.57,g-/t/m+,0.52;1.97;3.57,True,3.0843139640824013,CB--B:ILE113:N,3.43679303699968,"SD--sym1[1,1,0]/A:LEU110:CD1",1.9705829620361328,,27.234619140625,25.18259048461914,26.873733520507812,2.0520286560058594,True,True,False,False
experiment_2_C_realspace_local,B_MET112,36,0.25903117656707764,0.903407096862793,-60.52;178.03;93.57,g-/t/m+,0.52;1.97;3.57,True,3.0843139640824013,CB--B:ILE113:N,3.43679303699968,"SD--sym1[1,1,0]/A:LEU110:CD1",1.9705829620361328,,27.234619140625,25.18259048461914,26.873733520507812,2.0520286560058594,True,True,False,False
experiment_2_C_realspace_local,B_MET112,37,0.25903117656707764,0.903407096862793,-60.52;178.03;93.57,g-/t/m+,0.52;1.97;3.57,True,3.0843139640824013,CB--B:ILE113:N,3.43679303699968,"SD--sym1[1,1,0]/A:LEU110:CD1",1.9705829620361328,,27.234619140625,25.18259048461914,26.873733520507812,2.0520286560058594,True,True,False,False
experiment_2_C_realspace_local,B_MET112,38,0.25903117656707764,0.903407096862793,-60.52;178.03;93.57,g-/t/m+,0.52;1.97;3.57,True,3.0843139640824013,CB--B:ILE113:N,3.43679303699968,"SD--sym1[1,1,0]/A:LEU110:CD1",1.9705829620361328,,27.234619140625,25.18259048461914,26.873733520507812,2.0520286560058594,True,True,False,False
experiment_2_C_realspace_local,B_MET112,39,0.25903117656707764,0.903407096862793,-60.52;178.03;93.57,g-/t/m+,0.52;1.97;3.57,True,3.0843139640824013,CB--B:ILE113:N,3.43679303699968,"SD--sym1[1,1,0]/A:LEU110:CD1",1.9705829620361328,,27.234619140625,25.18259048461914,26.873733520507812,2.0520286560058594,True,True,False,False
experiment_2_C_realspace_local,B_MET112,40,0.25903117656707764,0.903407096862793,-60.52;178.03;93.57,g-/t/m+,0.52;1.97;3.57,True,3.0843139640824013,CB--B:ILE113:N,3.43679303699968,"SD--sym1[1,1,0]/A:LEU110:CD1",1.9705829620361328,,27.234619140625,25.18259048461914,26.873733520507812,2.0520286560058594,True,True,False,False
experiment_2_C_realspace_local,B_MET112,41,0.25903117656707764,0.903407096862793,-60.52;178.03;93.57,g-/t/m+,0.52;1.97;3.57,True,3.0843139640824013,CB--B:ILE113:N,3.43679303699968,"SD--sym1[1,1,0]/A:LEU110:CD1",1.9705829620361328,,27.234619140625,25.18259048461914,26.873733520507812,2.0520286560058594,True,True,False,False
experiment_2_C_realspace_local,B_MET112,42,0.25903117656707764,0.903407096862793,-60.52;178.03;93.57,g-/t/m+,0.52;1.97;3.57,True,3.0843139640824013,CB--B:ILE113:N,3.43679303699968,"SD--sym1[1,1,0]/A:LEU110:CD1",1.9705829620361328,,27.234619140625,25.18259048461914,26.873733520507812,2.0520286560058594,True,True,False,False
experiment_2_C_realspace_local,B_MET112,43,0.25903117656707764,0.903407096862793,-60.52;178.03;93.57,g-/t/m+,0.52;1.97;3.57,True,3.0843139640824013,CB--B:ILE113:N,3.43679303699968,"SD--sym1[1,1,0]/A:LEU110:CD1",1.9705829620361328,,27.234619140625,25.18259048461914,26.873733520507812,2.0520286560058594,True,True,False,False
experiment_2_C_realspace_local,B_MET112,44,0.25903117656707764,0.903407096862793,-60.52;178.03;93.57,g-/t/m+,0.52;1.97;3.57,True,3.0843139640824013,CB--B:ILE113:N,3.43679303699968,"SD--sym1[1,1,0]/A:LEU110:CD1",1.9705829620361328,,27.234619140625,25.18259048461914,26.873733520507812,2.0520286560058594,True,True,False,False
experiment_2_C_realspace_local,B_MET112,45,0.25903117656707764,0.903407096862793,-60.52;178.03;93.57,g-/t/m+,0.52;1.97;3.57,True,3.0843139640824013,CB--B:ILE113:N,3.43679303699968,"SD--sym1[1,1,0]/A:LEU110:CD1",1.9705829620361328,,27.234619140625,25.18259048461914,26.873733520507812,2.0520286560058594,True,True,False,False
experiment_2_C_realspace_local,B_MET112,46,0.25903117656707764,0.903407096862793,-60.52;178.03;93.57,g-/t/m+,0.52;1.97;3.57,True,3.0843139640824013,CB--B:ILE113:N,3.43679303699968,"SD--sym1[1,1,0]/A:LEU110:CD1",1.9705829620361328,,27.234619140625,25.18259048461914,26.873733520507812,2.0520286560058594,True,True,False,False
experiment_2_C_realspace_local,B_MET112,47,0.25903117656707764,0.903407096862793,-60.52;178.03;93.57,g-/t/m+,0.52;1.97;3.57,True,3.0843139640824013,CB--B:ILE113:N,3.43679303699968,"SD--sym1[1,1,0]/A:LEU110:CD1",1.9705829620361328,,27.234619140625,25.18259048461914,26.873733520507812,2.0520286560058594,True,True,False,False
experiment_2_C_realspace_local,B_MET112,48,0.25903117656707764,0.903407096862793,-60.52;178.03;93.57,g-/t/m+,0.52;1.97;3.57,True,3.0843139640824013,CB--B:ILE113:N,3.43679303699968,"SD--sym1[1,1,0]/A:LEU110:CD1",1.9705829620361328,,27.234619140625,25.18259048461914,26.873733520507812,2.0520286560058594,True,True,False,False
experiment_2_C_realspace_local,B_MET112,49,0.25903117656707764,0.903407096862793,-60.52;178.03;93.57,g-/t/m+,0.52;1.97;3.57,True,3.0843139640824013,CB--B:ILE113:N,3.43679303699968,"SD--sym1[1,1,0]/A:LEU110:CD1",1.9705829620361328,,27.234619140625,25.18259048461914,26.873733520507812,2.0520286560058594,True,True,False,False
experiment_2_C_realspace_local,B_ASP114,0,0.1448831558227539,1.177395224571228,164.23;-104.16,t/p-90,15.77;14.16,True,2.924536009967588,OD2--B:HOH14:O,5.203298571344281,"OD2--sym6[0,0,1]/A:LYS133:NZ",0.25230276584625244,OD2--B:HOH50:O:3.04A;OD2--B:HOH14:O:2.92A,26.66250991821289,25.182613372802734,28.920562744140625,1.4798965454101562,True,True,False,False
experiment_2_C_realspace_local,B_ASP114,1,0.1448831558227539,1.177395224571228,164.23;-104.16,t/p-90,15.77;14.16,True,2.924536009967588,OD2--B:HOH14:O,5.203298571344281,"OD2--sym6[0,0,1]/A:LYS133:NZ",0.25230276584625244,OD2--B:HOH50:O:3.04A;OD2--B:HOH14:O:2.92A,26.66250991821289,25.182613372802734,28.920562744140625,1.4798965454101562,True,True,False,False
experiment_2_C_realspace_local,B_ASP114,2,0.1448831558227539,1.177395224571228,164.23;-104.16,t/p-90,15.77;14.16,True,2.924536009967588,OD2--B:HOH14:O,5.203298571344281,"OD2--sym6[0,0,1]/A:LYS133:NZ",0.25230276584625244,OD2--B:HOH50:O:3.04A;OD2--B:HOH14:O:2.92A,26.66250991821289,25.182613372802734,28.920562744140625,1.4798965454101562,True,True,False,False
experiment_2_C_realspace_local,B_ASP114,3,0.1448831558227539,1.177395224571228,164.23;-104.16,t/p-90,15.77;14.16,True,2.924536009967588,OD2--B:HOH14:O,5.203298571344281,"OD2--sym6[0,0,1]/A:LYS133:NZ",0.25230276584625244,OD2--B:HOH50:O:3.04A;OD2--B:HOH14:O:2.92A,26.66250991821289,25.182613372802734,28.920562744140625,1.4798965454101562,True,True,False,False
experiment_2_C_realspace_local,B_ASP114,4,0.1448831558227539,1.177395224571228,164.23;-104.16,t/p-90,15.77;14.16,True,2.924536009967588,OD2--B:HOH14:O,5.203298571344281,"OD2--sym6[0,0,1]/A:LYS133:NZ",0.25230276584625244,OD2--B:HOH50:O:3.04A;OD2--B:HOH14:O:2.92A,26.66250991821289,25.182613372802734,28.920562744140625,1.4798965454101562,True,True,False,False
experiment_2_C_realspace_local,B_ASP114,5,0.1448831558227539,1.177395224571228,164.23;-104.16,t/p-90,15.77;14.16,True,2.924536009967588,OD2--B:HOH14:O,5.203298571344281,"OD2--sym6[0,0,1]/A:LYS133:NZ",0.25230276584625244,OD2--B:HOH50:O:3.04A;OD2--B:HOH14:O:2.92A,26.66250991821289,25.182613372802734,28.920562744140625,1.4798965454101562,True,True,False,False
experiment_2_C_realspace_local,B_ASP114,6,0.1448831558227539,1.177395224571228,164.23;-104.16,t/p-90,15.77;14.16,True,2.924536009967588,OD2--B:HOH14:O,5.203298571344281,"OD2--sym6[0,0,1]/A:LYS133:NZ",0.25230276584625244,OD2--B:HOH50:O:3.04A;OD2--B:HOH14:O:2.92A,26.66250991821289,25.182613372802734,28.920562744140625,1.4798965454101562,True,True,False,False
experiment_2_C_realspace_local,B_ASP114,7,0.1448831558227539,1.177395224571228,164.23;-104.16,t/p-90,15.77;14.16,True,2.924536009967588,OD2--B:HOH14:O,5.203298571344281,"OD2--sym6[0,0,1]/A:LYS133:NZ",0.25230276584625244,OD2--B:HOH50:O:3.04A;OD2--B:HOH14:O:2.92A,26.66250991821289,25.182613372802734,28.920562744140625,1.4798965454101562,True,True,False,False
experiment_2_C_realspace_local,B_ASP114,8,0.1448831558227539,1.177395224571228,164.23;-104.16,t/p-90,15.77;14.16,True,2.924536009967588,OD2--B:HOH14:O,5.203298571344281,"OD2--sym6[0,0,1]/A:LYS133:NZ",0.25230276584625244,OD2--B:HOH50:O:3.04A;OD2--B:HOH14:O:2.92A,26.66250991821289,25.182613372802734,28.920562744140625,1.4798965454101562,True,True,False,False
experiment_2_C_realspace_local,B_ASP114,9,0.1448831558227539,1.177395224571228,164.23;-104.16,t/p-90,15.77;14.16,True,2.924536009967588,OD2--B:HOH14:O,5.203298571344281,"OD2--sym6[0,0,1]/A:LYS133:NZ",0.25230276584625244,OD2--B:HOH50:O:3.04A;OD2--B:HOH14:O:2.92A,26.66250991821289,25.182613372802734,28.920562744140625,1.4798965454101562,True,True,False,False
experiment_2_C_realspace_local,B_ASP114,10,0.1448831558227539,1.177395224571228,164.23;-104.16,t/p-90,15.77;14.16,True,2.924536009967588,OD2--B:HOH14:O,5.203298571344281,"OD2--sym6[0,0,1]/A:LYS133:NZ",0.25230276584625244,OD2--B:HOH50:O:3.04A;OD2--B:HOH14:O:2.92A,26.66250991821289,25.182613372802734,28.920562744140625,1.4798965454101562,True,True,False,False
experiment_2_C_realspace_local,B_ASP114,11,0.1448831558227539,1.177395224571228,164.23;-104.16,t/p-90,15.77;14.16,True,2.924536009967588,OD2--B:HOH14:O,5.203298571344281,"OD2--sym6[0,0,1]/A:LYS133:NZ",0.25230276584625244,OD2--B:HOH50:O:3.04A;OD2--B:HOH14:O:2.92A,26.66250991821289,25.182613372802734,28.920562744140625,1.4798965454101562,True,True,False,False
experiment_2_C_realspace_local,B_ASP114,12,0.1448831558227539,1.177395224571228,164.23;-104.16,t/p-90,15.77;14.16,True,2.924536009967588,OD2--B:HOH14:O,5.203298571344281,"OD2--sym6[0,0,1]/A:LYS133:NZ",0.25230276584625244,OD2--B:HOH50:O:3.04A;OD2--B:HOH14:O:2.92A,26.66250991821289,25.182613372802734,28.920562744140625,1.4798965454101562,True,True,False,False
experiment_2_C_realspace_local,B_ASP114,13,0.1448831558227539,1.177395224571228,164.23;-104.16,t/p-90,15.77;14.16,True,2.924536009967588,OD2--B:HOH14:O,5.203298571344281,"OD2--sym6[0,0,1]/A:LYS133:NZ",0.25230276584625244,OD2--B:HOH50:O:3.04A;OD2--B:HOH14:O:2.92A,26.66250991821289,25.182613372802734,28.920562744140625,1.4798965454101562,True,True,False,False
experiment_2_C_realspace_local,B_ASP114,14,0.1448831558227539,1.177395224571228,164.23;-104.16,t/p-90,15.77;14.16,True,2.924536009967588,OD2--B:HOH14:O,5.203298571344281,"OD2--sym6[0,0,1]/A:LYS133:NZ",0.25230276584625244,OD2--B:HOH50:O:3.04A;OD2--B:HOH14:O:2.92A,26.66250991821289,25.182613372802734,28.920562744140625,1.4798965454101562,True,True,False,False
experiment_2_C_realspace_local,B_ASP114,15,0.1448831558227539,1.177395224571228,164.23;-104.16,t/p-90,15.77;14.16,True,2.924536009967588,OD2--B:HOH14:O,5.203298571344281,"OD2--sym6[0,0,1]/A:LYS133:NZ",0.25230276584625244,OD2--B:HOH50:O:3.04A;OD2--B:HOH14:O:2.92A,26.66250991821289,25.182613372802734,28.920562744140625,1.4798965454101562,True,True,False,False
experiment_2_C_realspace_local,B_ASP114,16,0.1448831558227539,1.177395224571228,164.23;-104.16,t/p-90,15.77;14.16,True,2.924536009967588,OD2--B:HOH14:O,5.203298571344281,"OD2--sym6[0,0,1]/A:LYS133:NZ",0.25230276584625244,OD2--B:HOH50:O:3.04A;OD2--B:HOH14:O:2.92A,26.66250991821289,25.182613372802734,28.920562744140625,1.4798965454101562,True,True,False,False
experiment_2_C_realspace_local,B_ASP114,17,0.1448831558227539,1.177395224571228,164.23;-104.16,t/p-90,15.77;14.16,True,2.924536009967588,OD2--B:HOH14:O,5.203298571344281,"OD2--sym6[0,0,1]/A:LYS133:NZ",0.25230276584625244,OD2--B:HOH50:O:3.04A;OD2--B:HOH14:O:2.92A,26.66250991821289,25.182613372802734,28.920562744140625,1.4798965454101562,True,True,False,False
experiment_2_C_realspace_local,B_ASP114,18,0.1448831558227539,1.177395224571228,164.23;-104.16,t/p-90,15.77;14.16,True,2.924536009967588,OD2--B:HOH14:O,5.203298571344281,"OD2--sym6[0,0,1]/A:LYS133:NZ",0.25230276584625244,OD2--B:HOH50:O:3.04A;OD2--B:HOH14:O:2.92A,26.66250991821289,25.182613372802734,28.920562744140625,1.4798965454101562,True,True,False,False
experiment_2_C_realspace_local,B_ASP114,19,0.1448831558227539,1.177395224571228,164.23;-104.16,t/p-90,15.77;14.16,True,2.924536009967588,OD2--B:HOH14:O,5.203298571344281,"OD2--sym6[0,0,1]/A:LYS133:NZ",0.25230276584625244,OD2--B:HOH50:O:3.04A;OD2--B:HOH14:O:2.92A,26.66250991821289,25.182613372802734,28.920562744140625,1.4798965454101562,True,True,False,False
experiment_2_C_realspace_local,B_ASP114,20,0.1448831558227539,1.177395224571228,164.23;-104.16,t/p-90,15.77;14.16,True,2.924536009967588,OD2--B:HOH14:O,5.203298571344281,"OD2--sym6[0,0,1]/A:LYS133:NZ",0.25230276584625244,OD2--B:HOH50:O:3.04A;OD2--B:HOH14:O:2.92A,26.66250991821289,25.182613372802734,28.920562744140625,1.4798965454101562,True,True,False,False
experiment_2_C_realspace_local,B_ASP114,21,0.1448831558227539,1.177395224571228,164.23;-104.16,t/p-90,15.77;14.16,True,2.924536009967588,OD2--B:HOH14:O,5.203298571344281,"OD2--sym6[0,0,1]/A:LYS133:NZ",0.25230276584625244,OD2--B:HOH50:O:3.04A;OD2--B:HOH14:O:2.92A,26.66250991821289,25.182613372802734,28.920562744140625,1.4798965454101562,True,True,False,False
experiment_2_C_realspace_local,B_ASP114,22,0.1448831558227539,1.177395224571228,164.23;-104.16,t/p-90,15.77;14.16,True,2.924536009967588,OD2--B:HOH14:O,5.203298571344281,"OD2--sym6[0,0,1]/A:LYS133:NZ",0.25230276584625244,OD2--B:HOH50:O:3.04A;OD2--B:HOH14:O:2.92A,26.66250991821289,25.182613372802734,28.920562744140625,1.4798965454101562,True,True,False,False
experiment_2_C_realspace_local,B_ASP114,23,0.1448831558227539,1.177395224571228,164.23;-104.16,t/p-90,15.77;14.16,True,2.924536009967588,OD2--B:HOH14:O,5.203298571344281,"OD2--sym6[0,0,1]/A:LYS133:NZ",0.25230276584625244,OD2--B:HOH50:O:3.04A;OD2--B:HOH14:O:2.92A,26.66250991821289,25.182613372802734,28.920562744140625,1.4798965454101562,True,True,False,False
experiment_2_C_realspace_local,B_ASP114,24,0.1448831558227539,1.177395224571228,164.23;-104.16,t/p-90,15.77;14.16,True,2.924536009967588,OD2--B:HOH14:O,5.203298571344281,"OD2--sym6[0,0,1]/A:LYS133:NZ",0.25230276584625244,OD2--B:HOH50:O:3.04A;OD2--B:HOH14:O:2.92A,26.66250991821289,25.182613372802734,28.920562744140625,1.4798965454101562,True,True,False,False
experiment_2_C_realspace_local,B_ASP114,25,0.1448831558227539,1.177395224571228,164.23;-104.16,t/p-90,15.77;14.16,True,2.924536009967588,OD2--B:HOH14:O,5.203298571344281,"OD2--sym6[0,0,1]/A:LYS133:NZ",0.25230276584625244,OD2--B:HOH50:O:3.04A;OD2--B:HOH14:O:2.92A,26.66250991821289,25.182613372802734,28.920562744140625,1.4798965454101562,True,True,False,False
experiment_2_C_realspace_local,B_ASP114,26,0.1448831558227539,1.177395224571228,164.23;-104.16,t/p-90,15.77;14.16,True,2.924536009967588,OD2--B:HOH14:O,5.203298571344281,"OD2--sym6[0,0,1]/A:LYS133:NZ",0.25230276584625244,OD2--B:HOH50:O:3.04A;OD2--B:HOH14:O:2.92A,26.66250991821289,25.182613372802734,28.920562744140625,1.4798965454101562,True,True,False,False
experiment_2_C_realspace_local,B_ASP114,27,0.1448831558227539,1.177395224571228,164.23;-104.16,t/p-90,15.77;14.16,True,2.924536009967588,OD2--B:HOH14:O,5.203298571344281,"OD2--sym6[0,0,1]/A:LYS133:NZ",0.25230276584625244,OD2--B:HOH50:O:3.04A;OD2--B:HOH14:O:2.92A,26.66250991821289,25.182613372802734,28.920562744140625,1.4798965454101562,True,True,False,False
experiment_2_C_realspace_local,B_ASP114,28,0.1448831558227539,1.177395224571228,164.23;-104.16,t/p-90,15.77;14.16,True,2.924536009967588,OD2--B:HOH14:O,5.203298571344281,"OD2--sym6[0,0,1]/A:LYS133:NZ",0.25230276584625244,OD2--B:HOH50:O:3.04A;OD2--B:HOH14:O:2.92A,26.66250991821289,25.182613372802734,28.920562744140625,1.4798965454101562,True,True,False,False
experiment_2_C_realspace_local,B_ASP114,29,0.1448831558227539,1.177395224571228,164.23;-104.16,t/p-90,15.77;14.16,True,2.924536009967588,OD2--B:HOH14:O,5.203298571344281,"OD2--sym6[0,0,1]/A:LYS133:NZ",0.25230276584625244,OD2--B:HOH50:O:3.04A;OD2--B:HOH14:O:2.92A,26.66250991821289,25.182613372802734,28.920562744140625,1.4798965454101562,True,True,False,False
experiment_2_C_realspace_local,B_ASP114,30,0.1448831558227539,1.177395224571228,164.23;-104.16,t/p-90,15.77;14.16,True,2.924536009967588,OD2--B:HOH14:O,5.203298571344281,"OD2--sym6[0,0,1]/A:LYS133:NZ",0.25230276584625244,OD2--B:HOH50:O:3.04A;OD2--B:HOH14:O:2.92A,26.66250991821289,25.182613372802734,28.920562744140625,1.4798965454101562,True,True,False,False
experiment_2_C_realspace_local,B_ASP114,31,0.1448831558227539,1.177395224571228,164.23;-104.16,t/p-90,15.77;14.16,True,2.924536009967588,OD2--B:HOH14:O,5.203298571344281,"OD2--sym6[0,0,1]/A:LYS133:NZ",0.25230276584625244,OD2--B:HOH50:O:3.04A;OD2--B:HOH14:O:2.92A,26.66250991821289,25.182613372802734,28.920562744140625,1.4798965454101562,True,True,False,False
experiment_2_C_realspace_local,B_ASP114,32,0.1448831558227539,1.177395224571228,164.23;-104.16,t/p-90,15.77;14.16,True,2.924536009967588,OD2--B:HOH14:O,5.203298571344281,"OD2--sym6[0,0,1]/A:LYS133:NZ",0.25230276584625244,OD2--B:HOH50:O:3.04A;OD2--B:HOH14:O:2.92A,26.66250991821289,25.182613372802734,28.920562744140625,1.4798965454101562,True,True,False,False
experiment_2_C_realspace_local,B_ASP114,33,0.1448831558227539,1.177395224571228,164.23;-104.16,t/p-90,15.77;14.16,True,2.924536009967588,OD2--B:HOH14:O,5.203298571344281,"OD2--sym6[0,0,1]/A:LYS133:NZ",0.25230276584625244,OD2--B:HOH50:O:3.04A;OD2--B:HOH14:O:2.92A,26.66250991821289,25.182613372802734,28.920562744140625,1.4798965454101562,True,True,False,False
experiment_2_C_realspace_local,B_ASP114,34,0.1448831558227539,1.177395224571228,164.23;-104.16,t/p-90,15.77;14.16,True,2.924536009967588,OD2--B:HOH14:O,5.203298571344281,"OD2--sym6[0,0,1]/A:LYS133:NZ",0.25230276584625244,OD2--B:HOH50:O:3.04A;OD2--B:HOH14:O:2.92A,26.66250991821289,25.182613372802734,28.920562744140625,1.4798965454101562,True,True,False,False
experiment_2_C_realspace_local,B_ASP114,35,0.1448831558227539,1.177395224571228,164.23;-104.16,t/p-90,15.77;14.16,True,2.924536009967588,OD2--B:HOH14:O,5.203298571344281,"OD2--sym6[0,0,1]/A:LYS133:NZ",0.25230276584625244,OD2--B:HOH50:O:3.04A;OD2--B:HOH14:O:2.92A,26.66250991821289,25.182613372802734,28.920562744140625,1.4798965454101562,True,True,False,False
experiment_2_C_realspace_local,B_ASP114,36,0.1448831558227539,1.177395224571228,164.23;-104.16,t/p-90,15.77;14.16,True,2.924536009967588,OD2--B:HOH14:O,5.203298571344281,"OD2--sym6[0,0,1]/A:LYS133:NZ",0.25230276584625244,OD2--B:HOH50:O:3.04A;OD2--B:HOH14:O:2.92A,26.66250991821289,25.182613372802734,28.920562744140625,1.4798965454101562,True,True,False,False
experiment_2_C_realspace_local,B_ASP114,37,0.1448831558227539,1.177395224571228,164.23;-104.16,t/p-90,15.77;14.16,True,2.924536009967588,OD2--B:HOH14:O,5.203298571344281,"OD2--sym6[0,0,1]/A:LYS133:NZ",0.25230276584625244,OD2--B:HOH50:O:3.04A;OD2--B:HOH14:O:2.92A,26.66250991821289,25.182613372802734,28.920562744140625,1.4798965454101562,True,True,False,False
experiment_2_C_realspace_local,B_ASP114,38,0.1448831558227539,1.177395224571228,164.23;-104.16,t/p-90,15.77;14.16,True,2.924536009967588,OD2--B:HOH14:O,5.203298571344281,"OD2--sym6[0,0,1]/A:LYS133:NZ",0.25230276584625244,OD2--B:HOH50:O:3.04A;OD2--B:HOH14:O:2.92A,26.66250991821289,25.182613372802734,28.920562744140625,1.4798965454101562,True,True,False,False
experiment_2_C_realspace_local,B_ASP114,39,0.1448831558227539,1.177395224571228,164.23;-104.16,t/p-90,15.77;14.16,True,2.924536009967588,OD2--B:HOH14:O,5.203298571344281,"OD2--sym6[0,0,1]/A:LYS133:NZ",0.25230276584625244,OD2--B:HOH50:O:3.04A;OD2--B:HOH14:O:2.92A,26.66250991821289,25.182613372802734,28.920562744140625,1.4798965454101562,True,True,False,False
experiment_2_C_realspace_local,B_ASP114,40,0.1448831558227539,1.177395224571228,164.23;-104.16,t/p-90,15.77;14.16,True,2.924536009967588,OD2--B:HOH14:O,5.203298571344281,"OD2--sym6[0,0,1]/A:LYS133:NZ",0.25230276584625244,OD2--B:HOH50:O:3.04A;OD2--B:HOH14:O:2.92A,26.66250991821289,25.182613372802734,28.920562744140625,1.4798965454101562,True,True,False,False
experiment_2_C_realspace_local,B_ASP114,41,0.1448831558227539,1.177395224571228,164.23;-104.16,t/p-90,15.77;14.16,True,2.924536009967588,OD2--B:HOH14:O,5.203298571344281,"OD2--sym6[0,0,1]/A:LYS133:NZ",0.25230276584625244,OD2--B:HOH50:O:3.04A;OD2--B:HOH14:O:2.92A,26.66250991821289,25.182613372802734,28.920562744140625,1.4798965454101562,True,True,False,False
experiment_2_C_realspace_local,B_ASP114,42,0.1448831558227539,1.177395224571228,164.23;-104.16,t/p-90,15.77;14.16,True,2.924536009967588,OD2--B:HOH14:O,5.203298571344281,"OD2--sym6[0,0,1]/A:LYS133:NZ",0.25230276584625244,OD2--B:HOH50:O:3.04A;OD2--B:HOH14:O:2.92A,26.66250991821289,25.182613372802734,28.920562744140625,1.4798965454101562,True,True,False,False
experiment_2_C_realspace_local,B_ASP114,43,0.1448831558227539,1.177395224571228,164.23;-104.16,t/p-90,15.77;14.16,True,2.924536009967588,OD2--B:HOH14:O,5.203298571344281,"OD2--sym6[0,0,1]/A:LYS133:NZ",0.25230276584625244,OD2--B:HOH50:O:3.04A;OD2--B:HOH14:O:2.92A,26.66250991821289,25.182613372802734,28.920562744140625,1.4798965454101562,True,True,False,False
experiment_2_C_realspace_local,B_ASP114,44,0.1448831558227539,1.177395224571228,164.23;-104.16,t/p-90,15.77;14.16,True,2.924536009967588,OD2--B:HOH14:O,5.203298571344281,"OD2--sym6[0,0,1]/A:LYS133:NZ",0.25230276584625244,OD2--B:HOH50:O:3.04A;OD2--B:HOH14:O:2.92A,26.66250991821289,25.182613372802734,28.920562744140625,1.4798965454101562,True,True,False,False
experiment_2_C_realspace_local,B_ASP114,45,0.1448831558227539,1.177395224571228,164.23;-104.16,t/p-90,15.77;14.16,True,2.924536009967588,OD2--B:HOH14:O,5.203298571344281,"OD2--sym6[0,0,1]/A:LYS133:NZ",0.25230276584625244,OD2--B:HOH50:O:3.04A;OD2--B:HOH14:O:2.92A,26.66250991821289,25.182613372802734,28.920562744140625,1.4798965454101562,True,True,False,False
experiment_2_C_realspace_local,B_ASP114,46,0.1448831558227539,1.177395224571228,164.23;-104.16,t/p-90,15.77;14.16,True,2.924536009967588,OD2--B:HOH14:O,5.203298571344281,"OD2--sym6[0,0,1]/A:LYS133:NZ",0.25230276584625244,OD2--B:HOH50:O:3.04A;OD2--B:HOH14:O:2.92A,26.66250991821289,25.182613372802734,28.920562744140625,1.4798965454101562,True,True,False,False
experiment_2_C_realspace_local,B_ASP114,47,0.1448831558227539,1.177395224571228,164.23;-104.16,t/p-90,15.77;14.16,True,2.924536009967588,OD2--B:HOH14:O,5.203298571344281,"OD2--sym6[0,0,1]/A:LYS133:NZ",0.25230276584625244,OD2--B:HOH50:O:3.04A;OD2--B:HOH14:O:2.92A,26.66250991821289,25.182613372802734,28.920562744140625,1.4798965454101562,True,True,False,False
experiment_2_C_realspace_local,B_ASP114,48,0.1448831558227539,1.177395224571228,164.23;-104.16,t/p-90,15.77;14.16,True,2.924536009967588,OD2--B:HOH14:O,5.203298571344281,"OD2--sym6[0,0,1]/A:LYS133:NZ",0.25230276584625244,OD2--B:HOH50:O:3.04A;OD2--B:HOH14:O:2.92A,26.66250991821289,25.182613372802734,28.920562744140625,1.4798965454101562,True,True,False,False
experiment_2_C_realspace_local,B_ASP114,49,0.1448831558227539,1.177395224571228,164.23;-104.16,t/p-90,15.77;14.16,True,2.924536009967588,OD2--B:HOH14:O,5.203298571344281,"OD2--sym6[0,0,1]/A:LYS133:NZ",0.25230276584625244,OD2--B:HOH50:O:3.04A;OD2--B:HOH14:O:2.92A,26.66250991821289,25.182613372802734,28.920562744140625,1.4798965454101562,True,True,False,False
experiment_2_C_realspace_local,B_ARG129,0,0.5284071564674377,1.454944133758545,-77.17;-142.58;-55.41;138.05,g-/t/g-/p180,17.17;37.42;4.59;41.95,False,3.1618601278270484,CB--B:ILE130:N,2.283830768274773,"NH2--sym1[1,1,0]/A:TYR131:CZ",0.13699667155742645,,26.675739288330078,25.18259048461914,26.839664459228516,1.4931488037109375,True,False,False,False
experiment_2_C_realspace_local,B_ARG129,1,0.5284072756767273,1.454944133758545,-77.17;-142.58;-55.41;138.05,g-/t/g-/p180,17.17;37.42;4.59;41.95,False,3.1618601278270484,CB--B:ILE130:N,2.283830768274773,"NH2--sym1[1,1,0]/A:TYR131:CZ",0.13699617981910706,,26.675739288330078,25.18259048461914,26.839664459228516,1.4931488037109375,True,False,False,False
experiment_2_C_realspace_local,B_ARG129,2,0.5284072756767273,1.454944133758545,-77.17;-142.58;-55.41;138.05,g-/t/g-/p180,17.17;37.42;4.59;41.95,False,3.1618601278270484,CB--B:ILE130:N,2.283830768274773,"NH2--sym1[1,1,0]/A:TYR131:CZ",0.13699617981910706,,26.675739288330078,25.18259048461914,26.839664459228516,1.4931488037109375,True,False,False,False
experiment_2_C_realspace_local,B_ARG129,3,0.5284072756767273,1.454944133758545,-77.17;-142.58;-55.41;138.05,g-/t/g-/p180,17.17;37.42;4.59;41.95,False,3.1618601278270484,CB--B:ILE130:N,2.283830768274773,"NH2--sym1[1,1,0]/A:TYR131:CZ",0.13699617981910706,,26.675739288330078,25.18259048461914,26.839664459228516,1.4931488037109375,True,False,False,False
experiment_2_C_realspace_local,B_ARG129,4,0.5284072756767273,1.454944133758545,-77.17;-142.58;-55.41;138.05,g-/t/g-/p180,17.17;37.42;4.59;41.95,False,3.1618601278270484,CB--B:ILE130:N,2.283830768274773,"NH2--sym1[1,1,0]/A:TYR131:CZ",0.13699617981910706,,26.675739288330078,25.18259048461914,26.839664459228516,1.4931488037109375,True,False,False,False
experiment_2_C_realspace_local,B_ARG129,5,0.5284072756767273,1.454944133758545,-77.17;-142.58;-55.41;138.05,g-/t/g-/p180,17.17;37.42;4.59;41.95,False,3.1618601278270484,CB--B:ILE130:N,2.283830768274773,"NH2--sym1[1,1,0]/A:TYR131:CZ",0.13699617981910706,,26.675739288330078,25.18259048461914,26.839664459228516,1.4931488037109375,True,False,False,False
experiment_2_C_realspace_local,B_ARG129,6,0.5284071564674377,1.454944133758545,-77.17;-142.58;-55.41;138.05,g-/t/g-/p180,17.17;37.42;4.59;41.95,False,3.1618601278270484,CB--B:ILE130:N,2.283830768274773,"NH2--sym1[1,1,0]/A:TYR131:CZ",0.13699667155742645,,26.675739288330078,25.18259048461914,26.839664459228516,1.4931488037109375,True,False,False,False
experiment_2_C_realspace_local,B_ARG129,7,0.5284071564674377,1.454944133758545,-77.17;-142.58;-55.41;138.05,g-/t/g-/p180,17.17;37.42;4.59;41.95,False,3.1618601278270484,CB--B:ILE130:N,2.283830768274773,"NH2--sym1[1,1,0]/A:TYR131:CZ",0.13699667155742645,,26.675739288330078,25.18259048461914,26.839664459228516,1.4931488037109375,True,False,False,False
experiment_2_C_realspace_local,B_ARG129,8,0.5284072756767273,1.454944133758545,-77.17;-142.58;-55.41;138.05,g-/t/g-/p180,17.17;37.42;4.59;41.95,False,3.1618601278270484,CB--B:ILE130:N,2.283830768274773,"NH2--sym1[1,1,0]/A:TYR131:CZ",0.13699617981910706,,26.675739288330078,25.18259048461914,26.839664459228516,1.4931488037109375,True,False,False,False
experiment_2_C_realspace_local,B_ARG129,9,0.5284071564674377,1.454944133758545,-77.17;-142.58;-55.41;138.05,g-/t/g-/p180,17.17;37.42;4.59;41.95,False,3.1618601278270484,CB--B:ILE130:N,2.283830768274773,"NH2--sym1[1,1,0]/A:TYR131:CZ",0.13699667155742645,,26.675739288330078,25.18259048461914,26.839664459228516,1.4931488037109375,True,False,False,False
experiment_2_C_realspace_local,B_ARG129,10,0.528407096862793,1.454944133758545,-77.17;-142.58;-55.41;138.05,g-/t/g-/p180,17.17;37.42;4.59;41.95,False,3.1618601278270484,CB--B:ILE130:N,2.283830768274773,"NH2--sym1[1,1,0]/A:TYR131:CZ",0.1369962841272354,,26.675739288330078,25.18259048461914,26.839664459228516,1.4931488037109375,True,False,False,False
experiment_2_C_realspace_local,B_ARG129,11,0.5284071564674377,1.454944133758545,-77.17;-142.58;-55.41;138.05,g-/t/g-/p180,17.17;37.42;4.59;41.95,False,3.1618601278270484,CB--B:ILE130:N,2.283830768274773,"NH2--sym1[1,1,0]/A:TYR131:CZ",0.13699667155742645,,26.675739288330078,25.18259048461914,26.839664459228516,1.4931488037109375,True,False,False,False
experiment_2_C_realspace_local,B_ARG129,12,0.5284072756767273,1.454944133758545,-77.17;-142.58;-55.41;138.05,g-/t/g-/p180,17.17;37.42;4.59;41.95,False,3.1618601278270484,CB--B:ILE130:N,2.283830768274773,"NH2--sym1[1,1,0]/A:TYR131:CZ",0.13699617981910706,,26.675739288330078,25.18259048461914,26.839664459228516,1.4931488037109375,True,False,False,False
experiment_2_C_realspace_local,B_ARG129,13,0.528407096862793,1.454944133758545,-77.17;-142.58;-55.41;138.05,g-/t/g-/p180,17.17;37.42;4.59;41.95,False,3.1618601278270484,CB--B:ILE130:N,2.283830768274773,"NH2--sym1[1,1,0]/A:TYR131:CZ",0.1369962841272354,,26.675739288330078,25.18259048461914,26.839664459228516,1.4931488037109375,True,False,False,False
experiment_2_C_realspace_local,B_ARG129,14,0.5284071564674377,1.454944133758545,-77.17;-142.58;-55.41;138.05,g-/t/g-/p180,17.17;37.42;4.59;41.95,False,3.1618601278270484,CB--B:ILE130:N,2.283830768274773,"NH2--sym1[1,1,0]/A:TYR131:CZ",0.13699667155742645,,26.675739288330078,25.18259048461914,26.839664459228516,1.4931488037109375,True,False,False,False
experiment_2_C_realspace_local,B_ARG129,15,0.5284072756767273,1.454944133758545,-77.17;-142.58;-55.41;138.05,g-/t/g-/p180,17.17;37.42;4.59;41.95,False,3.1618601278270484,CB--B:ILE130:N,2.283830768274773,"NH2--sym1[1,1,0]/A:TYR131:CZ",0.13699617981910706,,26.675739288330078,25.18259048461914,26.839664459228516,1.4931488037109375,True,False,False,False
experiment_2_C_realspace_local,B_ARG129,16,0.5284072756767273,1.454944133758545,-77.17;-142.58;-55.41;138.05,g-/t/g-/p180,17.17;37.42;4.59;41.95,False,3.1618601278270484,CB--B:ILE130:N,2.283830768274773,"NH2--sym1[1,1,0]/A:TYR131:CZ",0.13699617981910706,,26.675739288330078,25.18259048461914,26.839664459228516,1.4931488037109375,True,False,False,False
experiment_2_C_realspace_local,B_ARG129,17,0.5284071564674377,1.454944133758545,-77.17;-142.58;-55.41;138.05,g-/t/g-/p180,17.17;37.42;4.59;41.95,False,3.1618601278270484,CB--B:ILE130:N,2.283830768274773,"NH2--sym1[1,1,0]/A:TYR131:CZ",0.13699667155742645,,26.675739288330078,25.18259048461914,26.839664459228516,1.4931488037109375,True,False,False,False
experiment_2_C_realspace_local,B_ARG129,18,0.5284072756767273,1.454944133758545,-77.17;-142.58;-55.41;138.05,g-/t/g-/p180,17.17;37.42;4.59;41.95,False,3.1618601278270484,CB--B:ILE130:N,2.283830768274773,"NH2--sym1[1,1,0]/A:TYR131:CZ",0.13699617981910706,,26.675739288330078,25.18259048461914,26.839664459228516,1.4931488037109375,True,False,False,False
experiment_2_C_realspace_local,B_ARG129,19,0.5284072756767273,1.454944133758545,-77.17;-142.58;-55.41;138.05,g-/t/g-/p180,17.17;37.42;4.59;41.95,False,3.1618601278270484,CB--B:ILE130:N,2.283830768274773,"NH2--sym1[1,1,0]/A:TYR131:CZ",0.13699617981910706,,26.675739288330078,25.18259048461914,26.839664459228516,1.4931488037109375,True,False,False,False
experiment_2_C_realspace_local,B_ARG129,20,0.5284072756767273,1.454944133758545,-77.17;-142.58;-55.41;138.05,g-/t/g-/p180,17.17;37.42;4.59;41.95,False,3.1618601278270484,CB--B:ILE130:N,2.283830768274773,"NH2--sym1[1,1,0]/A:TYR131:CZ",0.13699617981910706,,26.675739288330078,25.18259048461914,26.839664459228516,1.4931488037109375,True,False,False,False
experiment_2_C_realspace_local,B_ARG129,21,0.5284072756767273,1.454944133758545,-77.17;-142.58;-55.41;138.05,g-/t/g-/p180,17.17;37.42;4.59;41.95,False,3.1618601278270484,CB--B:ILE130:N,2.283830768274773,"NH2--sym1[1,1,0]/A:TYR131:CZ",0.13699617981910706,,26.675739288330078,25.18259048461914,26.839664459228516,1.4931488037109375,True,False,False,False
experiment_2_C_realspace_local,B_ARG129,22,0.5284071564674377,1.454944133758545,-77.17;-142.58;-55.41;138.05,g-/t/g-/p180,17.17;37.42;4.59;41.95,False,3.1618601278270484,CB--B:ILE130:N,2.283830768274773,"NH2--sym1[1,1,0]/A:TYR131:CZ",0.13699667155742645,,26.675739288330078,25.18259048461914,26.839664459228516,1.4931488037109375,True,False,False,False
experiment_2_C_realspace_local,B_ARG129,23,0.5284072756767273,1.454944133758545,-77.17;-142.58;-55.41;138.05,g-/t/g-/p180,17.17;37.42;4.59;41.95,False,3.1618601278270484,CB--B:ILE130:N,2.283830768274773,"NH2--sym1[1,1,0]/A:TYR131:CZ",0.13699617981910706,,26.675739288330078,25.18259048461914,26.839664459228516,1.4931488037109375,True,False,False,False
experiment_2_C_realspace_local,B_ARG129,24,0.5284071564674377,1.454944133758545,-77.17;-142.58;-55.41;138.05,g-/t/g-/p180,17.17;37.42;4.59;41.95,False,3.1618601278270484,CB--B:ILE130:N,2.283830768274773,"NH2--sym1[1,1,0]/A:TYR131:CZ",0.13699667155742645,,26.675739288330078,25.18259048461914,26.839664459228516,1.4931488037109375,True,False,False,False
experiment_2_C_realspace_local,B_ARG129,25,0.5284072756767273,1.454944133758545,-77.17;-142.58;-55.41;138.05,g-/t/g-/p180,17.17;37.42;4.59;41.95,False,3.1618601278270484,CB--B:ILE130:N,2.283830768274773,"NH2--sym1[1,1,0]/A:TYR131:CZ",0.13699617981910706,,26.675739288330078,25.18259048461914,26.839664459228516,1.4931488037109375,True,False,False,False
experiment_2_C_realspace_local,B_ARG129,26,0.5284072756767273,1.454944133758545,-77.17;-142.58;-55.41;138.05,g-/t/g-/p180,17.17;37.42;4.59;41.95,False,3.1618601278270484,CB--B:ILE130:N,2.283830768274773,"NH2--sym1[1,1,0]/A:TYR131:CZ",0.13699617981910706,,26.675739288330078,25.18259048461914,26.839664459228516,1.4931488037109375,True,False,False,False
experiment_2_C_realspace_local,B_ARG129,27,0.528407096862793,1.454944133758545,-77.17;-142.58;-55.41;138.05,g-/t/g-/p180,17.17;37.42;4.59;41.95,False,3.1618601278270484,CB--B:ILE130:N,2.283830768274773,"NH2--sym1[1,1,0]/A:TYR131:CZ",0.1369962841272354,,26.675739288330078,25.18259048461914,26.839664459228516,1.4931488037109375,True,False,False,False
experiment_2_C_realspace_local,B_ARG129,28,0.5284071564674377,1.454944133758545,-77.17;-142.58;-55.41;138.05,g-/t/g-/p180,17.17;37.42;4.59;41.95,False,3.1618601278270484,CB--B:ILE130:N,2.283830768274773,"NH2--sym1[1,1,0]/A:TYR131:CZ",0.13699667155742645,,26.675739288330078,25.18259048461914,26.839664459228516,1.4931488037109375,True,False,False,False
experiment_2_C_realspace_local,B_ARG129,29,0.5284072756767273,1.454944133758545,-77.17;-142.58;-55.41;138.05,g-/t/g-/p180,17.17;37.42;4.59;41.95,False,3.1618601278270484,CB--B:ILE130:N,2.283830768274773,"NH2--sym1[1,1,0]/A:TYR131:CZ",0.13699617981910706,,26.675739288330078,25.18259048461914,26.839664459228516,1.4931488037109375,True,False,False,False
experiment_2_C_realspace_local,B_ARG129,30,0.5284072756767273,1.454944133758545,-77.17;-142.58;-55.41;138.05,g-/t/g-/p180,17.17;37.42;4.59;41.95,False,3.1618601278270484,CB--B:ILE130:N,2.283830768274773,"NH2--sym1[1,1,0]/A:TYR131:CZ",0.13699617981910706,,26.675739288330078,25.18259048461914,26.839664459228516,1.4931488037109375,True,False,False,False
experiment_2_C_realspace_local,B_ARG129,31,0.5284072756767273,1.454944133758545,-77.17;-142.58;-55.41;138.05,g-/t/g-/p180,17.17;37.42;4.59;41.95,False,3.1618601278270484,CB--B:ILE130:N,2.283830768274773,"NH2--sym1[1,1,0]/A:TYR131:CZ",0.13699617981910706,,26.675739288330078,25.18259048461914,26.839664459228516,1.4931488037109375,True,False,False,False
experiment_2_C_realspace_local,B_ARG129,32,0.5284071564674377,1.454944133758545,-77.17;-142.58;-55.41;138.05,g-/t/g-/p180,17.17;37.42;4.59;41.95,False,3.1618601278270484,CB--B:ILE130:N,2.283830768274773,"NH2--sym1[1,1,0]/A:TYR131:CZ",0.13699667155742645,,26.675739288330078,25.18259048461914,26.839664459228516,1.4931488037109375,True,False,False,False
experiment_2_C_realspace_local,B_ARG129,33,0.528407096862793,1.454944133758545,-77.17;-142.58;-55.41;138.05,g-/t/g-/p180,17.17;37.42;4.59;41.95,False,3.1618601278270484,CB--B:ILE130:N,2.283830768274773,"NH2--sym1[1,1,0]/A:TYR131:CZ",0.1369962841272354,,26.675739288330078,25.18259048461914,26.839664459228516,1.4931488037109375,True,False,False,False
experiment_2_C_realspace_local,B_ARG129,34,0.5284071564674377,1.454944133758545,-77.17;-142.58;-55.41;138.05,g-/t/g-/p180,17.17;37.42;4.59;41.95,False,3.1618601278270484,CB--B:ILE130:N,2.283830768274773,"NH2--sym1[1,1,0]/A:TYR131:CZ",0.13699667155742645,,26.675739288330078,25.18259048461914,26.839664459228516,1.4931488037109375,True,False,False,False
experiment_2_C_realspace_local,B_ARG129,35,0.528407096862793,1.454944133758545,-77.17;-142.58;-55.41;138.05,g-/t/g-/p180,17.17;37.42;4.59;41.95,False,3.1618601278270484,CB--B:ILE130:N,2.283830768274773,"NH2--sym1[1,1,0]/A:TYR131:CZ",0.1369962841272354,,26.675739288330078,25.18259048461914,26.839664459228516,1.4931488037109375,True,False,False,False
experiment_2_C_realspace_local,B_ARG129,36,0.5284071564674377,1.454944133758545,-77.17;-142.58;-55.41;138.05,g-/t/g-/p180,17.17;37.42;4.59;41.95,False,3.1618601278270484,CB--B:ILE130:N,2.283830768274773,"NH2--sym1[1,1,0]/A:TYR131:CZ",0.13699667155742645,,26.675739288330078,25.18259048461914,26.839664459228516,1.4931488037109375,True,False,False,False
experiment_2_C_realspace_local,B_ARG129,37,0.5284072756767273,1.454944133758545,-77.17;-142.58;-55.41;138.05,g-/t/g-/p180,17.17;37.42;4.59;41.95,False,3.1618601278270484,CB--B:ILE130:N,2.283830768274773,"NH2--sym1[1,1,0]/A:TYR131:CZ",0.13699617981910706,,26.675739288330078,25.18259048461914,26.839664459228516,1.4931488037109375,True,False,False,False
experiment_2_C_realspace_local,B_ARG129,38,0.5284071564674377,1.454944133758545,-77.17;-142.58;-55.41;138.05,g-/t/g-/p180,17.17;37.42;4.59;41.95,False,3.1618601278270484,CB--B:ILE130:N,2.283830768274773,"NH2--sym1[1,1,0]/A:TYR131:CZ",0.13699667155742645,,26.675739288330078,25.18259048461914,26.839664459228516,1.4931488037109375,True,False,False,False
experiment_2_C_realspace_local,B_ARG129,39,0.528407096862793,1.454944133758545,-77.17;-142.58;-55.41;138.05,g-/t/g-/p180,17.17;37.42;4.59;41.95,False,3.1618601278270484,CB--B:ILE130:N,2.283830768274773,"NH2--sym1[1,1,0]/A:TYR131:CZ",0.1369962841272354,,26.675739288330078,25.18259048461914,26.839664459228516,1.4931488037109375,True,False,False,False
experiment_2_C_realspace_local,B_ARG129,40,0.5284072756767273,1.454944133758545,-77.17;-142.58;-55.41;138.05,g-/t/g-/p180,17.17;37.42;4.59;41.95,False,3.1618601278270484,CB--B:ILE130:N,2.283830768274773,"NH2--sym1[1,1,0]/A:TYR131:CZ",0.13699617981910706,,26.675739288330078,25.18259048461914,26.839664459228516,1.4931488037109375,True,False,False,False
experiment_2_C_realspace_local,B_ARG129,41,0.5284071564674377,1.454944133758545,-77.17;-142.58;-55.41;138.05,g-/t/g-/p180,17.17;37.42;4.59;41.95,False,3.1618601278270484,CB--B:ILE130:N,2.283830768274773,"NH2--sym1[1,1,0]/A:TYR131:CZ",0.13699667155742645,,26.675739288330078,25.18259048461914,26.839664459228516,1.4931488037109375,True,False,False,False
experiment_2_C_realspace_local,B_ARG129,42,0.5284071564674377,1.454944133758545,-77.17;-142.58;-55.41;138.05,g-/t/g-/p180,17.17;37.42;4.59;41.95,False,3.1618601278270484,CB--B:ILE130:N,2.283830768274773,"NH2--sym1[1,1,0]/A:TYR131:CZ",0.13699667155742645,,26.675739288330078,25.18259048461914,26.839664459228516,1.4931488037109375,True,False,False,False
experiment_2_C_realspace_local,B_ARG129,43,0.5284072756767273,1.454944133758545,-77.17;-142.58;-55.41;138.05,g-/t/g-/p180,17.17;37.42;4.59;41.95,False,3.1618601278270484,CB--B:ILE130:N,2.283830768274773,"NH2--sym1[1,1,0]/A:TYR131:CZ",0.13699617981910706,,26.675739288330078,25.18259048461914,26.839664459228516,1.4931488037109375,True,False,False,False
experiment_2_C_realspace_local,B_ARG129,44,0.5284072756767273,1.454944133758545,-77.17;-142.58;-55.41;138.05,g-/t/g-/p180,17.17;37.42;4.59;41.95,False,3.1618601278270484,CB--B:ILE130:N,2.283830768274773,"NH2--sym1[1,1,0]/A:TYR131:CZ",0.13699617981910706,,26.675739288330078,25.18259048461914,26.839664459228516,1.4931488037109375,True,False,False,False
experiment_2_C_realspace_local,B_ARG129,45,0.5284072756767273,1.454944133758545,-77.17;-142.58;-55.41;138.05,g-/t/g-/p180,17.17;37.42;4.59;41.95,False,3.1618601278270484,CB--B:ILE130:N,2.283830768274773,"NH2--sym1[1,1,0]/A:TYR131:CZ",0.13699617981910706,,26.675739288330078,25.18259048461914,26.839664459228516,1.4931488037109375,True,False,False,False
experiment_2_C_realspace_local,B_ARG129,46,0.5284072756767273,1.454944133758545,-77.17;-142.58;-55.41;138.05,g-/t/g-/p180,17.17;37.42;4.59;41.95,False,3.1618601278270484,CB--B:ILE130:N,2.283830768274773,"NH2--sym1[1,1,0]/A:TYR131:CZ",0.13699617981910706,,26.675739288330078,25.18259048461914,26.839664459228516,1.4931488037109375,True,False,False,False
experiment_2_C_realspace_local,B_ARG129,47,0.5284072756767273,1.454944133758545,-77.17;-142.58;-55.41;138.05,g-/t/g-/p180,17.17;37.42;4.59;41.95,False,3.1618601278270484,CB--B:ILE130:N,2.283830768274773,"NH2--sym1[1,1,0]/A:TYR131:CZ",0.13699617981910706,,26.675739288330078,25.18259048461914,26.839664459228516,1.4931488037109375,True,False,False,False
experiment_2_C_realspace_local,B_ARG129,48,0.5284072756767273,1.454944133758545,-77.17;-142.58;-55.41;138.05,g-/t/g-/p180,17.17;37.42;4.59;41.95,False,3.1618601278270484,CB--B:ILE130:N,2.283830768274773,"NH2--sym1[1,1,0]/A:TYR131:CZ",0.13699617981910706,,26.675739288330078,25.18259048461914,26.839664459228516,1.4931488037109375,True,False,False,False
experiment_2_C_realspace_local,B_ARG129,49,0.5284071564674377,1.454944133758545,-77.17;-142.58;-55.41;138.05,g-/t/g-/p180,17.17;37.42;4.59;41.95,False,3.1618601278270484,CB--B:ILE130:N,2.283830768274773,"NH2--sym1[1,1,0]/A:TYR131:CZ",0.13699667155742645,,26.675739288330078,25.18259048461914,26.839664459228516,1.4931488037109375,True,False,False,False
