target,site,start,final_loss,best_loss,best_stage1_loss,best_refinement_loss,density_schedule,fixed_occupancy_steps,released_occupancy_steps,fixed_boundary_density_loss,fixed_boundary_occupancies,fixed_boundary_chi_radians,fixed_boundary_rmsd_to_A,fixed_boundary_rmsd_to_B,fixed_boundary_found_A,fixed_boundary_found_B,fixed_boundary_both_found,seeded_A_slot,fixed_boundary_seeded_A_rmsd,stage1_seeded_A_rmsd,final_seeded_A_rmsd,final_seeded_A_occupancy,stage1_density_loss,stage1_occupancies,stage1_chi_radians,final_density_loss,final_vdw_loss,final_rotamer_loss,final_symmetry_loss,occupancies,rmsd_to_A,rmsd_to_B,rmsd_definition,assignments,target_A_occupancy,target_B_occupancy,predicted_A_occupancy,predicted_B_occupancy,found_A,found_B,occupancy_accurate,ensemble_success,direct_min_distances,symmetry_min_distances,rotamer_max_deviation_degrees,canonical_flags,endpoint_physical_valid,joint_success_without_tmol,active_conformers,final_chi_radians
synthetic,3A1C_B_ARG447,0,5.529430389404297,5.529419422149658,0.000762901792768389,5.529419422149658,4A:200:lr1|2A:200:lr0.1|0A:200:lr0.01,0,600,nan,nan;nan;nan;nan,nan;nan;nan;nan|nan;nan;nan;nan|nan;nan;nan;nan|nan;nan;nan;nan,nan;nan;nan;nan,nan;nan;nan;nan,False,False,False,-1,nan,nan,nan,nan,0.008145819418132305,0.41245025;0.094475411;0.44316477;0.049909506,-0.70785743;-1.1930186;0.68713492;1.1100093|2.1290541;-0.90101081;2.1767974;-0.8078931|2.2563117;-0.6580255;1.0314004;3.0079532|0.79872894;-1.2582538;2.8784831;-2.3428943,0.019330894574522972,5.4532270431518555,0.11374437808990479,0.0,0.42229721;0.0079761082;0.56760496;0.0021217098,0.32094848;4.4793739;5.9358616;5.4227967,5.6690965;2.1280441;0.27345046;3.8876295,sqrt(mean_atoms(sum_xyz(error^2))),A;inactive;B;inactive,0.4399999976158142,0.5600000023841858,0.4222972095012665,0.5676049590110779,True,True,True,True,3.2834814;3.2834814;2.9779463;3.1435387,nan;nan;nan;nan,25.543287;13.375272;18.129358;44.332836,True;True;True;True,True,True,2,0.04388706;-0.16774423;0.011285558;0.078455701|2.4772427;-0.67115539;2.5045702;-1.7570089|2.4238753;-0.49608308;0.69615358;2.9514287|0.35220146;-1.3873166;2.3605454;-1.7252584
synthetic,3A1C_B_ARG447,1,11.009730339050293,8.258849143981934,0.0009688636637292802,8.258849143981934,4A:200:lr1|2A:200:lr0.1|0A:200:lr0.01,0,600,nan,nan;nan;nan;nan,nan;nan;nan;nan|nan;nan;nan;nan|nan;nan;nan;nan|nan;nan;nan;nan,nan;nan;nan;nan,nan;nan;nan;nan,False,False,False,-1,nan,nan,nan,nan,0.017348764464259148,0.1269414;0.45369244;0.4193618;4.3744685e-06,2.0621107;-2.487469;-0.92629927;2.162261|1.8551872;-0.93214172;2.7117717;-0.71005678|-0.69565451;-1.2212046;0.63709056;1.1649792|2.6205251;-0.28757313;0.73333013;2.5513864,0.032561611384153366,10.918746948242188,0.11684394627809525,0.0,0.059325438;0.47949156;0.40822735;0.052955706,5.5936236;5.6958766;0.3262597;6.3338113,1.7115558;0.82064235;5.6613336;3.1408601,sqrt(mean_atoms(sum_xyz(error^2))),other;B;A;other,0.4399999976158142,0.5600000023841858,0.4082273542881012,0.47949156165122986,True,True,True,True,2.9854791;3.0618622;3.2834814;3.2834814,nan;nan;nan;nan,7.6129355;12.615018;25.078283;11.456578,True;True;True;True,True,True,4,2.3676853;-2.5750904;-1.6909765;2.9890881|2.0715156;-0.67174637;2.2539577;-0.20488039|0.038284138;-0.17587039;0.014800244;0.084186569|2.3190734;1.2808806;0.31555152;2.9953239
synthetic,3A1C_B_ARG447,2,11.01025676727295,8.453206062316895,0.004963056184351444,8.453206062316895,4A:200:lr1|2A:200:lr0.1|0A:200:lr0.01,0,600,nan,nan;nan;nan;nan,nan;nan;nan;nan|nan;nan;nan;nan|nan;nan;nan;nan|nan;nan;nan;nan,nan;nan;nan;nan,nan;nan;nan;nan,False,False,False,-1,nan,nan,nan,nan,0.009565898217260838,0.043828156;0.38011622;0.41622812;0.15982752,2.4323857;-2.216754;-0.21869449;1.0612712|2.0921047;-0.68726766;1.1108443;3.0982537|-0.69086552;-1.2209997;0.62767023;1.1724641|2.1187432;-0.91971928;2.4591637;-0.70752341,0.02480502612888813,10.90867805480957,0.15354779362678528,0.0,0.075649925;0.18054639;0.40908042;0.33472323,6.0975723;6.1590924;0.31503826;5.5760179,1.1771969;1.4091291;5.6662807;0.81807357,sqrt(mean_atoms(sum_xyz(error^2))),other;other;A;B,0.4399999976158142,0.5600000023841858,0.4090804159641266,0.33472323417663574,True,True,False,False,2.97893;3.0473156;3.2834814;3.0457129,nan;nan;nan;nan,21.458002;5.8313699;25.442884;6.124733,True;True;True;True,True,False,4,2.4384584;-2.3334463;0.063477308;-0.062132027|2.1871426;-0.53814739;0.36751595;3.1183345|0.041264452;-0.16949609;0.009300625;0.083685949|2.1436782;-0.71358371;2.3672369;-0.16973642
synthetic,3A1C_B_ARG447,3,8.254432678222656,5.524755954742432,0.00011826399713754654,5.524755954742432,4A:200:lr1|2A:200:lr0.1|0A:200:lr0.01,0,600,nan,nan;nan;nan;nan,nan;nan;nan;nan|nan;nan;nan;nan|nan;nan;nan;nan|nan;nan;nan;nan,nan;nan;nan;nan,nan;nan;nan;nan,False,False,False,-1,nan,nan,nan,nan,0.00011745039228117093,0.43864653;0.010816686;0.047078881;0.5034579,7.8040626e-05;-0.0029416101;-0.0016481417;0.0051616412|2.3737466;-2.2185988;-0.37535435;1.5013689|2.0750895;-0.86102223;2.4225013;-0.56527686|2.2683764;-0.58181435;0.98092288;2.9043837,0.015568488277494907,8.181781768798828,0.11416523158550262,0.0,0.42341262;0.002688155;0.071276337;0.50262296,0.31872976;5.5630498;5.2766428;5.9390898,5.6697536;2.9127817;0.9962281;0.27965081,sqrt(mean_atoms(sum_xyz(error^2))),A;inactive;B;B,0.4399999976158142,0.5600000023841858,0.42341262102127075,0.5738992691040039,True,True,True,True,3.2834814;3.2834814;2.9728589;2.9782741,nan;nan;nan;nan,25.622707;58.676361;2.7618349;17.965818,True;False;True;True,True,True,3,0.044381749;-0.16636476;0.010123102;0.076861009|1.4665955;-2.3689003;-0.69056147;2.1688583|2.2250507;-0.62933195;2.4671285;-0.076840229|2.4226081;-0.49458054;0.69329709;2.9481895
synthetic,3A1C_B_ARG447,4,8.296808242797852,5.53587007522583,0.003606122685596347,5.53587007522583,4A:200:lr1|2A:200:lr0.1|0A:200:lr0.01,0,600,nan,nan;nan;nan;nan,nan;nan;nan;nan|nan;nan;nan;nan|nan;nan;nan;nan|nan;nan;nan;nan,nan;nan;nan;nan,nan;nan;nan;nan,False,False,False,-1,nan,nan,nan,nan,0.00926288589835167,0.17449832;0.066853315;0.42326236;0.33538607,1.8410087;-2.079083;-0.65811753;-0.69750786|0.94486725;-0.9892081;-3.0935216;-0.82507241|-0.025194028;-0.021748444;0.023800142;0.069540843|2.1686122;-0.82252395;2.3189764;-0.38003942,0.02861877903342247,8.181461334228516,0.17345529794692993,0.0,0.13532041;0.0024597473;0.42071837;0.44150141,6.1415672;4.4588966;0.31503263;5.6283646,1.4933039;4.6821985;5.6681561;0.79902625,sqrt(mean_atoms(sum_xyz(error^2))),other;inactive;A;B,0.4399999976158142,0.5600000023841858,0.42071837186813354,0.4415014088153839,True,True,True,True,2.9685855;2.7378995;3.2834814;3.1471093,nan;nan;nan;nan,28.104843;26.782009;25.529572;7.8736143,True;True;True;True,True,True,3,2.0591741;-2.2174306;0.068233527;-0.086920895|0.077251539;-1.0809945;2.3172007;0.27372989|0.041120522;-0.16798805;0.010982113;0.081992723|2.1063845;-0.72442162;2.3521481;-0.18763335
synthetic,3A1C_B_ARG447,5,8.248367309570312,8.244879722595215,0.0008178736898116767,8.244879722595215,4A:200:lr1|2A:200:lr0.1|0A:200:lr0.01,0,600,nan,nan;nan;nan;nan,nan;nan;nan;nan|nan;nan;nan;nan|nan;nan;nan;nan|nan;nan;nan;nan,nan;nan;nan;nan,nan;nan;nan;nan,False,False,False,-1,nan,nan,nan,nan,0.006447609979659319,0.11534104;0.45152235;0.34847936;0.084657155,2.1219893;-0.83068669;2.4656315;-0.36193109|2.3599474;-0.46427214;0.84272641;2.7733037|0.30209705;0.050795108;-1.5385793;-2.9212313|-1.0627341;-2.8281407;-0.14914437;0.63866043,0.022806305438280106,8.175033569335938,0.10105504095554352,0.0,0.077845201;0.51488584;0.40390617;0.0033628012,5.2535248;5.9366717;0.83915776;5.7147899,0.9816429;0.26154265;5.4840159;4.1691198,sqrt(mean_atoms(sum_xyz(error^2))),B;B;A;inactive,0.4399999976158142,0.5600000023841858,0.4039061665534973,0.5927310585975647,True,True,True,True,3.1112196;2.9601851;3.0309279;3.116081,nan;nan;nan;nan,2.5611742;18.011606;27.808285;51.249676,True;True;True;False,True,True,3,2.1990981;-0.60541683;2.4864235;-0.13868053|2.4303582;-0.48707575;0.69409376;2.9168696|0.30960882;-0.12820661;-1.5113641;2.990406|1.0438828;-2.0834043;0.60112411;-0.49702969
synthetic,3A1C_B_ARG447,6,5.529263973236084,5.5246195793151855,0.0006395613891072571,5.5246195793151855,4A:200:lr1|2A:200:lr0.1|0A:200:lr0.01,0,600,nan,nan;nan;nan;nan,nan;nan;nan;nan|nan;nan;nan;nan|nan;nan;nan;nan|nan;nan;nan;nan,nan;nan;nan;nan,nan;nan;nan;nan,False,False,False,-1,nan,nan,nan,nan,0.00846076849848032,0.50747705;0.41649884;0.0036044037;0.072419643,2.2448716;-0.67894226;1.0422876;3.0301971|-0.69899744;-1.2131935;0.65312594;1.1475806|2.1477685;-0.31565642;0.40907785;1.4903344|1.4269801;-0.8973254;2.7622674;-0.95759213,0.019181255251169205,5.453092575073242,0.11398027837276459,0.0,0.56768805;0.42191762;0.0065170065;0.0038773906,5.9349318;0.32099858;3.9445338;4.3983021,0.27280542;5.6702261;2.7070193;3.0659528,sqrt(mean_atoms(sum_xyz(error^2))),B;A;inactive;inactive,0.4399999976158142,0.5600000023841858,0.4219176173210144,0.5676880478858948,True,True,True,True,2.9772904;3.2834814;3.2834814;3.2834814,nan;nan;nan;nan,18.121546;25.621506;51.735764;36.188763,True;True;False;True,True,True,2,2.4250064;-0.49570096;0.69602281;2.9529133|0.045037907;-0.1663785;0.010794364;0.076107234|3.1262536;-0.3595534;1.5711778;2.7166097|1.9549557;0.018049225;2.0953307;-1.7480308
synthetic,3A1C_B_ARG447,7,5.525049686431885,5.525084018707275,0.0035118572413921356,5.525084018707275,4A:200:lr1|2A:200:lr0.1|0A:200:lr0.01,0,600,nan,nan;nan;nan;nan,nan;nan;nan;nan|nan;nan;nan;nan|nan;nan;nan;nan|nan;nan;nan;nan,nan;nan;nan;nan,nan;nan;nan;nan,False,False,False,-1,nan,nan,nan,nan,0.007234930992126465,0.54248327;0.036432218;0.066426836;0.35465771,2.2777259;-0.6181373;0.99515241;2.9481394|1.4071207;-0.93390298;2.6394866;-1.1440288|0.81526649;0.11842905;-1.6160237;-0.62157077|-0.70672172;-1.3670831;0.40831584;1.6209633,0.01736011914908886,5.451883316040039,0.11161195486783981,0.0,0.54090321;0.0035807032;0.047041796;0.4084743,5.9350557;5.2377038;4.3714504;0.35455808,0.27703065;3.0167215;2.4980137;5.6596718,sqrt(mean_atoms(sum_xyz(error^2))),B;inactive;inactive;A,0.4399999976158142,0.5600000023841858,0.40847429633140564,0.5409032106399536,True,True,True,True,2.9844978;3.2834814;3.2834814;3.2834814,nan;nan;nan;nan,18.519419;36.016693;53.947948;24.821199,True;True;False;True,True,True,2,2.4149668;-0.50356978;0.70297283;2.9658306|2.8724115;-0.3173694;-1.4897369;-1.5693641|-0.79216188;-0.11140218;-2.020215;0.19875756|0.056633964;-0.18034497;0.004596571;0.079591215
synthetic,3A1C_B_ARG447,8,5.51995325088501,5.510963439941406,0.0008896089857444167,5.510963439941406,4A:200:lr1|2A:200:lr0.1|0A:200:lr0.01,0,600,nan,nan;nan;nan;nan,nan;nan;nan;nan|nan;nan;nan;nan|nan;nan;nan;nan|nan;nan;nan;nan,nan;nan;nan;nan,nan;nan;nan;nan,False,False,False,-1,nan,nan,nan,nan,0.003138844156637788,0.52424502;0.20168515;0.043900564;0.23016922,2.2827475;-0.56507683;0.94936877;2.8970685|-0.6492998;-1.0521564;0.5297963;1.2157003|2.1940477;-0.92442161;2.4009929;-0.47264451|0.2996878;0.09504208;-1.5040438;-2.8923147,0.02750842459499836,5.4462690353393555,0.09235234558582306,0.0,0.5747807;0.0035037228;0.0074297888;0.41428578,5.9389019;4.4048085;4.4772491;0.84579694,0.2765578;4.8468795;1.6407281;5.4338031,sqrt(mean_atoms(sum_xyz(error^2))),B;inactive;inactive;A,0.4399999976158142,0.5600000023841858,0.4142857789993286,0.5747807025909424,True,True,True,True,2.9730232;3.0764985;3.2834814;3.0231853,nan;nan;nan;nan,17.405552;39.653637;18.945665;26.885389,True;True;True;True,True,True,2,2.4366376;-0.49301359;0.68352604;2.9569438|0.60314411;-1.0454797;1.0718299;-0.35101461|2.2857759;-0.43103856;2.7247324;0.20562091|0.29877457;-0.14432086;-1.5426602;2.9502187
synthetic,3A1C_B_ARG447,9,5.530383586883545,5.526278972625732,0.0001084874602383934,5.526278972625732,4A:200:lr1|2A:200:lr0.1|0A:200:lr0.01,0,600,nan,nan;nan;nan;nan,nan;nan;nan;nan|nan;nan;nan;nan|nan;nan;nan;nan|nan;nan;nan;nan,nan;nan;nan;nan,nan;nan;nan;nan,False,False,False,-1,nan,nan,nan,nan,0.00010771365487016737,0.50914419;0.048002642;0.43840268;0.0044505089,2.2802823;-0.56770736;0.96653795;2.8877361|2.0334764;-0.90324569;2.4789069;-0.56613499|9.0991962e-05;-0.0021303573;-0.0013356952;0.0038112456|3.0195234;1.0477725;0.85923493;2.8273933,0.02206960879266262,5.451684951782227,0.11325810849666595,0.0,0.55315143;0.0061213039;0.40018046;0.040546857,5.9331384;4.315773;0.36306351;2.6168234,0.27068168;2.1031013;5.6733623;4.6431203,sqrt(mean_atoms(sum_xyz(error^2))),B;inactive;A;inactive,0.4399999976158142,0.5600000023841858,0.400180459022522,0.5531514286994934,True,True,True,True,2.9812238;3.2834814;3.2834814;3.2834814,nan;nan;nan;nan,18.71162;26.145216;24.934826;24.364941,True;True;True;True,True,True,2,2.4140742;-0.49786034;0.70631844;2.9453189|2.7001252;-0.49182349;2.7400708;-0.54360157|0.059967253;-0.17837228;0.011492155;0.10758111|-1.9271033;-0.72772491;0.80499083;2.9022901
synthetic,3A1C_B_ARG447,10,5.529489517211914,5.529603481292725,4.135609742661472e-06,5.529603481292725,4A:200:lr1|2A:200:lr0.1|0A:200:lr0.01,0,600,nan,nan;nan;nan;nan,nan;nan;nan;nan|nan;nan;nan;nan|nan;nan;nan;nan|nan;nan;nan;nan,nan;nan;nan;nan,nan;nan;nan;nan,False,False,False,-1,nan,nan,nan,nan,4.0905533751356415e-06,0.00099052291;0.43962178;0.27871159;0.28067607,1.7275829;-2.9743295;2.3524337;-1.2513394|-7.4887947e-05;-0.0014067746;-0.00050761446;0.0024962572|2.1905773;-0.63831091;1.0607293;3.0020735|2.3698335;-0.50715327;0.90023983;2.7751567,0.01966230757534504,5.453165054321289,0.1133245974779129,0.0,0.0028852927;0.42342758;0.047632333;0.5260548,5.0255013;0.32176852;5.9487376;5.9363379,3.2799175;5.6694427;0.300832;0.27587765,sqrt(mean_atoms(sum_xyz(error^2))),inactive;A;inactive;B,0.4399999976158142,0.5600000023841858,0.4234275817871094,0.5260547995567322,True,True,True,True,3.2834814;3.2834814;2.8921027;2.9792578,nan;nan;nan;nan,36.320007;25.547108;15.330213;18.030291,True;True;True;True,True,True,2,2.8777058;-0.3833687;-1.1556007;0.40527102|0.043860346;-0.16768757;0.011993393;0.078248061|2.4832218;-0.53670031;0.6473003;3.075788|2.4249046;-0.49713308;0.69442409;2.9577212
synthetic,3A1C_B_ARG447,11,5.527642250061035,5.521971225738525,0.003529782174155116,5.521971225738525,4A:200:lr1|2A:200:lr0.1|0A:200:lr0.01,0,600,nan,nan;nan;nan;nan,nan;nan;nan;nan|nan;nan;nan;nan|nan;nan;nan;nan|nan;nan;nan;nan,nan;nan;nan;nan,nan;nan;nan;nan,False,False,False,-1,nan,nan,nan,nan,0.007870844565331936,0.043361664;0.070223734;0.41208673;0.47432786,2.3683012;-0.99764186;1.6821367;-0.96929318|0.94406438;-1.4917847;-2.2668324;-1.3495005|-0.70863563;-1.1921782;0.69093198;1.1055773|2.2500477;-0.68209821;1.0405298;3.0383756,0.017810190096497536,5.453047275543213,0.1135697066783905,0.0,0.014616773;0.0048661041;0.41965213;0.56086504,5.4156437;3.0124574;0.32235104;5.9358921,1.8145173;3.1355479;5.6690326;0.27528822,sqrt(mean_atoms(sum_xyz(error^2))),inactive;inactive;A;B,0.4399999976158142,0.5600000023841858,0.41965213418006897,0.560865044593811,True,True,True,True,3.2834814;3.0886953;3.2834814;2.9805686,nan;nan;nan;nan,34.146347;62.267284;25.528807;18.177118,True;False;True;True,True,True,2,2.5117965;-1.2095279;2.2659609;-1.4567798|0.93886173;-1.1604919;-2.0057642;1.9297824|0.044805706;-0.16800241;0.010767561;0.078450717|2.4221959;-0.49762234;0.6969918;2.9557853
synthetic,3A1C_B_ARG447,12,5.533377170562744,5.533526420593262,0.004156875424087048,5.533526420593262,4A:200:lr1|2A:200:lr0.1|0A:200:lr0.01,0,600,nan,nan;nan;nan;nan,nan;nan;nan;nan|nan;nan;nan;nan|nan;nan;nan;nan|nan;nan;nan;nan,nan;nan;nan;nan,nan;nan;nan;nan,False,False,False,-1,nan,nan,nan,nan,0.01146219577640295,0.42306221;0.0067474074;0.387272;0.18291844,-0.0054856669;-0.014025588;-0.00064725446;0.032772787|1.0372216;-0.94829917;3.1168396;-0.63827914|2.0980976;-0.94023681;2.4219069;-0.76231807|2.3280339;-0.1169325;1.4788055;0.60040343,0.031699907034635544,5.452571868896484,0.09820989519357681,0.0,0.42627278;0.00079950335;0.53813201;0.034795694,0.30035296;4.0502124;5.6956568;5.9776878,5.6815934;3.0062497;0.79709244;1.6799678,sqrt(mean_atoms(sum_xyz(error^2))),A;inactive;B;inactive,0.4399999976158142,0.5600000023841858,0.42627277970314026,0.5381320118904114,True,True,True,True,3.2834814;3.2834814;3.0126686;2.9675984,nan;nan;nan;nan,26.330284;50.183659;10.748478;34.89193,True;False;True;True,True,True,2,0.038437128;-0.15401676;0.017590007;0.071899869|3.119673;-0.39409131;3.1353512;-2.0681055|2.0992308;-0.71663427;2.2865405;-0.21053308|1.6348244;-0.80806148;2.1771963;-0.16902
synthetic,3A1C_B_ARG447,13,5.522379398345947,5.514333724975586,0.0013549707364290953,5.514333724975586,4A:200:lr1|2A:200:lr0.1|0A:200:lr0.01,0,600,nan,nan;nan;nan;nan,nan;nan;nan;nan|nan;nan;nan;nan|nan;nan;nan;nan|nan;nan;nan;nan,nan;nan;nan;nan,nan;nan;nan;nan,False,False,False,-1,nan,nan,nan,nan,0.002872847719117999,0.20666453;0.23014839;0.54991376;0.013273241,-0.65041828;-0.88088632;0.68193585;0.9259631|0.39680478;0.1907711;-1.6894834;-2.6405456|2.3044791;-0.55812371;0.942119;2.8753943|1.6790465;-1.3901385;-2.6483376;-0.93767887,0.031242258846759796,5.4462714195251465,0.0897316187620163,0.0,0.0042135213;0.41402769;0.5784955;0.003263287,4.1580725;0.8708185;5.9385033;2.1430924,2.9686213;5.4194441;0.27784479;5.0405998,sqrt(mean_atoms(sum_xyz(error^2))),inactive;A;B;inactive,0.4399999976158142,0.5600000023841858,0.41402769088745117,0.5784955024719238,True,True,True,True,3.2834814;3.1010015;2.9749935;3.0674386,nan;nan;nan;nan,42.023129;25.605303;17.424644;35.348396,True;True;True;True,True,True,2,-0.44857052;-0.84501398;-2.3520744;-0.85849065|0.32161099;-0.16666338;-1.5346358;2.9819498|2.4360619;-0.49353275;0.68385863;2.9601908|0.71743602;-0.25365177;-1.0977081;-1.7674344
synthetic,3A1C_B_ARG447,14,5.528426647186279,5.524034023284912,5.299420536175603e-06,5.524034023284912,4A:200:lr1|2A:200:lr0.1|0A:200:lr0.01,0,600,nan,nan;nan;nan;nan,nan;nan;nan;nan|nan;nan;nan;nan|nan;nan;nan;nan|nan;nan;nan;nan,nan;nan;nan;nan,nan;nan;nan;nan,False,False,False,-1,nan,nan,nan,nan,5.248926299827872e-06,0.026133446;0.43994555;0.46245661;0.071464397,2.1486337;-0.6101442;1.1123524;2.9549537|-0.00020661679;-0.00060772791;2.9534533e-05;0.0012020458|2.3230505;-0.54887897;0.93667799;2.8464892|2.0384603;-0.7304107;1.2253615;-3.1269464,0.018585989251732826,5.4531755447387695,0.11332961916923523,0.0,0.01027059;0.42237645;0.56543469;0.0019183075,4.4318318;0.32279766;5.9368634;5.6281576,2.2421858;5.6680336;0.27544883;2.9304214,sqrt(mean_atoms(sum_xyz(error^2))),inactive;A;B;inactive,0.4399999976158142,0.5600000023841858,0.42237645387649536,0.5654346942901611,True,True,True,True,3.2834814;3.2834814;2.9792578;3.2834814,nan;nan;nan;nan,60.410294;25.462141;18.0951;28.474859,False;True;True;True,True,True,2,2.7397063;-0.53017789;1.8202987;1.9622071|0.04431767;-0.16915807;0.0107919;0.080058299|2.423265;-0.49777848;0.69556212;2.9556167|1.7468228;-0.18915251;0.35919082;-2.8188765
synthetic,3A1C_B_ARG447,15,8.264389038085938,8.26376724243164,0.0006872002268210053,8.26376724243164,4A:200:lr1|2A:200:lr0.1|0A:200:lr0.01,0,600,nan,nan;nan;nan;nan,nan;nan;nan;nan|nan;nan;nan;nan|nan;nan;nan;nan|nan;nan;nan;nan,nan;nan;nan;nan,nan;nan;nan;nan,False,False,False,-1,nan,nan,nan,nan,0.011181571520864964,0.4402591;0.1051272;0.32935736;0.12525636,1.9505652;-0.86478359;2.5576768;-0.57846636|-0.60766751;-1.1135983;0.45805648;1.2715162|0.014094369;0.059343051;-0.022675168;-0.1062182|2.2102385;-2.379658;-0.69918388;1.9516019,0.027812212705612183,8.18136978149414,0.11041370779275894,0.0,0.48794562;0.0016301043;0.42769149;0.082732737,5.6908245;3.7075977;0.29422292;5.6194119,0.83631992;4.950357;5.6752343;1.7377697,sqrt(mean_atoms(sum_xyz(error^2))),B;inactive;A;other,0.4399999976158142,0.5600000023841858,0.4276914894580841,0.4879456162452698,True,True,True,True,3.084424;3.1262498;3.2834814;2.9862969,nan;nan;nan;nan,13.39465;38.573036;26.023802;7.6599345,True;True;True;True,True,True,3,2.0634408;-0.64966583;2.2403553;-0.16197039|0.39913577;-0.81791431;0.91927928;-0.79827428|0.038251165;-0.15936492;0.0094404994;0.084956966|2.3774939;-2.5884032;-1.6949252;3.0243168
synthetic,3A1C_B_ARG447,16,8.238973617553711,8.237786293029785,0.0008265255601145327,8.237786293029785,4A:200:lr1|2A:200:lr0.1|0A:200:lr0.01,0,600,nan,nan;nan;nan;nan,nan;nan;nan;nan|nan;nan;nan;nan|nan;nan;nan;nan|nan;nan;nan;nan,nan;nan;nan;nan,nan;nan;nan;nan,False,False,False,-1,nan,nan,nan,nan,0.003331058192998171,0.55198526;0.013426097;0.14148472;0.2931039,2.2704155;-0.59235728;0.99331403;2.913729|2.2132993;-2.2527812;-0.96413785;2.221586|0.76438755;0.75911617;-2.9784257;-1.8648347|-0.67199451;-0.89750987;0.71983027;0.96251351,0.02939237654209137,8.166208267211914,0.08674649894237518,0.0,0.50941437;0.049392607;0.20565706;0.23553595,5.9349914;5.685904;1.2364221;0.97035682,0.28162664;1.697309;5.6137929;5.6068859,sqrt(mean_atoms(sum_xyz(error^2))),B;inactive;other;A,0.4399999976158142,0.5600000023841858,0.23553594946861267,0.5094143748283386,True,True,False,False,2.9864604;2.9194927;2.9884217;3.2657371,nan;nan;nan;nan,18.492996;5.6354976;16.344196;16.41296,True;True;True;True,True,False,3,2.4147062;-0.50980306;0.70250654;2.987066|2.3421595;-2.6148162;-1.6884261;3.0203419|0.29207468;1.1955708;2.4456136;-1.557289|0.10394187;-0.32709342;0.20872578;0.069463499
synthetic,3A1C_B_ARG447,17,5.526357650756836,5.51950740814209,0.00013288957416079938,5.51950740814209,4A:200:lr1|2A:200:lr0.1|0A:200:lr0.01,0,600,nan,nan;nan;nan;nan,nan;nan;nan;nan|nan;nan;nan;nan|nan;nan;nan;nan|nan;nan;nan;nan,nan;nan;nan;nan,nan;nan;nan;nan,False,False,False,-1,nan,nan,nan,nan,0.00013122352538630366,0.063580938;0.37612689;0.0018533861;0.55843878,0.29807326;0.16142645;-1.5420473;-2.7854395|-0.014498507;-0.038310938;0.018583652;0.058941677|2.6386006;-1.4437516;-0.16991581;1.121776|2.2842376;-0.57568657;0.97173405;2.890785,0.016403833404183388,5.452789783477783,0.11432836949825287,0.0,0.0027102972;0.41403821;0.039383039;0.54386848,3.9166768;0.32715151;5.3217816;5.9340825,3.3650775;5.6637492;2.299978;0.27321503,sqrt(mean_atoms(sum_xyz(error^2))),inactive;A;inactive;B,0.4399999976158142,0.5600000023841858,0.41403821110725403,0.5438684821128845,True,True,True,True,3.2834814;3.2834814;3.2834814;2.9822063,nan;nan;nan;nan,52.493088;25.236311;48.309944;18.76697,False;True;False;True,True,True,2,-0.72453433;-1.2458146;-2.6308284;-2.4993606|0.047360461;-0.17310125;0.0057507674;0.082909495|-2.614439;-1.4567341;0.32275629;0.50367922|2.4112206;-0.49787074;0.70728314;2.9430172
synthetic,3A1C_B_ARG447,18,5.5358195304870605,5.535816669464111,0.0090800104662776,5.535816669464111,4A:200:lr1|2A:200:lr0.1|0A:200:lr0.01,0,600,nan,nan;nan;nan;nan,nan;nan;nan;nan|nan;nan;nan;nan|nan;nan;nan;nan|nan;nan;nan;nan,nan;nan;nan;nan,nan;nan;nan;nan,False,False,False,-1,nan,nan,nan,nan,0.017539314925670624,0.5698657;0.10736327;0.31046546;0.012305602,1.9841607;-0.8662203;2.3699491;-0.62891102|-0.67991167;-1.2579869;0.59178632;1.2028201|-0.013390766;0.056036413;0.035995185;-0.076166265|-0.12584348;-0.38077566;-0.48039335;1.8049182,0.03382373973727226,5.452502250671387,0.0989866778254509,0.0,0.56589174;0.0011410452;0.42979291;0.0031742849,5.7017503;3.7046118;0.3050136;1.973142,0.80370218;4.8852501;5.6814294;5.0504704,sqrt(mean_atoms(sum_xyz(error^2))),B;inactive;A;inactive,0.4399999976158142,0.5600000023841858,0.4297929108142853,0.5658917427062988,True,True,True,True,2.9957652;3.0920134;3.2834814;3.2834814,nan;nan;nan;nan,11.148999;39.459595;26.301165;44.212894,True;True;True;True,True,True,2,2.0844657;-0.70816499;2.2795446;-0.19816266|0.51781845;-0.60258728;0.91878688;-0.81374025|0.040827524;-0.15451752;0.016799061;0.069853999|-1.1733289;-0.45308104;0.51839608;3.0314975
synthetic,3A1C_B_ARG447,19,8.256230354309082,5.526431083679199,0.0005244098720140755,5.526431083679199,4A:200:lr1|2A:200:lr0.1|0A:200:lr0.01,0,600,nan,nan;nan;nan;nan,nan;nan;nan;nan|nan;nan;nan;nan|nan;nan;nan;nan|nan;nan;nan;nan,nan;nan;nan;nan,nan;nan;nan;nan,False,False,False,-1,nan,nan,nan,nan,0.0034283194690942764,0.30539688;0.12790865;0.12845005;0.4382444,-0.69011348;-0.94496548;0.73939121;0.97545218|0.74718744;0.88256431;3.0428631;-1.8741031|2.3919311;-0.60878402;0.93955171;2.8023453|2.23453;-0.58746827;1.0006851;2.9464893,0.02113952673971653,8.16901683807373,0.13214927911758423,0.0,0.36823642;0.060944412;0.0041666799;0.56665248,0.46274492;1.3481305;6.2034612;5.9359732,5.6646795;5.4609604;1.9219792;0.27343673,sqrt(mean_atoms(sum_xyz(error^2))),A;other;inactive;B,0.4399999976158142,0.5600000023841858,0.3682364225387573,0.5666524767875671,True,True,True,True,3.2834814;3.1913273;3.2834814;2.9756498,nan;nan;nan;nan,23.431278;20.055922;17.681355;18.03035,True;True;True;True,True,True,3,0.058237556;-0.20460677;0.056577139;0.090927497|0.24187231;1.1307911;2.4613633;-1.5331796|2.2710161;-0.31059903;0.071145266;3.0204504|2.4261644;-0.4971689;0.69442278;2.9565208
synthetic,3A1C_B_ARG447,20,5.536018371582031,5.530043601989746,0.0009777970844879746,5.530043601989746,4A:200:lr1|2A:200:lr0.1|0A:200:lr0.01,0,600,nan,nan;nan;nan;nan,nan;nan;nan;nan|nan;nan;nan;nan|nan;nan;nan;nan|nan;nan;nan;nan,nan;nan;nan;nan,nan;nan;nan;nan,False,False,False,-1,nan,nan,nan,nan,0.02004280686378479,0.57436287;0.0034401976;0.24933305;0.1728638,1.9906539;-0.86451185;2.3649054;-0.62387198|0.81997299;-1.2487681;2.755928;-2.1142695|-0.69035405;-1.3903738;0.33836165;1.6851389|0.13339424;-0.018375907;-1.2175651;3.018647,0.03397316858172417,5.452638149261475,0.09881389141082764,0.0,0.56543493;0.00083704921;0.43130997;0.0024180997,5.7021728;3.0270395;0.30468962;3.8303945,0.80369478;3.4735012;5.6805115;2.8996859,sqrt(mean_atoms(sum_xyz(error^2))),B;inactive;A;inactive,0.4399999976158142,0.5600000023841858,0.4313099682331085,0.5654349327087402,True,True,True,True,2.9941349;3.2834814;3.2834814;3.2834814,nan;nan;nan;nan,11.130504;35.61377;26.275045;40.542408,True;True;True;True,True,True,2,2.0843382;-0.70883161;2.2798743;-0.19844934|2.8653815;-1.1762743;3.0347252;2.9264405|0.03967119;-0.15497503;0.017483845;0.068922691|-0.44633496;-1.0523483;-2.3764298;-2.5590243
synthetic,3A1C_B_ARG447,21,8.401063919067383,8.401065826416016,0.00596380140632391,8.401065826416016,4A:200:lr1|2A:200:lr0.1|0A:200:lr0.01,0,600,nan,nan;nan;nan;nan,nan;nan;nan;nan|nan;nan;nan;nan|nan;nan;nan;nan|nan;nan;nan;nan,nan;nan;nan;nan,nan;nan;nan;nan,False,False,False,-1,nan,nan,nan,nan,0.017345227301120758,0.16022035;0.13350992;0.29853693;0.40773278,2.635607;-1.8771821;-0.088582523;0.84580964|0.070569977;-0.14168747;-1.1161758;2.6392581|-0.67653054;-1.1815554;0.58626455;1.2355726|1.4901967;-1.5111003;-2.4672813;-1.3995519,0.1128903478384018,8.180673599243164,0.21500088274478912,0.0,0.49331075;0.0028558518;0.4227103;0.081123129,5.9126978;1.9677079;0.29328838;4.3599644,1.0099384;4.1712146;5.6746864;3.2130961,sqrt(mean_atoms(sum_xyz(error^2))),other;inactive;A;other,0.4399999976158142,0.5600000023841858,0.4227102994918823,0.0,True,False,False,False,3.0317333;3.1328027;3.2834814;3.2834814,nan;nan;nan;nan,36.812164;26.928102;26.04921;4.4383564,True;True;True;True,True,False,3,2.1449959;-2.2962358;-0.26275846;-0.191008|0.38131791;-0.46507168;-2.1846464;3.0015535|0.03786023;-0.15892214;0.0091876304;0.082156956|2.3212664;-0.64826578;-1.6506242;-1.764798
synthetic,3A1C_B_ARG447,22,5.525134563446045,5.520551681518555,0.0034402243327349424,5.520551681518555,4A:200:lr1|2A:200:lr0.1|0A:200:lr0.01,0,600,nan,nan;nan;nan;nan,nan;nan;nan;nan|nan;nan;nan;nan|nan;nan;nan;nan|nan;nan;nan;nan,nan;nan;nan;nan,nan;nan;nan;nan,False,False,False,-1,nan,nan,nan,nan,0.007736492902040482,0.45264494;0.050951216;0.080731571;0.41567221,2.2763956;-0.66061896;1.0271599;3.0025768|1.874226;-2.2291317;-0.77335542;-0.55992132|0.97509372;-1.2575974;-2.6442804;-1.2269123|-0.71533006;-1.1842096;0.71245492;1.0844651,0.015302262268960476,5.453006744384766,0.11365121603012085,0.0,0.53620428;0.039635494;0.004800505;0.41935971,5.9355259;5.1789794;3.8799458;0.31995454,0.2770943;1.6915302;2.7304225;5.6675863,sqrt(mean_atoms(sum_xyz(error^2))),B;inactive;inactive;A,0.4399999976158142,0.5600000023841858,0.4193597137928009,0.5362042784690857,True,True,True,True,2.9841704;3.1747601;3.1761439;3.2834814,nan;nan;nan;nan,18.267599;32.525585;32.835522;25.493176,True;True;True;True,True,True,2,2.4198406;-0.49908671;0.69856787;2.9598651|2.1112659;-2.1402791;-1.3434793;-0.53463745|0.27546212;-0.72567248;-2.1148977;-1.1227722|0.044052031;-0.16861796;0.0094101755;0.079401001
synthetic,3A1C_B_ARG447,23,5.520450115203857,5.515806198120117,0.0024357247166335583,5.515806198120117,4A:200:lr1|2A:200:lr0.1|0A:200:lr0.01,0,600,nan,nan;nan;nan;nan,nan;nan;nan;nan|nan;nan;nan;nan|nan;nan;nan;nan|nan;nan;nan;nan,nan;nan;nan;nan,nan;nan;nan;nan,False,False,False,-1,nan,nan,nan,nan,0.008390232920646667,7.3273359e-06;0.011297339;0.44121179;0.5474835,2.7735746;0.88574564;1.4040289;0.83030295|2.582628;-0.60723186;1.1690993;0.10334899|0.21381991;0.086302683;-1.327788;-2.8472176|2.3263311;-0.54305452;0.93014568;2.8484931,0.02856340818107128,5.446087837219238,0.09159772098064423,0.0,0.0083494512;0.0025153633;0.41505206;0.57408315,6.2274051;4.7796307;0.85241902;5.9376769,3.2780123;2.2828538;5.4341049;0.27748713,sqrt(mean_atoms(sum_xyz(error^2))),inactive;inactive;A;B,0.4399999976158142,0.5600000023841858,0.41505205631256104,0.574083149433136,True,True,True,True,0.64119637;3.2834814;3.0383294;2.9763062,nan;nan;nan;nan,68.35817;52.618713;26.248024;17.629774,False;False;True;True,True,True,2,-2.834224;0.74544859;-1.3359478;1.8234749|-2.8633559;0.12611075;2.5577917;-1.1372405|0.29851675;-0.15545192;-1.5240842;2.9474592|2.432338;-0.49575731;0.68742949;2.9624827
synthetic,3A1C_B_ARG447,24,5.528923034667969,5.525130748748779,3.0561568564735353e-07,5.525130748748779,4A:200:lr1|2A:200:lr0.1|0A:200:lr0.01,0,600,nan,nan;nan;nan;nan,nan;nan;nan;nan|nan;nan;nan;nan|nan;nan;nan;nan|nan;nan;nan;nan,nan;nan;nan;nan,nan;nan;nan;nan,False,False,False,-1,nan,nan,nan,nan,3.0454711463789863e-07,0.43785539;0.0022292505;3.5798606e-05;0.55987954,-0.00035156478;-0.0011004787;0.0018074367;0.0011469547|0.26750582;0.37963524;-1.7120767;-2.2486362|2.0059583;-2.9959631;0.46934077;0.67958188|2.2759385;-0.58014798;0.97998631;2.896276,0.01879148557782173,5.452986240386963,0.11429016292095184,0.0,0.41842982;0.0071615502;0.0085254544;0.56588322,0.32441205;3.7540648;4.374639;5.9349627,5.6678772;2.8923621;2.6166821;0.27086592,sqrt(mean_atoms(sum_xyz(error^2))),A;inactive;inactive;B,0.4399999976158142,0.5600000023841858,0.41842982172966003,0.565883219242096,True,True,True,True,3.2834814;3.2834814;3.2834814;2.9776182,nan;nan;nan;nan,25.486952;44.278175;56.108902;18.403875,True;True;False;True,True,True,2,0.047049813;-0.16872956;0.0081148539;0.077543788|-0.62338954;-0.42918444;-2.2740848;-2.4525719|-2.9242733;-1.7564765;-0.59338194;0.15474625|2.4194272;-0.49639374;0.70094877;2.9447567
synthetic,3A1C_B_ARG447,25,10.99134635925293,8.258857727050781,0.0010636935476213694,8.258857727050781,4A:200:lr1|2A:200:lr0.1|0A:200:lr0.01,0,600,nan,nan;nan;nan;nan,nan;nan;nan;nan|nan;nan;nan;nan|nan;nan;nan;nan|nan;nan;nan;nan,nan;nan;nan;nan,nan;nan;nan;nan,False,False,False,-1,nan,nan,nan,nan,0.014707817696034908,0.447492;0.35502794;0.12975332;0.067726701,1.8848569;-0.90892732;2.6699629;-0.66042674|-0.71830344;-1.1616535;0.71189851;1.0532757|2.103858;-2.4614918;-0.85635769;2.0955298|0.34566355;1.9561083;1.7727808;1.3260456,0.03299287334084511,10.899650573730469,0.11740409582853317,0.0,0.50206113;0.32207292;0.081587382;0.094278522,5.7055044;0.46335053;5.6186123;1.5039779,0.84670854;5.6808395;1.7619324;5.1199427,sqrt(mean_atoms(sum_xyz(error^2))),B;A;other;other,0.4399999976158142,0.5600000023841858,0.32207292318344116,0.502061128616333,True,True,True,True,3.0121822;3.2834814;2.9951131;3.1376307,nan;nan;nan;nan,13.506378;24.186865;8.3198957;12.468598,True;True;True;True,True,True,4,2.0510554;-0.6572628;2.2384079;-0.11775912|0.062465753;-0.19142382;0.061356433;0.090216644|2.3890111;-2.5952044;-1.6956601;3.0312071|0.36702555;1.3034989;2.5735979;-0.1812392
synthetic,3A1C_B_ARG447,26,5.53579044342041,5.527403831481934,0.000999614829197526,5.527403831481934,4A:200:lr1|2A:200:lr0.1|0A:200:lr0.01,0,600,nan,nan;nan;nan;nan,nan;nan;nan;nan|nan;nan;nan;nan|nan;nan;nan;nan|nan;nan;nan;nan,nan;nan;nan;nan,nan;nan;nan;nan,False,False,False,-1,nan,nan,nan,nan,0.018340924754738808,0.49223185;0.41277483;0.094946787;4.6511301e-05,1.8343127;-0.96562797;2.7132173;-0.81146294|-0.69008547;-1.2324171;0.61147809;1.194865|3.0620987;1.0932822;0.86525244;2.7900646|2.522404;-0.15473621;1.0166113;-0.11925298,0.03411755710840225,5.452739715576172,0.09786593914031982,0.0,0.55290967;0.43859828;0.0031496722;0.0053423541,5.68923;0.30245259;4.0521107;5.7557569,0.80431283;5.679637;4.2603827;1.8091354,sqrt(mean_atoms(sum_xyz(error^2))),B;A;inactive;inactive,0.4399999976158142,0.5600000023841858,0.43859827518463135,0.5529096722602844,True,True,True,True,3.0215695;3.2834814;3.2834814;3.2834814,nan;nan;nan;nan,10.840508;26.288542;51.830112;53.802311,True;True;False;False,True,True,2,2.0829797;-0.70102578;2.2849269;-0.176586|0.038472645;-0.15473723;0.017331006;0.06710881|1.5558692;0.61726528;1.2843474;-2.3543594|2.3317525;0.31833747;1.535103;0.26865
synthetic,3A1C_B_ARG447,27,5.527792930603027,5.524413108825684,1.0067445145978127e-05,5.524413108825684,4A:200:lr1|2A:200:lr0.1|0A:200:lr0.01,0,600,nan,nan;nan;nan;nan,nan;nan;nan;nan|nan;nan;nan;nan|nan;nan;nan;nan|nan;nan;nan;nan,nan;nan;nan;nan,nan;nan;nan;nan,False,False,False,-1,nan,nan,nan,nan,9.999618669098709e-06,0.55093175;7.4699601e-05;0.0095244991;0.43946904,2.2582021;-0.60180777;0.99644929;2.9304967|-1.2768915;-2.5313623;-1.4565126;-1.2875798|2.7705443;-1.7348055;-0.15214588;0.75654387|0.00032800715;-0.0023538284;-0.0015228138;0.003529208,0.01767653599381447,5.452853202819824,0.11452659964561462,0.0,0.55246061;0.025772864;0.0057919794;0.41597456,5.9322438;4.7933121;3.322829;0.3309136,0.26796365;2.4021487;5.3267059;5.6642118,sqrt(mean_atoms(sum_xyz(error^2))),B;inactive;inactive;A,0.4399999976158142,0.5600000023841858,0.41597455739974976,0.5524606108665466,True,True,True,True,2.9808962;3.2834814;3.1782956;3.2834814,nan;nan;nan;nan,18.955318;48.927868;41.496178;25.202322,True;False;True;True,True,True,2,2.4103887;-0.49638858;0.71057707;2.9342568|-2.7989414;-1.8782263;-1.017764;2.6056423|-2.1595862;2.9406393;-0.34450623;-0.098907493|0.047509592;-0.17369714;0.0077866279;0.082722552
synthetic,3A1C_B_ARG447,28,5.5201215744018555,5.5201287269592285,0.0004208226455375552,5.5201287269592285,4A:200:lr1|2A:200:lr0.1|0A:200:lr0.01,0,600,nan,nan;nan;nan;nan,nan;nan;nan;nan|nan;nan;nan;nan|nan;nan;nan;nan|nan;nan;nan;nan,nan;nan;nan;nan,nan;nan;nan;nan,False,False,False,-1,nan,nan,nan,nan,0.006742247845977545,0.097921096;0.54428947;0.35073724;0.0070521254,0.28025338;-0.083795652;-0.97136152;-2.3466725|2.3262174;-0.54188919;0.93115336;2.8457017|0.16317393;0.1077033;-1.3399171;-3.0267458|-2.6542895;-0.5704298;-0.76993608;0.22527023,0.027366865426301956,5.4462714195251465,0.09296669065952301,0.0,0.0029507738;0.58407444;0.41186279;0.0011119957,3.9341362;5.9390845;0.84957832;3.1671591,2.8421426;0.27711695;5.4384604;4.3098745,sqrt(mean_atoms(sum_xyz(error^2))),inactive;B;A;inactive,0.4399999976158142,0.5600000023841858,0.4118627905845642,0.5840744376182556,True,True,True,True,3.2834814;2.9746652;2.9965801;3.2834814,nan;nan;nan;nan,42.705402;17.467022;26.799276;27.733633,True;True;True;True,True,True,2,-0.59594071;-0.22790638;-2.1969707;-1.3466595|2.4348874;-0.49353099;0.68460089;2.9566777|0.30697536;-0.14582998;-1.5395304;2.9418375|-1.5949333;-1.0802093;0.66218454;0.35899734
synthetic,3A1C_B_ARG447,29,5.535709381103516,5.535701751708984,0.006037297658622265,5.535701751708984,4A:200:lr1|2A:200:lr0.1|0A:200:lr0.01,0,600,nan,nan;nan;nan;nan,nan;nan;nan;nan|nan;nan;nan;nan|nan;nan;nan;nan|nan;nan;nan;nan,nan;nan;nan;nan,nan;nan;nan;nan,False,False,False,-1,nan,nan,nan,nan,0.021484501659870148,0.050029464;0.34435642;0.028498694;0.57711542,-0.52635783;-2.3619928;0.67207921;1.1040413|-0.7015577;-1.1106483;0.6745494;1.1005656|0.49710935;1.1724991;2.0338514;-2.253377|1.9300411;-0.89759755;2.4534824;-0.6996147,0.03382810577750206,5.452571868896484,0.09861836582422256,0.0,0.00090707821;0.4310064;0.0020617822;0.56602472,4.2720671;0.30699396;3.0177922;5.7020559,4.299819;5.6799889;3.7092669;0.80375004,sqrt(mean_atoms(sum_xyz(error^2))),inactive;A;inactive;B,0.4399999976158142,0.5600000023841858,0.43100640177726746,0.5660247206687927,True,True,True,True,3.0853739;3.2834814;3.2834814;2.9951131,nan;nan;nan;nan,44.306896;26.221439;50.320919;11.160372,True;True;False;True,True,True,2,0.55201578;-1.9346528;0.059986595;-0.13623466|0.040147517;-0.15591098;0.01760764;0.069383405|-0.29892084;0.72570819;1.5958686;2.8470013|2.0844891;-0.70827979;2.2793479;-0.19831073
synthetic,3A1C_B_ARG447,30,5.529922962188721,5.524775505065918,1.063179752236465e-05,5.524775505065918,4A:200:lr1|2A:200:lr0.1|0A:200:lr0.01,0,600,nan,nan;nan;nan;nan,nan;nan;nan;nan|nan;nan;nan;nan|nan;nan;nan;nan|nan;nan;nan;nan,nan;nan;nan;nan,nan;nan;nan;nan,False,False,False,-1,nan,nan,nan,nan,1.0566378477960825e-05,0.0056875977;0.55463636;0.011030249;0.42864579,1.2300746;-1.12703;2.3191662;-2.6428502|2.2841024;-0.57595599;0.97383994;2.8893094|-0.13288501;0.099520825;-0.67088324;2.9736922|0.003179095;-0.006719104;-0.0080556963;0.01188398,0.01887262985110283,5.453061580657959,0.11597718298435211,0.0,0.005842844;0.57175076;0.0022855911;0.42012081,3.9086928;5.9372716;2.0724247;0.30942148,3.0705924;0.27588704;4.1306772;5.6636558,sqrt(mean_atoms(sum_xyz(error^2))),inactive;B;inactive;A,0.4399999976158142,0.5600000023841858,0.42012080550193787,0.5717507600784302,True,True,True,True,3.2834814;2.9769623;3.1509857;3.2834814,nan;nan;nan;nan,37.625015;17.825333;19.847269;25.169588,True;True;True;True,True,True,2,-1.5793595;0.043114565;2.0511189;2.9848425|2.4287622;-0.49581856;0.69084972;2.9571099|0.33315405;-0.57184088;-2.0610547;3.0825088|0.046062291;-0.1742681;-0.0030413773;0.10887966
synthetic,3A1C_B_ARG447,31,5.5282158851623535,5.524428844451904,4.2755349483059035e-08,5.524428844451904,4A:200:lr1|2A:200:lr0.1|0A:200:lr0.01,0,600,nan,nan;nan;nan;nan,nan;nan;nan;nan|nan;nan;nan;nan|nan;nan;nan;nan|nan;nan;nan;nan,nan;nan;nan;nan,nan;nan;nan;nan,False,False,False,-1,nan,nan,nan,nan,4.3171461072688544e-08,0.55981982;0.43989933;0.00010046826;0.00018045231,2.2760804;-0.58017993;0.97984475;2.8963711|5.5646465e-06;-0.00017247593;-8.9062138e-05;0.0002933951|2.2949648;-0.075121835;0.33339614;-1.8826144|1.9864838;1.3742033;-0.74599332;-2.0619414,0.02088209055364132,5.452021598815918,0.11062462627887726,0.0,0.56832862;0.40006733;0.026759164;0.0048449044,5.935194;0.37081313;2.0572023;2.4427187,0.27284464;5.6769776;5.0845284;4.8966265,sqrt(mean_atoms(sum_xyz(error^2))),B;A;inactive;inactive,0.4399999976158142,0.5600000023841858,0.4000673294067383,0.5683286190032959,True,True,True,True,2.9776182;3.2834814;3.2834814;3.2834814,nan;nan;nan;nan,18.246376;25.143965;47.795113;49.219181,True;True;False;False,True,True,2,2.4221189;-0.49776053;0.69819462;2.9539204|0.057137638;-0.17471817;0.022814294;0.089791462|-1.2981902;-1.4477426;0.81104738;0.030391235|-1.6561577;-1.0692166;1.2387691;-1.1598105
synthetic,3A1C_B_ARG447,32,5.521387100219727,5.513674736022949,0.00017187761841341853,5.513674736022949,4A:200:lr1|2A:200:lr0.1|0A:200:lr0.01,0,600,nan,nan;nan;nan;nan,nan;nan;nan;nan|nan;nan;nan;nan|nan;nan;nan;nan|nan;nan;nan;nan,nan;nan;nan;nan,nan;nan;nan;nan,False,False,False,-1,nan,nan,nan,nan,0.0028437927830964327,0.56249702;0.20326115;1.3250575e-05;0.23422857,2.2925594;-0.57134432;0.9628635;2.8855925|-0.64217818;-0.87195581;0.67273539;0.92287081|0.15375037;-0.2398068;-0.64644641;1.9545224|0.38717684;0.18593656;-1.674055;-2.659785,0.030438857153058052,5.446140766143799,0.0896148830652237,0.0,0.58542579;0.0041132765;0.0013455922;0.40911537,5.9380326;3.1786902;3.9808204;0.85439855,0.27719074;4.8634372;2.6894264;5.418366,sqrt(mean_atoms(sum_xyz(error^2))),B;inactive;inactive;A,0.4399999976158142,0.5600000023841858,0.40911537408828735,0.5854257941246033,True,True,True,True,2.9746652;3.0913818;3.2834814;3.1113765,nan;nan;nan;nan,17.440659;26.458687;37.921574;26.072626,True;True;True;True,True,True,2,2.4362652;-0.49287954;0.68413681;2.9589267|0.52318656;-0.91271549;0.27061796;-0.58684337|-0.42281491;-0.67371696;-1.8978868;-0.78691602|0.29661149;-0.15851149;-1.5355774;2.9778013
synthetic,3A1C_B_ARG447,33,5.523339748382568,5.5143208503723145,0.0005580493598245084,5.5143208503723145,4A:200:lr1|2A:200:lr0.1|0A:200:lr0.01,0,600,nan,nan;nan;nan;nan,nan;nan;nan;nan|nan;nan;nan;nan|nan;nan;nan;nan|nan;nan;nan;nan,nan;nan;nan;nan,nan;nan;nan;nan,False,False,False,-1,nan,nan,nan,nan,0.0026856909971684217,0.20339464;0.22382075;0.56223732;0.010547226,-0.65026087;-0.86213946;0.69038284;0.91039604|0.40611517;0.19635585;-1.7050407;-2.6154079|2.2939377;-0.56979072;0.96152812;2.8832786|0.17324562;0.16751242;-0.31573856;-0.3409684,0.02440815605223179,5.446694374084473,0.10447405278682709,0.0,0.0052056462;0.41028368;0.58089328;0.0036173339,3.4302008;0.8320151;5.9415059;3.9913003,5.1966777;5.5265589;0.2764478;2.8976228,sqrt(mean_atoms(sum_xyz(error^2))),inactive;A;B;inactive,0.4399999976158142,0.5600000023841858,0.4102836847305298,0.5808932781219482,True,True,True,True,3.2834814;2.9933193;2.9700656;3.2834814,nan;nan;nan;nan,51.95071;28.95406;17.38607;48.510132,False;True;True;False,True,True,2,0.06452328;-0.90742779;1.2864484;-0.70569515|0.30710319;-0.10821556;-1.4882907;2.9966969|2.4352388;-0.4950833;0.68318337;2.9545417|-0.69725788;-0.29027182;-1.4987181;-0.83325619
synthetic,3A1C_B_ARG447,34,5.525457859039307,5.525475025177002,0.0006081092287786305,5.525475025177002,4A:200:lr1|2A:200:lr0.1|0A:200:lr0.01,0,600,nan,nan;nan;nan;nan,nan;nan;nan;nan|nan;nan;nan;nan|nan;nan;nan;nan|nan;nan;nan;nan,nan;nan;nan;nan,nan;nan;nan;nan,False,False,False,-1,nan,nan,nan,nan,0.003514379495754838,0.0085351625;0.55822128;0.12135813;0.31188548,2.5258296;-1.3180437;-1.0558892;-2.6907024|2.2427368;-0.61190736;1.0184114;2.9394689|0.63866019;1.1066989;2.4023793;-2.2034097|-0.72377634;-1.0018336;0.80666935;0.94517612,0.017600160092115402,5.4521074295043945,0.11150027811527252,0.0,0.038934465;0.5388509;0.027667405;0.39454725,5.0844135;5.9321141;2.2141793;0.36758718,2.265691;0.27062696;4.6483808;5.6681523,sqrt(mean_atoms(sum_xyz(error^2))),inactive;B;inactive;A,0.4399999976158142,0.5600000023841858,0.3945472538471222,0.5388509035110474,True,True,True,True,3.2834814;2.9825337;3.2834814;3.2834814,nan;nan;nan;nan,53.097443;19.105968;37.546211;24.786388,False;True;True;True,True,True,2,2.9522107;-1.9664519;-0.54698902;-1.1642355|2.4062707;-0.49880001;0.71320033;2.939117|0.024587881;0.82553065;2.2140784;-1.9797987|0.054699834;-0.18095918;0.018549168;0.09222883
synthetic,3A1C_B_ARG447,35,5.573746204376221,5.571371078491211,0.24871720373630524,5.571371078491211,4A:200:lr1|2A:200:lr0.1|0A:200:lr0.01,0,600,nan,nan;nan;nan;nan,nan;nan;nan;nan|nan;nan;nan;nan|nan;nan;nan;nan|nan;nan;nan;nan,nan;nan;nan;nan,nan;nan;nan;nan,False,False,False,-1,nan,nan,nan,nan,0.34650272130966187,0.42684287;9.0402609e-05;0.46417737;0.10888932,-0.22907922;-0.23350561;3.0287631;1.3321923|-1.616546;0.62881935;2.9225457;-1.5788329|2.1545563;-2.1071551;-0.47850066;-0.89835447|2.9802277;0.37165806;0.88380432;1.5558715,0.025492599233984947,5.448376655578613,0.1997535079717636,0.0,0.0063682357;0.41640574;0.045406401;0.53181964,4.3144493;0.9158234;5.2075095;5.9239049,3.1126268;5.5312104;1.8741286;0.2511217,sqrt(mean_atoms(sum_xyz(error^2))),inactive;A;inactive;B,0.4399999976158142,0.5600000023841858,0.41640573740005493,0.5318196415901184,True,True,True,True,3.1422958;3.1257811;3.2834814;2.9509335,nan;nan;nan;nan,18.580751;43.828625;45.728001;18.771454,True;True;False;True,True,True,2,0.35535839;-0.28926614;2.6659875;-0.10842101|0.40063605;0.15139516;-1.5794251;-2.1300576|2.7392826;-2.3799996;-0.41836506;0.19054283|2.4275138;-0.49660203;0.70736563;2.9487255
synthetic,3A1C_B_ARG447,36,8.255800247192383,5.521410942077637,1.9720218347174523e-07,5.521410942077637,4A:200:lr1|2A:200:lr0.1|0A:200:lr0.01,0,600,nan,nan;nan;nan;nan,nan;nan;nan;nan|nan;nan;nan;nan|nan;nan;nan;nan|nan;nan;nan;nan,nan;nan;nan;nan,nan;nan;nan;nan,False,False,False,-1,nan,nan,nan,nan,1.9584403787575866e-07,0.5595988;1.3193156e-05;0.00050489744;0.43988308,2.2765377;-0.58029789;0.97946095;2.896569|-0.17808412;2.777003;0.75971448;2.9419823|0.23207581;-1.5319061;-1.977966;0.12139549|-0.00026559891;8.7144581e-05;0.00038451329;0.00015166131,0.016684897243976593,8.181267738342285,0.11569514125585556,0.0,0.50644732;0.0021666731;0.068543561;0.4228425,5.9437351;4.10359;5.2830663;0.31585607,0.28717262;3.280674;0.96682042;5.671402,sqrt(mean_atoms(sum_xyz(error^2))),B;inactive;B;A,0.4399999976158142,0.5600000023841858,0.42284250259399414,0.5749908685684204,True,True,True,True,2.9786022;3.2834814;3.0050414;3.2834814,nan;nan;nan;nan,17.331787;37.14077;8.0165529;25.642241,True;True;True;True,True,True,3,2.4312155;-0.5020808;0.68223578;2.9772737|-0.033091191;-0.34060311;1.9424666;2.368319|2.2056339;-0.58825094;2.4281676;0.014868212|0.042703215;-0.16602318;0.01179962;0.082339652
synthetic,3A1C_B_ARG447,37,5.540194511413574,5.532353401184082,0.003551025176420808,5.532353401184082,4A:200:lr1|2A:200:lr0.1|0A:200:lr0.01,0,600,nan,nan;nan;nan;nan,nan;nan;nan;nan|nan;nan;nan;nan|nan;nan;nan;nan|nan;nan;nan;nan,nan;nan;nan;nan,nan;nan;nan;nan,False,False,False,-1,nan,nan,nan,nan,0.010992572642862797,0.4267267;0.27957588;0.16298531;0.13071209,-0.0062471041;-0.024949672;-0.0037399251;0.051766209|2.2380056;-0.79176253;2.1849947;-0.42450148|2.4079225;0.082089782;1.4064468;0.70898676|1.6756111;-1.3445911;-3.0346406;-1.5150465,0.041652046144008636,5.452265739440918,0.09255330264568329,0.0,0.43335465;0.02213645;0.54176217;0.0027467294,0.32378063;6.1084838;5.6329975;4.9656386,5.6734776;1.245459;0.79289228;2.8944016,sqrt(mean_atoms(sum_xyz(error^2))),A;inactive;B;inactive,0.4399999976158142,0.5600000023841858,0.4333546459674835,0.5417621731758118,True,True,True,True,3.2834814;1.9697418;3.2217824;3.2834814,nan;nan;nan;nan,25.829062;19.529804;10.154108;58.5555,True;True;True;False,True,True,2,0.041246079;-0.16275464;0.019868577;0.063653857|1.9642723;-0.93178415;2.1332834;-0.10457259|2.1137841;-0.67535597;2.2969186;-0.21834081|-2.9669719;0.096247897;3.1041827;-2.2239673
synthetic,3A1C_B_ARG447,38,5.529541492462158,5.528983116149902,0.000678113370668143,5.528983116149902,4A:200:lr1|2A:200:lr0.1|0A:200:lr0.01,0,600,nan,nan;nan;nan;nan,nan;nan;nan;nan|nan;nan;nan;nan|nan;nan;nan;nan|nan;nan;nan;nan,nan;nan;nan;nan,nan;nan;nan;nan,False,False,False,-1,nan,nan,nan,nan,0.0061798496171832085,0.035985991;0.52605468;0.033862017;0.40409735,0.98121542;0.77810478;-1.6306142;1.8288698|2.267746;-0.60426944;1.0125493;2.9252503|1.0658525;-1.610949;-2.7430863;-2.4280703|-0.73147053;-1.1355336;0.75334847;1.0478232,0.01961197517812252,5.453111171722412,0.11363652348518372,0.0,0.0019702499;0.5737105;0.0029932377;0.42132604,2.5098832;5.9358644;3.0412076;0.32267469,3.63239;0.27376553;3.2919664;5.6706443,sqrt(mean_atoms(sum_xyz(error^2))),inactive;B;inactive;A,0.4399999976158142,0.5600000023841858,0.42132604122161865,0.5737105011940002,True,True,True,True,3.145247;2.9769623;3.2834814;3.2834814,nan;nan;nan;nan,40.253143;18.093184;32.575573;25.598747,True;True;True;True,True,True,2,0.34707361;-0.52949888;-2.417207;3.0830638|2.4246805;-0.49715811;0.69552678;2.9554503|2.5562744;-0.56072921;2.8239806;2.4479883|0.045327879;-0.16678332;0.011499199;0.077487037
synthetic,3A1C_B_ARG447,39,8.266769409179688,8.263561248779297,0.0010364634217694402,8.263561248779297,4A:200:lr1|2A:200:lr0.1|0A:200:lr0.01,0,600,nan,nan;nan;nan;nan,nan;nan;nan;nan|nan;nan;nan;nan|nan;nan;nan;nan|nan;nan;nan;nan,nan;nan;nan;nan,nan;nan;nan;nan,False,False,False,-1,nan,nan,nan,nan,0.011142476461827755,0.091038279;0.12506007;0.44060582;0.34329584,-0.61526203;-1.1835076;0.42899039;1.3585588|2.2185814;-2.3730106;-0.68512517;1.9367875|1.9533852;-0.86221695;2.5525222;-0.57354945|0.0052860412;0.041019507;-0.011440855;-0.07305456,0.028813326731324196,8.1816987991333,0.11251425743103027,0.0,0.0012503567;0.083561324;0.47804967;0.43713865,3.1129956;5.632875;5.663013;0.2765227,5.1423192;1.743704;0.84634298;5.6800137,sqrt(mean_atoms(sum_xyz(error^2))),inactive;other;B;A,0.4399999976158142,0.5600000023841858,0.4371386468410492,0.4780496656894684,True,True,True,True,3.0916975;2.9876046;3.1581059;3.2834814,nan;nan;nan;nan,34.089249;7.9441829;12.767181;26.398315,True;True;True;True,True,True,3,0.52072096;-0.46527869;0.6392355;-0.72001976|2.3824551;-2.5939248;-1.6894596;3.035254|2.0498149;-0.62887269;2.2513046;-0.13927911|0.038004763;-0.15282547;0.004243637;0.089099281
synthetic,3A1C_B_ARG447,40,11.318594932556152,8.61859130859375,0.021933071315288544,8.61859130859375,4A:200:lr1|2A:200:lr0.1|0A:200:lr0.01,0,600,nan,nan;nan;nan;nan,nan;nan;nan;nan|nan;nan;nan;nan|nan;nan;nan;nan|nan;nan;nan;nan,nan;nan;nan;nan,nan;nan;nan;nan,False,False,False,-1,nan,nan,nan,nan,0.053418274968862534,0.14285095;0.36961177;0.24362043;0.24391685,0.326107;-0.62609029;-2.7847321;-0.091829754|-1.0609819;-2.9563079;-0.045268107;0.60793763|1.9860297;-2.1729715;-0.54334259;-0.67792439|1.6729866;-1.2605182;-3.0037735;-1.1611369,0.10086574405431747,11.032204627990723,0.3710498809814453,0.0,0.068789937;0.36743677;0.15420933;0.40956393,4.446167;1.4752847;6.1516128;5.5829067,3.6295996;5.7047911;1.4526608;0.9476701,sqrt(mean_atoms(sum_xyz(error^2))),other;other;other;B,0.4399999976158142,0.5600000023841858,0.0,0.40956392884254456,False,True,False,False,3.2152591;2.9866238;2.9639764;3.0798297,nan;nan;nan;nan,3.3061533;55.166069;26.971603;26.641418,True;False;True;True,False,False,4,0.19499154;-0.56049669;2.5318437;-0.11847027|-0.81342071;-2.4541888;0.48597804;0.26764098|2.0551589;-2.237215;0.048946243;-0.11474758|2.0649989;-0.97194076;2.4192004;-1.2308666
synthetic,3A1C_B_ARG447,41,5.536280155181885,5.529268264770508,0.0005018675583414733,5.529268264770508,4A:200:lr1|2A:200:lr0.1|0A:200:lr0.01,0,600,nan,nan;nan;nan;nan,nan;nan;nan;nan|nan;nan;nan;nan|nan;nan;nan;nan|nan;nan;nan;nan,nan;nan;nan;nan,nan;nan;nan;nan,False,False,False,-1,nan,nan,nan,nan,0.011956223286688328,0.42406449;0.47483662;0.004026914;0.09707202,-0.00094954832;-0.022933893;-0.011474676;0.042575255|1.9439242;-0.89328378;2.5438578;-0.65897304|-0.32667989;1.3094912;0.79414558;1.1867884|3.1401441;1.0542628;0.97644228;2.8951883,0.033509187400341034,5.4528350830078125,0.09987184405326843,0.0,0.4266659;0.55932117;0.0085621271;0.005450821,0.28670526;5.6839261;4.8725944;5.1193738,5.6863933;0.80457646;2.5723867;5.0150304,sqrt(mean_atoms(sum_xyz(error^2))),A;B;inactive;inactive,0.4399999976158142,0.5600000023841858,0.42666590213775635,0.5593211650848389,True,True,True,True,3.2834814;3.0372043;3.2834814;2.59582,nan;nan;nan;nan,26.636143;10.699088;72.512833;37.931004,True;True;False;True,True,True,2,0.037925653;-0.14867799;0.014772546;0.076678753|2.0793192;-0.69679266;2.2874033;-0.17718281|-2.3693888;0.64534009;0.97346544;1.1405457|1.8344539;1.6801871;1.0417687;-2.8419075
synthetic,3A1C_B_ARG447,42,5.52155876159668,5.520309925079346,0.0005458976957015693,5.520309925079346,4A:200:lr1|2A:200:lr0.1|0A:200:lr0.01,0,600,nan,nan;nan;nan;nan,nan;nan;nan;nan|nan;nan;nan;nan|nan;nan;nan;nan|nan;nan;nan;nan,nan;nan;nan;nan,nan;nan;nan;nan,False,False,False,-1,nan,nan,nan,nan,0.005777233745902777,0.099780515;0.35288379;0.083042666;0.46429303,2.211895;-0.64882511;1.1978599;3.0350671|0.30156672;0.050459422;-1.5351099;-2.9220593|-1.07226;-2.8269346;-0.16630781;0.64923316|2.3368886;-0.52665716;0.89142746;2.8167429,0.026050571352243423,5.447220802307129,0.09657517820596695,0.0,0.0017247909;0.41047472;0.0036921238;0.58410841,6.1918621;0.84336072;5.7035074;5.940701,2.8270233;5.4688959;4.2840199;0.27841073,sqrt(mean_atoms(sum_xyz(error^2))),inactive;A;inactive;B,0.4399999976158142,0.5600000023841858,0.4104747176170349,0.5841084122657776,True,True,True,True,3.2834814;2.9723663;3.1094928;2.9720376,nan;nan;nan;nan,53.985203;27.57155;50.02803;17.261026,False;True;False;True,True,True,2,2.3760865;-0.19586179;-0.5624817;-3.0264204|0.31299382;-0.13234074;-1.5273613;2.9548149|1.0225611;-2.1376784;0.63554311;-0.46177211|2.4379222;-0.49427459;0.68099672;2.9601805
synthetic,3A1C_B_ARG447,43,5.528923034667969,5.524511337280273,0.0008298179600387812,5.524511337280273,4A:200:lr1|2A:200:lr0.1|0A:200:lr0.01,0,600,nan,nan;nan;nan;nan,nan;nan;nan;nan|nan;nan;nan;nan|nan;nan;nan;nan|nan;nan;nan;nan,nan;nan;nan;nan,nan;nan;nan;nan,False,False,False,-1,nan,nan,nan,nan,0.003383740084245801,0.0097950585;0.31750792;0.11147776;0.56121922,2.1934385;1.6235981;-3.0250061;1.0717746|-0.73806822;-1.020828;0.83188826;0.94206071|0.59943753;1.142692;2.2500629;-2.2806036|2.2702494;-0.57831079;0.99150163;2.8910997,0.017500387504696846,5.453415393829346,0.11601442098617554,0.0,0.0065438938;0.41879424;0.0066353204;0.5680266,4.5814128;0.30415031;2.8468547;5.9348316,2.7698703;5.6682677;3.7900221;0.27153215,sqrt(mean_atoms(sum_xyz(error^2))),inactive;A;inactive;B,0.4399999976158142,0.5600000023841858,0.4187942445278168,0.568026602268219,True,True,True,True,3.2834814;3.2834814;3.2834814;2.9779463,nan;nan;nan;nan,51.598904;25.638905;37.641479;18.263611,False;True;True;True,True,True,2,-1.8861203;-0.76716644;-0.5208227;-1.3801759|0.041712288;-0.16607533;0.0046624127;0.086579017|0.0035796114;0.82387149;2.1571281;2.9459107|2.4222989;-0.49484232;0.69850242;2.9458554
synthetic,3A1C_B_ARG447,44,5.520687580108643,5.514115333557129,0.00022519940102938563,5.514115333557129,4A:200:lr1|2A:200:lr0.1|0A:200:lr0.01,0,600,nan,nan;nan;nan;nan,nan;nan;nan;nan|nan;nan;nan;nan|nan;nan;nan;nan|nan;nan;nan;nan,nan;nan;nan;nan,nan;nan;nan;nan,False,False,False,-1,nan,nan,nan,nan,0.003065092721953988,1.0249011e-06;0.23275283;0.20129541;0.56595075,2.660569;0.61406296;0.57588065;-2.0488296|0.29237375;0.089456111;-1.4838511;-2.9042914|-0.65634668;-1.0656865;0.52730834;1.2388442|2.2803504;-0.58257073;0.97478712;2.9019401,0.02890041656792164,5.4462175369262695,0.0911392867565155,0.0,0.0008354623;0.41115549;0.0033680678;0.58464092,2.0783646;0.85814625;4.9856801;5.9390917,5.0165935;5.4294119;4.5128751;0.27839005,sqrt(mean_atoms(sum_xyz(error^2))),inactive;A;inactive;B,0.4399999976158142,0.5600000023841858,0.41115549206733704,0.5846409201622009,True,True,True,True,3.2834814;3.0405784;3.0675979;2.9753218,nan;nan;nan;nan,39.809174;26.163792;44.178284;17.368204,True;True;True;True,True,True,2,-1.3050232;-1.3083562;0.79528302;0.41366246|0.31126693;-0.15692265;-1.5342883;2.9550655|0.76483494;-1.1576844;1.150789;-0.55935311|2.4366634;-0.49338391;0.68287361;2.9600651
synthetic,3A1C_B_ARG447,45,8.390901565551758,8.390698432922363,0.008554481901228428,8.390698432922363,4A:200:lr1|2A:200:lr0.1|0A:200:lr0.01,0,600,nan,nan;nan;nan;nan,nan;nan;nan;nan|nan;nan;nan;nan|nan;nan;nan;nan|nan;nan;nan;nan,nan;nan;nan;nan,nan;nan;nan;nan,False,False,False,-1,nan,nan,nan,nan,0.019462140277028084,0.38811356;0.22828598;0.16987289;0.21372756,1.4956902;-1.5180626;-2.4363744;-1.3759184|0.1037415;0.055697374;-1.2780317;3.0980232|2.638834;-1.8797621;-0.10745745;0.87889415|-0.65655023;-1.4497495;0.096918151;2.0795851,0.12366969138383865,8.172897338867188,0.18866947293281555,0.0,0.077470593;0.4084833;0.50687146;0.0071745934,4.3243237;0.84660769;5.9132209;2.0769947,3.1943438;5.425281;1.0118026;5.4170599,sqrt(mean_atoms(sum_xyz(error^2))),other;A;other;inactive,0.4399999976158142,0.5600000023841858,0.4084832966327667,0.0,True,False,False,False,3.2834814;3.0383294;3.0370433;3.2834814,nan;nan;nan;nan,3.8210709;26.729441;36.526611;34.027748,True;True;True;True,True,False,3,2.3104913;-0.6639908;-1.6657195;-1.7518582|0.29097646;-0.14704135;-1.5440177;2.9470105|2.1512291;-2.2943583;-0.25776604;-0.18948708|-0.067924961;-0.019661363;0.087454259;-2.9413629
synthetic,3A1C_B_ARG447,46,8.253726959228516,8.251080513000488,0.0002896773221436888,8.251080513000488,4A:200:lr1|2A:200:lr0.1|0A:200:lr0.01,0,600,nan,nan;nan;nan;nan,nan;nan;nan;nan|nan;nan;nan;nan|nan;nan;nan;nan|nan;nan;nan;nan,nan;nan;nan;nan,nan;nan;nan;nan,False,False,False,-1,nan,nan,nan,nan,0.00028524751542136073,0.076333083;0.43808499;0.012428776;0.47315311,1.9532367;-0.88586169;2.5172324;-0.55972242|-0.00060808746;-0.0039217873;-0.0012242405;0.0078150565|1.7881004;-2.5545142;-1.0800864;2.2495441|2.3074965;-0.54961139;0.94770992;2.8587356,0.015121934935450554,8.180968284606934,0.11527500301599503,0.0,0.089507043;0.42457592;0.002509;0.48340806,5.3180342;0.31949559;6.1141386;5.9357123,0.95807844;5.6689935;1.8272022;0.273893,sqrt(mean_atoms(sum_xyz(error^2))),B;A;inactive;B,0.4399999976158142,0.5600000023841858,0.42457592487335205,0.5729150772094727,True,True,True,True,2.9954393;3.2834814;3.0115337;2.9799132,nan;nan;nan;nan,2.3875785;25.574541;51.058659;18.510159,True;True;False;True,True,True,3,2.2021329;-0.64525652;2.4702764;-0.11848482|0.044412065;-0.16720298;0.0098586129;0.077659771|2.4501276;-1.0645089;-0.51140523;3.0685723|2.4152863;-0.49409091;0.70280689;2.9360163
synthetic,3A1C_B_ARG447,47,5.529584884643555,5.524429798126221,0.0009936218848451972,5.524429798126221,4A:200:lr1|2A:200:lr0.1|0A:200:lr0.01,0,600,nan,nan;nan;nan;nan,nan;nan;nan;nan|nan;nan;nan;nan|nan;nan;nan;nan|nan;nan;nan;nan,nan;nan;nan;nan,nan;nan;nan;nan,False,False,False,-1,nan,nan,nan,nan,0.0049534146673977375,0.06144524;0.025376983;0.35401016;0.55916768,0.39802709;1.9205526;1.8566571;1.2926108|1.1196041;1.3866904;-1.1844004;-2.5409417|-0.73250294;-1.1317503;0.7599892;1.0131288|2.2482598;-0.59382141;1.0155563;2.9118609,0.019721874967217445,5.453204154968262,0.11331746727228165,0.0,0.0046411534;0.0079158302;0.4165504;0.57089263,1.8051912;6.5857015;0.32248291;5.936728,5.3096929;4.9432826;5.6691208;0.27514395,sqrt(mean_atoms(sum_xyz(error^2))),inactive;inactive;A;B,0.4399999976158142,0.5600000023841858,0.4165503978729248,0.5708926320075989,True,True,True,True,3.2834814;2.1407962;3.2834814;2.9776182,nan;nan;nan;nan,44.714851;48.552006;25.504654;17.944208,True;False;True;True,True,True,2,0.015944406;0.89432871;1.6937141;-0.33782175|1.3964072;2.8186908;-0.1589634;-2.3779182|0.044157777;-0.16842385;0.01164733;0.080081858|2.4268131;-0.49647346;0.6929276;2.9564755
synthetic,3A1C_B_ARG447,48,5.527775764465332,5.524321556091309,0.0008561594877392054,5.524321556091309,4A:200:lr1|2A:200:lr0.1|0A:200:lr0.01,0,600,nan,nan;nan;nan;nan,nan;nan;nan;nan|nan;nan;nan;nan|nan;nan;nan;nan|nan;nan;nan;nan,nan;nan;nan;nan,nan;nan;nan;nan,False,False,False,-1,nan,nan,nan,nan,0.0034980392083525658,0.31269738;0.014957032;0.55162424;0.12072133,-0.71555251;-0.99319017;0.79110724;0.95297688|1.9309026;-1.7066916;-0.58645952;-1.3831891|2.2524061;-0.60605335;1.0157903;2.9261961|0.6586861;1.0756627;2.5058012;-2.1440516,0.019344985485076904,5.452390670776367,0.11208057403564453,0.0,0.40565813;0.013913207;0.56147748;0.018951109,0.34660202;4.8008394;5.9342237;2.3149152,5.6697302;2.9319074;0.27372783;4.5440898,sqrt(mean_atoms(sum_xyz(error^2))),A;inactive;B;inactive,0.4399999976158142,0.5600000023841858,0.40565812587738037,0.5614774823188782,True,True,True,True,3.2834814;3.1254687;2.97893;3.2834814,nan;nan;nan;nan,25.183117;19.483934;18.359123;42.938721,True;True;True;True,True,True,2,0.051807817;-0.17402758;0.013719095;0.085887343|2.5249805;-2.6620455;-1.3745944;0.19530088|2.4202273;-0.50045258;0.70017225;2.9615352|-0.042318199;0.73141128;2.2241693;-1.6147897
synthetic,3A1C_B_ARG447,49,5.525219440460205,5.524979114532471,4.60899407528359e-09,5.524979114532471,4A:200:lr1|2A:200:lr0.1|0A:200:lr0.01,0,600,nan,nan;nan;nan;nan,nan;nan;nan;nan|nan;nan;nan;nan|nan;nan;nan;nan|nan;nan;nan;nan,nan;nan;nan;nan,nan;nan;nan;nan,False,False,False,-1,nan,nan,nan,nan,4.613485593552014e-09,0.55995309;7.5732605e-05;1.6270491e-06;0.43996954,2.2755063;-0.58054119;0.98035723;2.8969145|-2.5603631;1.5719835;-0.16051237;3.1366594|-3.0208161;-2.1722751;0.89339519;0.23438689|6.2293057e-06;-6.0567148e-05;-3.6360023e-05;6.8777481e-05,0.016131145879626274,5.452510833740234,0.11315494775772095,0.0,0.5405525;0.0023455461;0.045428336;0.41167367,5.9337692;5.6575022;5.6019354;0.33367342,0.27669996;3.3685145;2.299484;5.6598673,sqrt(mean_atoms(sum_xyz(error^2))),B;inactive;inactive;A,0.4399999976158142,0.5600000023841858,0.4116736650466919,0.5405524969100952,True,True,True,True,2.9848249;2.7464466;2.6811335;3.2834814,nan;nan;nan;nan,18.813801;38.933849;56.675346;24.985586,True;True;False;True,True,True,2,2.4095061;-0.50435126;0.70809358;2.9632504|-1.7725419;1.6424943;0.9556601;-2.5871127|-1.8269041;1.1410518;1.3689047;-2.7360682|0.048663341;-0.17747937;0.0043147071;0.085369982
