site,control,chi_degrees,nearest_rotamer,rotamer_deviation_degrees,rotamer_allowed_width_degrees,rotamer_within_allowed_width,canonical_like_30deg,min_direct_distance,closest_direct_atom,min_direct_clearance,no_direct_clash,min_symmetry_distance,closest_symmetry_atom,min_symmetry_clearance,no_symmetry_clash
1ZV8_E_ASN1,deposited_A,18.1184;81.6886,g+/p0,41.8816;81.6886,45.0000;90.0000,True,True,3.4202663289868362,E:GLN2:N,1.4202663289868362,True,5.397353998391107,"sym0[-1,0,1]/A:SER49:O",3.3973539983911074,True
1ZV8_E_ASN1,deposited_B,-171.7293;-105.3225,t/t,8.2707;74.6775,45.0000;90.0000,True,True,3.0021747467243487,E:GLN4:N,1.0021747467243487,True,4.27941677113978,"sym0[-1,0,1]/A:SER49:C",2.27941677113978,True
6Y4G_B_CYS260,deposited_A,-71.4094,g-,11.4094,45.0000,True,True,3.13015563973758,B:HIS287:CE1,1.13015563973758,True,nan,,inf,True
6Y4G_B_CYS260,deposited_B,-170.8625,t,9.1375,45.0000,True,True,3.4606638503427027,B:TRP261:N,1.4606638503427027,True,nan,,inf,True
3GMI_A_GLU5,deposited_A,-72.3869;-74.7686;-13.3137,g-/g-/p0,12.3869;14.7686;13.3137,45.0000;45.0000;90.0000,True,True,3.172453994117389,A:ILE6:N,1.1724539941173888,True,3.9637615965089803,"sym2[0,0,0]/S:HOH148:O",2.0037615583620076,True
3GMI_A_GLU5,deposited_B,158.6318;-85.7095;-45.6434,t/g-/p0,21.3682;25.7095;45.6434,45.0000;45.0000;90.0000,True,True,3.0716002359631935,A:LEU2:CD1,1.0716002359631935,True,3.3439629829657527,"sym2[0,0,0]/S:HOH148:O",1.38396294481878,True
2V05_A_HIS168,deposited_A,107.0886;86.3655,g+/m+80,47.0886;6.3655,45.0000;60.0000,False,False,3.7266340553355133,A:PHE167:C,1.7266340553355133,True,5.188603816924294,"sym1[1,1,0]/A:GLU68:OE1",3.188603816924294,True
2V05_A_HIS168,deposited_B,46.9383;-81.1391,g+/m-80,13.0617;1.1391,45.0000;60.0000,True,True,3.7228164088221014,A:PHE167:C,1.7228164088221014,True,5.196739358152819,"sym1[1,1,0]/A:GLU68:OE1",3.1967393581528194,True
8FBE_B_ILE92,deposited_A,55.7065;165.9163,g+/t,4.2935;14.0837,45.0000;60.0000,True,True,2.4211312994541356,B:LYS95:CB,0.42113129945413563,True,5.4670231629335575,"sym2[1,1,0]/B:ASN117:OD1",3.4670231629335575,True
8FBE_B_ILE92,deposited_B,-79.7249;178.1581,g-/t,19.7249;1.8419,45.0000;60.0000,True,True,3.2546143782857513,B:LYS93:N,1.2546143782857513,True,6.220687799145393,"sym2[1,1,0]/B:LYS116:O",4.220687799145393,True
7T7A_A_LEU396,deposited_A,-168.5581;69.1413,t/g+,11.4419;9.1413,45.0000;60.0000,True,True,3.352060949872392,A:ASP397:N,1.3520609498723921,True,3.4134891364696935,"sym3[0,-1,1]/A:GLN575:NE2",1.4134891364696935,True
7T7A_A_LEU396,deposited_B,-69.3388;-176.4089,g-/t,9.3388;3.5911,45.0000;60.0000,True,True,3.294869672178269,A:ASP397:N,1.2948696721782689,True,3.4151493040685637,"sym3[0,-1,1]/A:GLN575:NE2",1.4151493040685637,True
3NY7_B_LYS19,deposited_A,-71.9092;-122.6426;-177.0968;-176.4910,g-/t/t/t,11.9092;57.3574;2.9032;3.5090,45.0000;45.0000;45.0000;60.0000,False,False,3.237828621524664,B:GLN20:N,1.237828621524664,True,4.95140016576443,"sym0[-1,0,0]/S:HOH176:O",3.131400113312343,True
3NY7_B_LYS19,deposited_B,-52.7319;-175.3671;-71.2784;-70.1405,g-/t/g-/g-,7.2681;4.6329;11.2784;10.1405,45.0000;45.0000;45.0000;60.0000,True,True,3.24121955669437,B:GLN20:N,1.2412195566943698,True,4.798699256883093,"sym2[-1,0,1]/S:HOH138:O",2.918699261651464,True
5KWB_A_PHE591,deposited_A,178.6905;-98.9207,t/m-,1.3095;8.9207,45.0000;45.0000,True,True,3.24987198565394,A:SER592:N,1.24987198565394,True,nan,,inf,True
5KWB_A_PHE591,deposited_B,166.1694;93.2474,t/m+,13.8306;3.2474,45.0000;45.0000,True,True,3.19655370329267,A:SER592:N,1.19655370329267,True,nan,,inf,True
3K8W_A_SER337,deposited_A,-71.7433,g-,11.7433,45.0000,True,True,3.1016718355601958,A:GLU333:O,1.1016718355601958,True,nan,,inf,True
3K8W_A_SER337,deposited_B,72.6147,g+,12.6147,45.0000,True,True,2.9048175110297567,A:ALA338:N,0.9048175110297567,True,nan,,inf,True
4MKM_A_THR77,deposited_A,-164.6005,t,15.3995,45.0000,True,True,3.010653170913844,A:GLU78:N,1.010653170913844,True,5.543899506245736,"sym1[-1,-1,0]/A:ASN202:ND2",3.5438995062457357,True
4MKM_A_THR77,deposited_B,60.9267,g+,0.9267,45.0000,True,True,3.0873620108196915,A:GLU78:N,1.0873620108196915,True,6.788420083010462,"sym1[-1,-1,0]/A:ASN202:ND2",4.788420083010462,True
5DBA_A_TRP325,deposited_A,-99.9558;8.2604,g-/p0,39.9558;8.2604,45.0000;60.0000,True,True,3.1459231601262894,A:LYS326:N,1.1459231601262894,True,5.996084844503119,"sym0[0,0,-1]/A:ASN245:CA",3.9960848445031187,True
5DBA_A_TRP325,deposited_B,-99.1165;112.6019,g-/m+105,39.1165;7.6019,45.0000;60.0000,True,True,3.134865381143724,A:LYS326:N,1.1348653811437242,True,5.402931779607357,"sym0[0,0,-1]/A:ASN245:CB",3.402931779607357,True
8DJ2_A_VAL893,deposited_A,33.2224,g+,26.7776,45.0000,True,True,3.047428091280868,A:ASP891:OD1,1.0474280912808678,True,4.581875183333653,"sym6[0,0,0]/B:PRO772:CB",2.5818751833336533,True
8DJ2_A_VAL893,deposited_B,-154.7939,t,25.2061,45.0000,True,True,3.2724718456008137,A:ASP891:O,1.2724718456008137,True,3.6203911633329793,"sym6[0,0,0]/B:PRO772:CA",1.6203911633329793,True
5Z8H_A_MET730,deposited_A,-63.7791;-73.8527;-157.4388,g-/g-/t,3.7791;13.8527;22.5612,45.0000;45.0000;60.0000,True,True,3.228178081795288,A:ALA731:N,1.228178081795288,True,6.681747414770737,"sym0[0,-1,-1]/A:GOL802:C1",4.681747414770737,True
5Z8H_A_MET730,deposited_B,-66.6144;-60.1993;-76.1391,g-/g-/m-,6.6144;0.1993;13.8609,45.0000;45.0000;60.0000,True,True,3.2420437221323914,A:ALA731:N,1.2420437221323914,True,6.180122009058519,"sym0[0,-1,-1]/A:GOL802:O1",4.180122009058519,True
