site,ensembles,active_conformers,both_found_conventional,recovery_and_occupancy,all_active_strict_physical,occupancy_conditioned_all_active_strict_physical,assigned_pair_strict_joint_success,strict_joint_success,tmol_valid_conformers,canonical_conformers,clash_free_conformers
1ZV8_E_ASN1,50,185,1,0,0,0,0,0,10,185,185
2V05_A_HIS168,50,146,22,22,6,6,21,6,53,144,146
3GMI_A_GLU5,50,106,41,41,36,33,39,33,89,105,106
3K8W_A_SER337,50,141,50,50,16,16,50,16,100,141,141
3NY7_B_LYS19,50,124,48,47,24,24,38,24,87,120,124
4MKM_A_THR77,50,131,50,50,22,22,50,22,100,131,131
5DBA_A_TRP325,50,119,37,37,27,23,37,23,85,115,116
5KWB_A_PHE591,50,108,49,49,41,40,49,40,99,108,108
5Z8H_A_MET730,50,94,16,16,14,1,1,1,39,89,94
6Y4G_B_CYS260,50,108,50,50,42,42,50,42,100,108,108
7T7A_A_LEU396,50,121,44,41,30,30,34,30,83,120,121
8DJ2_A_VAL893,50,148,50,50,18,18,50,18,100,148,148
8FBE_B_ILE92,50,103,49,49,46,46,49,46,99,103,103
