site,target_A_occupancy,target_B_occupancy,candidate,candidate_class,occupancy_A,occupancy_B,matches_deposited_occupancy,rscc
1ZV8_E_ASN1,0.33000000327825535,0.6699999967217446,correct,deposited,0.33000000327825535,0.6699999967217446,True,1.0
1ZV8_E_ASN1,0.33000000327825535,0.6699999967217446,A_alone,coverage,1.0,0.0,False,0.5013848761320059
1ZV8_E_ASN1,0.33000000327825535,0.6699999967217446,B_alone,coverage,0.0,1.0,False,0.904664479616132
1ZV8_E_ASN1,0.33000000327825535,0.6699999967217446,A_duplicated,coverage,1.0,0.0,False,0.5013848761320059
1ZV8_E_ASN1,0.33000000327825535,0.6699999967217446,A0.25_B0.75,occupancy,0.25,0.75,False,0.9918431628361931
1ZV8_E_ASN1,0.33000000327825535,0.6699999967217446,A0.50_B0.50,occupancy,0.5,0.5,False,0.9545459955636578
1ZV8_E_ASN1,0.33000000327825535,0.6699999967217446,A0.75_B0.25,occupancy,0.75,0.25,False,0.7430606576872604
1ZV8_E_ASN1,0.33000000327825535,0.6699999967217446,A0.90_B0.10,occupancy,0.9,0.1,False,0.5927308292238459
2V05_A_HIS168,0.6100000143051147,0.38999998569488525,correct,deposited,0.6100000143051147,0.38999998569488525,True,1.0
2V05_A_HIS168,0.6100000143051147,0.38999998569488525,A_alone,coverage,1.0,0.0,False,0.8773224860724231
2V05_A_HIS168,0.6100000143051147,0.38999998569488525,B_alone,coverage,0.0,1.0,False,0.6599438778765737
2V05_A_HIS168,0.6100000143051147,0.38999998569488525,A_duplicated,coverage,1.0,0.0,False,0.8773224860724231
2V05_A_HIS168,0.6100000143051147,0.38999998569488525,A0.25_B0.75,occupancy,0.25,0.75,False,0.8496825218058306
2V05_A_HIS168,0.6100000143051147,0.38999998569488525,A0.50_B0.50,occupancy,0.5,0.5,False,0.9848339930908425
2V05_A_HIS168,0.6100000143051147,0.38999998569488525,A0.75_B0.25,occupancy,0.75,0.25,False,0.9787779223804012
2V05_A_HIS168,0.6100000143051147,0.38999998569488525,A0.90_B0.10,occupancy,0.9,0.1,False,0.9229306626551509
2VFP_A_TYR417,0.41999999940395355,0.5800000005960465,correct,deposited,0.41999999940395355,0.5800000005960465,True,0.9999999999999998
2VFP_A_TYR417,0.41999999940395355,0.5800000005960465,A_alone,coverage,1.0,0.0,False,0.8697584759801174
2VFP_A_TYR417,0.41999999940395355,0.5800000005960465,B_alone,coverage,0.0,1.0,False,0.9292265150066875
2VFP_A_TYR417,0.41999999940395355,0.5800000005960465,A_duplicated,coverage,1.0,0.0,False,0.8697584759801174
2VFP_A_TYR417,0.41999999940395355,0.5800000005960465,A0.25_B0.75,occupancy,0.25,0.75,False,0.9870904195159903
2VFP_A_TYR417,0.41999999940395355,0.5800000005960465,A0.50_B0.50,occupancy,0.5,0.5,False,0.9970501086969061
2VFP_A_TYR417,0.41999999940395355,0.5800000005960465,A0.75_B0.25,occupancy,0.75,0.25,False,0.9523803485009675
2VFP_A_TYR417,0.41999999940395355,0.5800000005960465,A0.90_B0.10,occupancy,0.9,0.1,False,0.9057210575813096
3A1C_B_ARG447,0.4399999976158142,0.5600000023841858,correct,deposited,0.4399999976158142,0.5600000023841858,True,1.0000000000000002
3A1C_B_ARG447,0.4399999976158142,0.5600000023841858,A_alone,coverage,1.0,0.0,False,0.532356366357552
3A1C_B_ARG447,0.4399999976158142,0.5600000023841858,B_alone,coverage,0.0,1.0,False,0.7619301123338934
3A1C_B_ARG447,0.4399999976158142,0.5600000023841858,A_duplicated,coverage,1.0,0.0,False,0.532356366357552
3A1C_B_ARG447,0.4399999976158142,0.5600000023841858,A0.25_B0.75,occupancy,0.25,0.75,False,0.9288170509453436
3A1C_B_ARG447,0.4399999976158142,0.5600000023841858,A0.50_B0.50,occupancy,0.5,0.5,False,0.9906169335307168
3A1C_B_ARG447,0.4399999976158142,0.5600000023841858,A0.75_B0.25,occupancy,0.75,0.25,False,0.7855485755330285
3A1C_B_ARG447,0.4399999976158142,0.5600000023841858,A0.90_B0.10,occupancy,0.9,0.1,False,0.625436089300026
3GMI_A_GLU5,0.7699999924004077,0.23000000759959233,correct,deposited,0.7699999924004077,0.23000000759959233,True,1.0
3GMI_A_GLU5,0.7699999924004077,0.23000000759959233,A_alone,coverage,1.0,0.0,False,0.9594681279485463
3GMI_A_GLU5,0.7699999924004077,0.23000000759959233,B_alone,coverage,0.0,1.0,False,0.34405617656460014
3GMI_A_GLU5,0.7699999924004077,0.23000000759959233,A_duplicated,coverage,1.0,0.0,False,0.9594681279485463
3GMI_A_GLU5,0.7699999924004077,0.23000000759959233,A0.25_B0.75,occupancy,0.25,0.75,False,0.6167007762851546
3GMI_A_GLU5,0.7699999924004077,0.23000000759959233,A0.50_B0.50,occupancy,0.5,0.5,False,0.8919351643452509
3GMI_A_GLU5,0.7699999924004077,0.23000000759959233,A0.75_B0.25,occupancy,0.75,0.25,False,0.9995381448828387
3GMI_A_GLU5,0.7699999924004077,0.23000000759959233,A0.90_B0.10,occupancy,0.9,0.1,False,0.9846328963623454
3K8W_A_SER337,0.5348837217361363,0.46511627826386365,correct,deposited,0.5348837217361363,0.46511627826386365,True,0.9999999999999998
3K8W_A_SER337,0.5348837217361363,0.46511627826386365,A_alone,coverage,1.0,0.0,False,0.8863017000081517
3K8W_A_SER337,0.5348837217361363,0.46511627826386365,B_alone,coverage,0.0,1.0,False,0.8463805369258385
3K8W_A_SER337,0.5348837217361363,0.46511627826386365,A_duplicated,coverage,1.0,0.0,False,0.8863017000081517
3K8W_A_SER337,0.5348837217361363,0.46511627826386365,A0.25_B0.75,occupancy,0.25,0.75,False,0.9492795843049945
3K8W_A_SER337,0.5348837217361363,0.46511627826386365,A0.50_B0.50,occupancy,0.5,0.5,False,0.9991972877216642
3K8W_A_SER337,0.5348837217361363,0.46511627826386365,A0.75_B0.25,occupancy,0.75,0.25,False,0.9714051213703034
3K8W_A_SER337,0.5348837217361363,0.46511627826386365,A0.90_B0.10,occupancy,0.9,0.1,False,0.9245908801309465
3NY7_B_LYS19,0.44999998807907104,0.550000011920929,correct,deposited,0.44999998807907104,0.550000011920929,True,0.9999999999999998
3NY7_B_LYS19,0.44999998807907104,0.550000011920929,A_alone,coverage,1.0,0.0,False,0.7944566097889257
3NY7_B_LYS19,0.44999998807907104,0.550000011920929,B_alone,coverage,0.0,1.0,False,0.8696632988887719
3NY7_B_LYS19,0.44999998807907104,0.550000011920929,A_duplicated,coverage,1.0,0.0,False,0.7944566097889257
3NY7_B_LYS19,0.44999998807907104,0.550000011920929,A0.25_B0.75,occupancy,0.25,0.75,False,0.968234197999313
3NY7_B_LYS19,0.44999998807907104,0.550000011920929,A0.50_B0.50,occupancy,0.5,0.5,False,0.9978207652391171
3NY7_B_LYS19,0.44999998807907104,0.550000011920929,A0.75_B0.25,occupancy,0.75,0.25,False,0.9263485176894791
3NY7_B_LYS19,0.44999998807907104,0.550000011920929,A0.90_B0.10,occupancy,0.9,0.1,False,0.8502262745022633
4C16_A_MET258,0.3700000047683716,0.6299999952316284,correct,deposited,0.3700000047683716,0.6299999952316284,True,1.0
4C16_A_MET258,0.3700000047683716,0.6299999952316284,A_alone,coverage,1.0,0.0,False,0.5466878220869457
4C16_A_MET258,0.3700000047683716,0.6299999952316284,B_alone,coverage,0.0,1.0,False,0.8705967711890303
4C16_A_MET258,0.3700000047683716,0.6299999952316284,A_duplicated,coverage,1.0,0.0,False,0.5466878220869457
4C16_A_MET258,0.3700000047683716,0.6299999952316284,A0.25_B0.75,occupancy,0.25,0.75,False,0.9801896438769684
4C16_A_MET258,0.3700000047683716,0.6299999952316284,A0.50_B0.50,occupancy,0.5,0.5,False,0.9715224327261234
4C16_A_MET258,0.3700000047683716,0.6299999952316284,A0.75_B0.25,occupancy,0.75,0.25,False,0.7790435060468089
4C16_A_MET258,0.3700000047683716,0.6299999952316284,A0.90_B0.10,occupancy,0.9,0.1,False,0.6350031105739012
4MKM_A_THR77,0.4100000086426738,0.5899999913573263,correct,deposited,0.4100000086426738,0.5899999913573263,True,0.9999999999999998
4MKM_A_THR77,0.4100000086426738,0.5899999913573263,A_alone,coverage,1.0,0.0,False,0.8891175660972961
4MKM_A_THR77,0.4100000086426738,0.5899999913573263,B_alone,coverage,0.0,1.0,False,0.9480755112917648
4MKM_A_THR77,0.4100000086426738,0.5899999913573263,A_duplicated,coverage,1.0,0.0,False,0.8891175660972961
4MKM_A_THR77,0.4100000086426738,0.5899999913573263,A0.25_B0.75,occupancy,0.25,0.75,False,0.9912736587341207
4MKM_A_THR77,0.4100000086426738,0.5899999913573263,A0.50_B0.50,occupancy,0.5,0.5,False,0.9971243056781509
4MKM_A_THR77,0.4100000086426738,0.5899999913573263,A0.75_B0.25,occupancy,0.75,0.25,False,0.9599652832413202
4MKM_A_THR77,0.4100000086426738,0.5899999913573263,A0.90_B0.10,occupancy,0.9,0.1,False,0.9204326334724575
5DBA_A_TRP325,0.550000011920929,0.44999998807907104,correct,deposited,0.550000011920929,0.44999998807907104,True,1.0
5DBA_A_TRP325,0.550000011920929,0.44999998807907104,A_alone,coverage,1.0,0.0,False,0.8739282219331361
5DBA_A_TRP325,0.550000011920929,0.44999998807907104,B_alone,coverage,0.0,1.0,False,0.8044794522427968
5DBA_A_TRP325,0.550000011920929,0.44999998807907104,A_duplicated,coverage,1.0,0.0,False,0.8739282219331361
5DBA_A_TRP325,0.550000011920929,0.44999998807907104,A0.25_B0.75,occupancy,0.25,0.75,False,0.9303133447762892
5DBA_A_TRP325,0.550000011920929,0.44999998807907104,A0.50_B0.50,occupancy,0.5,0.5,False,0.9979359790687163
5DBA_A_TRP325,0.550000011920929,0.44999998807907104,A0.75_B0.25,occupancy,0.75,0.25,False,0.9696408876699499
5DBA_A_TRP325,0.550000011920929,0.44999998807907104,A0.90_B0.10,occupancy,0.9,0.1,False,0.9166487744369038
5KWB_A_PHE591,0.4399999976158142,0.5600000023841858,correct,deposited,0.4399999976158142,0.5600000023841858,True,1.0000000000000002
5KWB_A_PHE591,0.4399999976158142,0.5600000023841858,A_alone,coverage,1.0,0.0,False,0.9268256504505058
5KWB_A_PHE591,0.4399999976158142,0.5600000023841858,B_alone,coverage,0.0,1.0,False,0.9555978731599514
5KWB_A_PHE591,0.4399999976158142,0.5600000023841858,A_duplicated,coverage,1.0,0.0,False,0.9268256504505058
5KWB_A_PHE591,0.4399999976158142,0.5600000023841858,A0.25_B0.75,occupancy,0.25,0.75,False,0.9911140364344515
5KWB_A_PHE591,0.4399999976158142,0.5600000023841858,A0.50_B0.50,occupancy,0.5,0.5,False,0.9990888342082109
5KWB_A_PHE591,0.4399999976158142,0.5600000023841858,A0.75_B0.25,occupancy,0.75,0.25,False,0.9761344054732525
5KWB_A_PHE591,0.4399999976158142,0.5600000023841858,A0.90_B0.10,occupancy,0.9,0.1,False,0.9491415147312247
5Z8H_A_MET730,0.2799999928474428,0.7200000071525572,correct,deposited,0.2799999928474428,0.7200000071525572,True,1.0
5Z8H_A_MET730,0.2799999928474428,0.7200000071525572,A_alone,coverage,1.0,0.0,False,0.9381455415934651
5Z8H_A_MET730,0.2799999928474428,0.7200000071525572,B_alone,coverage,0.0,1.0,False,0.9908920766028398
5Z8H_A_MET730,0.2799999928474428,0.7200000071525572,A_duplicated,coverage,1.0,0.0,False,0.9381455415934651
5Z8H_A_MET730,0.2799999928474428,0.7200000071525572,A0.25_B0.75,occupancy,0.25,0.75,False,0.9998911415119557
5Z8H_A_MET730,0.2799999928474428,0.7200000071525572,A0.50_B0.50,occupancy,0.5,0.5,False,0.9940376315406371
5Z8H_A_MET730,0.2799999928474428,0.7200000071525572,A0.75_B0.25,occupancy,0.75,0.25,False,0.9729178963169667
5Z8H_A_MET730,0.2799999928474428,0.7200000071525572,A0.90_B0.10,occupancy,0.9,0.1,False,0.953515291191756
6H59_B_ARG144,0.5,0.5,correct,deposited,0.5,0.5,True,1.0
6H59_B_ARG144,0.5,0.5,A_alone,coverage,1.0,0.0,False,0.8617897596658657
6H59_B_ARG144,0.5,0.5,B_alone,coverage,0.0,1.0,False,0.8616397414078064
6H59_B_ARG144,0.5,0.5,A_duplicated,coverage,1.0,0.0,False,0.8617897596658657
6H59_B_ARG144,0.5,0.5,A0.25_B0.75,occupancy,0.25,0.75,False,0.9592768984057684
6H59_B_ARG144,0.5,0.5,A0.50_B0.50,occupancy,0.5,0.5,True,1.0
6H59_B_ARG144,0.5,0.5,A0.75_B0.25,occupancy,0.75,0.25,False,0.9593027693933855
6H59_B_ARG144,0.5,0.5,A0.90_B0.10,occupancy,0.9,0.1,False,0.9047006444248528
6Y4G_B_CYS260,0.4392523260363973,0.5607476739636027,correct,deposited,0.4392523260363973,0.5607476739636027,True,1.0
6Y4G_B_CYS260,0.4392523260363973,0.5607476739636027,A_alone,coverage,1.0,0.0,False,0.6950595456448767
6Y4G_B_CYS260,0.4392523260363973,0.5607476739636027,B_alone,coverage,0.0,1.0,False,0.8263346368952902
6Y4G_B_CYS260,0.4392523260363973,0.5607476739636027,A_duplicated,coverage,1.0,0.0,False,0.6950595456448767
6Y4G_B_CYS260,0.4392523260363973,0.5607476739636027,A0.25_B0.75,occupancy,0.25,0.75,False,0.9562898350295882
6Y4G_B_CYS260,0.4392523260363973,0.5607476739636027,A0.50_B0.50,occupancy,0.5,0.5,False,0.9947991695704205
6Y4G_B_CYS260,0.4392523260363973,0.5607476739636027,A0.75_B0.25,occupancy,0.75,0.25,False,0.8771879658040871
6Y4G_B_CYS260,0.4392523260363973,0.5607476739636027,A0.90_B0.10,occupancy,0.9,0.1,False,0.7679101864670824
7F72_A_MET103,0.4800000035762788,0.5199999964237212,correct,deposited,0.4800000035762788,0.5199999964237212,True,0.9999999999999998
7F72_A_MET103,0.4800000035762788,0.5199999964237212,A_alone,coverage,1.0,0.0,False,0.9724549610331902
7F72_A_MET103,0.4800000035762788,0.5199999964237212,B_alone,coverage,0.0,1.0,False,0.976559066600223
7F72_A_MET103,0.4800000035762788,0.5199999964237212,A_duplicated,coverage,1.0,0.0,False,0.9724549610331902
7F72_A_MET103,0.4800000035762788,0.5199999964237212,A0.25_B0.75,occupancy,0.25,0.75,False,0.9944584292771536
7F72_A_MET103,0.4800000035762788,0.5199999964237212,A0.50_B0.50,occupancy,0.5,0.5,False,0.9999576692761306
7F72_A_MET103,0.4800000035762788,0.5199999964237212,A0.75_B0.25,occupancy,0.75,0.25,False,0.9923585464433362
7F72_A_MET103,0.4800000035762788,0.5199999964237212,A0.90_B0.10,occupancy,0.9,0.1,False,0.9817841867423304
7T7A_A_LEU396,0.3799999952316284,0.6200000047683716,correct,deposited,0.3799999952316284,0.6200000047683716,True,1.0000000000000002
7T7A_A_LEU396,0.3799999952316284,0.6200000047683716,A_alone,coverage,1.0,0.0,False,0.6952576249735444
7T7A_A_LEU396,0.3799999952316284,0.6200000047683716,B_alone,coverage,0.0,1.0,False,0.8977392159303732
7T7A_A_LEU396,0.3799999952316284,0.6200000047683716,A_duplicated,coverage,1.0,0.0,False,0.6952576249735444
7T7A_A_LEU396,0.3799999952316284,0.6200000047683716,A0.25_B0.75,occupancy,0.25,0.75,False,0.9845408610051574
7T7A_A_LEU396,0.3799999952316284,0.6200000047683716,A0.50_B0.50,occupancy,0.5,0.5,False,0.9850877153165514
7T7A_A_LEU396,0.3799999952316284,0.6200000047683716,A0.75_B0.25,occupancy,0.75,0.25,False,0.8668777070088085
7T7A_A_LEU396,0.3799999952316284,0.6200000047683716,A0.90_B0.10,occupancy,0.9,0.1,False,0.7647533357559675
7UO8_A_GLN53,0.33999999344348925,0.6600000065565107,correct,deposited,0.33999999344348925,0.6600000065565107,True,1.0000000000000002
7UO8_A_GLN53,0.33999999344348925,0.6600000065565107,A_alone,coverage,1.0,0.0,False,0.5592836837510907
7UO8_A_GLN53,0.33999999344348925,0.6600000065565107,B_alone,coverage,0.0,1.0,False,0.9038078122699479
7UO8_A_GLN53,0.33999999344348925,0.6600000065565107,A_duplicated,coverage,1.0,0.0,False,0.5592836837510907
7UO8_A_GLN53,0.33999999344348925,0.6600000065565107,A0.25_B0.75,occupancy,0.25,0.75,False,0.9905464583079412
7UO8_A_GLN53,0.33999999344348925,0.6600000065565107,A0.50_B0.50,occupancy,0.5,0.5,False,0.9641893991434678
7UO8_A_GLN53,0.33999999344348925,0.6600000065565107,A0.75_B0.25,occupancy,0.75,0.25,False,0.781451014047061
7UO8_A_GLN53,0.33999999344348925,0.6600000065565107,A0.90_B0.10,occupancy,0.9,0.1,False,0.6449194250295276
8DJ2_A_VAL893,0.6600000065565107,0.33999999344348925,correct,deposited,0.6600000065565107,0.33999999344348925,True,1.0
8DJ2_A_VAL893,0.6600000065565107,0.33999999344348925,A_alone,coverage,1.0,0.0,False,0.9647700392575485
8DJ2_A_VAL893,0.6600000065565107,0.33999999344348925,B_alone,coverage,0.0,1.0,False,0.8597522612821689
8DJ2_A_VAL893,0.6600000065565107,0.33999999344348925,A_duplicated,coverage,1.0,0.0,False,0.9647700392575485
8DJ2_A_VAL893,0.6600000065565107,0.33999999344348925,A0.25_B0.75,occupancy,0.25,0.75,False,0.9414624408060743
8DJ2_A_VAL893,0.6600000065565107,0.33999999344348925,A0.50_B0.50,occupancy,0.5,0.5,False,0.990915795287491
8DJ2_A_VAL893,0.6600000065565107,0.33999999344348925,A0.75_B0.25,occupancy,0.75,0.25,False,0.9972581207734562
8DJ2_A_VAL893,0.6600000065565107,0.33999999344348925,A0.90_B0.10,occupancy,0.9,0.1,False,0.9815842289440685
8FBE_B_ILE92,0.3799999952316284,0.6200000047683716,correct,deposited,0.3799999952316284,0.6200000047683716,True,1.0000000000000002
8FBE_B_ILE92,0.3799999952316284,0.6200000047683716,A_alone,coverage,1.0,0.0,False,0.8237033716012101
8FBE_B_ILE92,0.3799999952316284,0.6200000047683716,B_alone,coverage,0.0,1.0,False,0.9377801512509153
8FBE_B_ILE92,0.3799999952316284,0.6200000047683716,A_duplicated,coverage,1.0,0.0,False,0.8237033716012101
8FBE_B_ILE92,0.3799999952316284,0.6200000047683716,A0.25_B0.75,occupancy,0.25,0.75,False,0.9915705953126225
8FBE_B_ILE92,0.3799999952316284,0.6200000047683716,A0.50_B0.50,occupancy,0.5,0.5,False,0.9923328420276302
8FBE_B_ILE92,0.3799999952316284,0.6200000047683716,A0.75_B0.25,occupancy,0.75,0.25,False,0.9294459579787187
8FBE_B_ILE92,0.3799999952316284,0.6200000047683716,A0.90_B0.10,occupancy,0.9,0.1,False,0.8689980591536627
8Q6Q_B_ASP81,0.5699999928474426,0.4300000071525574,correct,deposited,0.5699999928474426,0.4300000071525574,True,0.9999999999999998
8Q6Q_B_ASP81,0.5699999928474426,0.4300000071525574,A_alone,coverage,1.0,0.0,False,0.8396706816515274
8Q6Q_B_ASP81,0.5699999928474426,0.4300000071525574,B_alone,coverage,0.0,1.0,False,0.6938845746718203
8Q6Q_B_ASP81,0.5699999928474426,0.4300000071525574,A_duplicated,coverage,1.0,0.0,False,0.8396706816515274
8Q6Q_B_ASP81,0.5699999928474426,0.4300000071525574,A0.25_B0.75,occupancy,0.25,0.75,False,0.874922992572033
8Q6Q_B_ASP81,0.5699999928474426,0.4300000071525574,A0.50_B0.50,occupancy,0.5,0.5,False,0.9934169048522039
8Q6Q_B_ASP81,0.5699999928474426,0.4300000071525574,A0.75_B0.25,occupancy,0.75,0.25,False,0.9621977691002684
8Q6Q_B_ASP81,0.5699999928474426,0.4300000071525574,A0.90_B0.10,occupancy,0.9,0.1,False,0.8925776651377277
