condition,site,start,slot,occupancy,tmol_energy,tmol_A,tmol_B
density_only,B_MET112,0,1,0.99999583,32.728614807128906,25.182594299316406,28.60074234008789
density_only,B_MET112,1,2,0.99999988,79.54377746582031,25.182594299316406,28.60074234008789
density_only,B_MET112,2,0,0.99999952,40.64956283569336,25.182594299316406,28.60074234008789
density_only,B_MET112,3,0,0.98661762,44.70402145385742,25.182594299316406,28.60074234008789
density_only,B_MET112,4,1,0.99980301,183.51174926757812,25.182594299316406,28.60074234008789
density_only,B_MET112,5,2,0.99999738,26.26770782470703,25.182594299316406,28.60074234008789
density_only,B_MET112,6,1,0.69586593,36.06127166748047,25.182594299316406,28.60074234008789
density_only,B_MET112,6,2,0.30409855,34.026790618896484,25.182594299316406,28.60074234008789
density_only,B_MET112,7,3,0.99866915,42.902896881103516,25.182594299316406,28.60074234008789
density_only,B_MET112,8,0,0.9996345,37.07420349121094,25.182594299316406,28.60074234008789
density_only,B_MET112,9,3,0.99999535,36.58707046508789,25.182594299316406,28.60074234008789
density_only,B_MET112,10,2,0.99999988,26.392539978027344,25.182594299316406,28.60074234008789
density_only,B_MET112,11,3,0.99997914,38.56861114501953,25.182594299316406,28.60074234008789
density_only,B_MET112,12,3,0.99994659,40.75588607788086,25.182594299316406,28.60074234008789
density_only,B_MET112,13,2,0.99998939,40.320884704589844,25.182594299316406,28.60074234008789
density_only,B_MET112,14,1,0.99999738,27.82044219970703,25.182594299316406,28.60074234008789
density_only,B_MET112,15,2,0.99999928,27.652015686035156,25.182594299316406,28.60074234008789
density_only,B_MET112,16,2,0.35461608,52.0439453125,25.182594299316406,28.60074234008789
density_only,B_MET112,16,3,0.64538217,25.03118896484375,25.182594299316406,28.60074234008789
density_only,B_MET112,17,2,0.99985361,29.299026489257812,25.182594299316406,28.60074234008789
density_only,B_MET112,18,1,0.99999869,40.070960998535156,25.182594299316406,28.60074234008789
density_only,B_MET112,19,2,0.99999964,40.39745330810547,25.182594299316406,28.60074234008789
density_only,B_MET112,20,0,0.99986577,41.59803009033203,25.182594299316406,28.60074234008789
density_only,B_MET112,21,0,1.0,42.36396026611328,25.182594299316406,28.60074234008789
density_only,B_MET112,22,3,0.99998951,1104.7020263671875,25.182594299316406,28.60074234008789
density_only,B_MET112,23,0,0.99993837,26.730594635009766,25.182594299316406,28.60074234008789
density_only,B_MET112,24,3,0.99998224,42.723670959472656,25.182594299316406,28.60074234008789
density_only,B_MET112,25,2,0.99998522,43.273773193359375,25.182594299316406,28.60074234008789
density_only,B_MET112,26,0,1.0,26.496387481689453,25.182594299316406,28.60074234008789
density_only,B_MET112,27,1,0.99999416,48.08164596557617,25.182594299316406,28.60074234008789
density_only,B_MET112,28,1,0.99982989,41.369651794433594,25.182594299316406,28.60074234008789
density_only,B_MET112,29,3,0.99999487,25.570846557617188,25.182594299316406,28.60074234008789
density_only,B_MET112,30,3,0.99999714,41.6860466003418,25.182594299316406,28.60074234008789
density_only,B_MET112,31,3,0.99997973,44.15986633300781,25.182594299316406,28.60074234008789
density_only,B_MET112,32,2,0.99996734,32.611473083496094,25.182594299316406,28.60074234008789
density_only,B_MET112,33,1,1.0,1018.41455078125,25.182594299316406,28.60074234008789
density_only,B_MET112,34,1,0.61059469,33.58537292480469,25.182594299316406,28.60074234008789
density_only,B_MET112,34,2,0.38936791,29.930946350097656,25.182594299316406,28.60074234008789
density_only,B_MET112,35,1,0.99970406,38.79649353027344,25.182594299316406,28.60074234008789
density_only,B_MET112,36,1,0.25439104,220.8963623046875,25.182594299316406,28.60074234008789
density_only,B_MET112,36,3,0.74554706,29.899681091308594,25.182594299316406,28.60074234008789
density_only,B_MET112,37,2,0.99999845,38.04263687133789,25.182594299316406,28.60074234008789
density_only,B_MET112,38,3,0.9999994,91.56167602539062,25.182594299316406,28.60074234008789
density_only,B_MET112,39,3,0.99998736,36.801795959472656,25.182594299316406,28.60074234008789
density_only,B_MET112,40,1,0.99999809,35.91141128540039,25.182594299316406,28.60074234008789
density_only,B_MET112,41,1,0.99999952,35.711524963378906,25.182594299316406,28.60074234008789
density_only,B_MET112,42,3,0.99999917,39.20623779296875,25.182594299316406,28.60074234008789
density_only,B_MET112,43,0,0.43718591,30.590309143066406,25.182594299316406,28.60074234008789
density_only,B_MET112,43,3,0.5625301,38.30576705932617,25.182594299316406,28.60074234008789
density_only,B_MET112,44,0,0.83482498,28.454662322998047,25.182594299316406,28.60074234008789
density_only,B_MET112,44,1,0.16517024,66.52652740478516,25.182594299316406,28.60074234008789
density_only,B_MET112,45,2,0.99977511,32.081886291503906,25.182594299316406,28.60074234008789
density_only,B_MET112,46,0,0.9999994,30.71479034423828,25.182594299316406,28.60074234008789
density_only,B_MET112,47,3,0.99999964,37.20548629760742,25.182594299316406,28.60074234008789
density_only,B_MET112,48,1,0.99999881,34.1239128112793,25.182594299316406,28.60074234008789
density_only,B_MET112,49,0,0.99993491,38.97495651245117,25.182594299316406,28.60074234008789
soft_physics,B_MET112,0,2,0.99999893,30.330474853515625,25.182594299316406,28.60074234008789
soft_physics,B_MET112,1,2,0.9999944,40.571266174316406,25.182594299316406,28.60074234008789
soft_physics,B_MET112,2,1,0.99977058,32.386600494384766,25.182594299316406,28.60074234008789
soft_physics,B_MET112,3,0,0.99986744,28.183780670166016,25.182594299316406,28.60074234008789
soft_physics,B_MET112,4,0,0.99968457,773.5010986328125,25.182594299316406,28.60074234008789
soft_physics,B_MET112,5,0,0.82968777,26.505172729492188,25.182594299316406,28.60074234008789
soft_physics,B_MET112,5,1,0.17000046,43.860164642333984,25.182594299316406,28.60074234008789
soft_physics,B_MET112,6,2,0.2705946,45.88018035888672,25.182594299316406,28.60074234008789
soft_physics,B_MET112,6,3,0.7293638,26.88735580444336,25.182594299316406,28.60074234008789
soft_physics,B_MET112,7,1,1.0,38.818851470947266,25.182594299316406,28.60074234008789
soft_physics,B_MET112,8,3,0.99992597,27.05158233642578,25.182594299316406,28.60074234008789
soft_physics,B_MET112,9,1,0.99999988,34.22137451171875,25.182594299316406,28.60074234008789
soft_physics,B_MET112,10,0,0.99999499,37.556156158447266,25.182594299316406,28.60074234008789
soft_physics,B_MET112,11,0,0.99999058,44.22343444824219,25.182594299316406,28.60074234008789
soft_physics,B_MET112,12,1,0.69469082,27.11246109008789,25.182594299316406,28.60074234008789
soft_physics,B_MET112,12,3,0.3052859,59.605377197265625,25.182594299316406,28.60074234008789
soft_physics,B_MET112,13,3,0.99999368,39.90092468261719,25.182594299316406,28.60074234008789
soft_physics,B_MET112,14,3,0.99909461,42.358612060546875,25.182594299316406,28.60074234008789
soft_physics,B_MET112,15,2,0.99999654,41.053165435791016,25.182594299316406,28.60074234008789
soft_physics,B_MET112,16,2,0.99997747,41.428504943847656,25.182594299316406,28.60074234008789
soft_physics,B_MET112,17,3,0.99997211,38.77735137939453,25.182594299316406,28.60074234008789
soft_physics,B_MET112,18,2,0.99999607,28.666847229003906,25.182594299316406,28.60074234008789
soft_physics,B_MET112,19,0,1.0,28.150333404541016,25.182594299316406,28.60074234008789
soft_physics,B_MET112,20,2,0.99998641,26.562759399414062,25.182594299316406,28.60074234008789
soft_physics,B_MET112,21,2,0.99672002,416.68328857421875,25.182594299316406,28.60074234008789
soft_physics,B_MET112,22,2,0.99995971,34.805938720703125,25.182594299316406,28.60074234008789
soft_physics,B_MET112,23,3,0.99998939,33.09829330444336,25.182594299316406,28.60074234008789
soft_physics,B_MET112,24,0,0.99999797,30.180843353271484,25.182594299316406,28.60074234008789
soft_physics,B_MET112,25,2,0.99998236,31.54791259765625,25.182594299316406,28.60074234008789
soft_physics,B_MET112,26,0,0.99952269,40.47945785522461,25.182594299316406,28.60074234008789
soft_physics,B_MET112,27,1,0.99998701,45.3831787109375,25.182594299316406,28.60074234008789
soft_physics,B_MET112,28,1,1.0,32.71186828613281,25.182594299316406,28.60074234008789
soft_physics,B_MET112,29,0,0.99999869,28.09844970703125,25.182594299316406,28.60074234008789
soft_physics,B_MET112,30,3,0.99996793,24.935958862304688,25.182594299316406,28.60074234008789
soft_physics,B_MET112,31,3,0.9999454,34.442787170410156,25.182594299316406,28.60074234008789
soft_physics,B_MET112,32,3,0.99994099,26.08769989013672,25.182594299316406,28.60074234008789
soft_physics,B_MET112,33,3,0.99999559,39.90989685058594,25.182594299316406,28.60074234008789
soft_physics,B_MET112,34,2,0.99997115,27.961257934570312,25.182594299316406,28.60074234008789
soft_physics,B_MET112,35,3,0.99994457,38.70493698120117,25.182594299316406,28.60074234008789
soft_physics,B_MET112,36,1,0.99999845,43.9608154296875,25.182594299316406,28.60074234008789
soft_physics,B_MET112,37,2,0.99996722,42.122154235839844,25.182594299316406,28.60074234008789
soft_physics,B_MET112,38,2,0.9999994,32.23823547363281,25.182594299316406,28.60074234008789
soft_physics,B_MET112,39,2,0.99999845,36.10145950317383,25.182594299316406,28.60074234008789
soft_physics,B_MET112,40,0,0.9999994,27.059432983398438,25.182594299316406,28.60074234008789
soft_physics,B_MET112,41,3,0.99993384,35.89674758911133,25.182594299316406,28.60074234008789
soft_physics,B_MET112,42,1,0.99999785,28.91196060180664,25.182594299316406,28.60074234008789
soft_physics,B_MET112,43,3,0.99997425,25.2943115234375,25.182594299316406,28.60074234008789
soft_physics,B_MET112,44,0,0.99996006,36.28673553466797,25.182594299316406,28.60074234008789
soft_physics,B_MET112,45,3,1.0,27.6434326171875,25.182594299316406,28.60074234008789
soft_physics,B_MET112,46,2,1.0,1765.6785888671875,25.182594299316406,28.60074234008789
soft_physics,B_MET112,47,2,0.99998415,41.17137145996094,25.182594299316406,28.60074234008789
soft_physics,B_MET112,48,1,0.99996567,38.90464401245117,25.182594299316406,28.60074234008789
soft_physics,B_MET112,49,1,0.99986231,1862.04638671875,25.182594299316406,28.60074234008789
