site,site_label,starts,both_conformers,plus_occupancy,plus_frozen_physical_audit
3K8W_A_SER337,3K8W,50,50,50,50
4MKM_A_THR77,4MKM,50,50,50,50
6Y4G_B_CYS260,6Y4G,50,50,50,50
8DJ2_A_VAL893,8DJ2,50,50,50,50
5KWB_A_PHE591,5KWB,50,49,49,49
8FBE_B_ILE92,8FBE,50,49,49,49
3A1C_B_ARG447,3A1C,50,47,45,44
3GMI_A_GLU5,3GMI,50,41,41,39
6H59_B_ARG144,6H59,50,41,41,39
3NY7_B_LYS19,3NY7,50,48,47,38
5DBA_A_TRP325,5DBA,50,37,37,37
7T7A_A_LEU396,7T7A,50,44,41,34
8Q6Q_B_ASP81,8Q6Q,50,50,42,25
2V05_A_HIS168,2V05,50,22,22,21
4C16_A_MET258,4C16,50,20,20,19
7UO8_A_GLN53,7UO8,50,18,18,18
2VFP_A_TYR417,2VFP,50,14,8,8
7F72_A_MET103,7F72,50,45,38,5
5Z8H_A_MET730,5Z8H,50,16,16,1
1ZV8_E_ASN1,1ZV8,50,1,0,0
