candidate_id,site,start,conformer,occupancy,assignment,merge_cluster,merge_cluster_occupancy,merge_cluster_representative,merge_cluster_assignment,assigned_occupancy,rmsd_to_A_conventional,rmsd_to_B_conventional,chi_degrees,nearest_rotamer,rotamer_deviation_degrees,rotamer_allowed_width_degrees,rotamer_within_allowed_width,canonical_like_30deg,min_direct_distance,closest_direct_atom,min_direct_clearance,no_direct_clash,min_symmetry_distance,closest_symmetry_atom,min_symmetry_clearance,no_symmetry_clash,no_sub2A_clash,geometry_physical_valid,tmol_energy,tmol_reference_matched_AB,tmol_delta_vs_matched_AB,tmol_valid,strict_physical_valid
7UO8_A_GLN53__000__1,7UO8_A_GLN53,0,1,0.70197469,other,0,0.70197469,True,other,0.70197469,4.740014553070068,1.4178228378295898,175.8582;71.5621;-160.6633,t/g+/t,4.1418;11.5621;19.3367,45.0000;45.0000;90.0000,True,True,3.501224378337586,A:PHE54:N,1.5012243783375858,True,4.261414866958602,"sym5[1,1,0]/A:GLU57:O",2.261414866958602,True,True,True,54.19884490966797,nan,nan,False,False
7UO8_A_GLN53__000__3,7UO8_A_GLN53,0,3,0.28286377,A,1,0.28286377,True,A,0.28286377,0.7376319766044617,4.569044589996338,47.4007;-84.2488;-7.6164,g+/g-/p0,12.5993;24.2488;7.6164,45.0000;45.0000;90.0000,True,True,2.94085466055278,A:TRP72:O,0.9408546605527799,True,2.495214938113451,"sym4[0,0,0]/S:HOH58:O",1.195214985797167,True,True,True,113.50186157226562,154.7640380859375,-41.262176513671875,True,True
7UO8_A_GLN53__001__1,7UO8_A_GLN53,1,1,0.69659829,B,0,0.69659829,True,B,0.69659829,4.667263984680176,0.016761353239417076,177.1545;70.9176;19.7215,t/g+/p0,2.8455;10.9176;19.7215,45.0000;45.0000;90.0000,True,True,3.501224378337586,A:PHE54:N,1.5012243783375858,True,2.676046687928811,"sym5[1,1,0]/S:HOH51:O",0.9960467403808986,True,True,True,157.61691284179688,157.52487182617188,0.092041015625,True,True
7UO8_A_GLN53__001__2,7UO8_A_GLN53,1,2,0.26626047,other,1,0.26626047,True,other,0.26626047,1.524949312210083,4.610830783843994,49.5518;-84.3886;169.3482,g+/g-/t,10.4482;24.3886;10.6518,45.0000;45.0000;90.0000,True,True,2.9564090660862554,A:PHE51:CB,0.9564090660862554,True,2.5288570127223116,"sym4[0,0,0]/S:HOH58:O",1.2288570604060274,True,True,True,64.03374481201172,nan,nan,False,False
7UO8_A_GLN53__002__1,7UO8_A_GLN53,2,1,0.70298702,B,0,0.70298702,True,B,0.70298702,4.667262077331543,0.016727514564990997,177.1531;70.9176;19.7233,t/g+/p0,2.8469;10.9176;19.7233,45.0000;45.0000;90.0000,True,True,3.501224378337586,A:PHE54:N,1.5012243783375858,True,2.6760619543849957,"sym5[1,1,0]/S:HOH51:O",0.9960620068370831,True,True,True,157.61691284179688,157.52487182617188,0.092041015625,True,True
7UO8_A_GLN53__002__3,7UO8_A_GLN53,2,3,0.29069537,A,1,0.29069537,True,A,0.29069537,0.7380484938621521,4.569046497344971,47.3808;-84.2358;-7.6347,g+/g-/p0,12.6192;24.2358;7.6347,45.0000;45.0000;90.0000,True,True,2.941958091271055,A:TRP72:O,0.9419580912710548,True,2.4951775307032795,"sym4[0,0,0]/S:HOH58:O",1.1951775783869953,True,True,True,113.4679183959961,154.7640380859375,-41.296119689941406,True,True
7UO8_A_GLN53__003__0,7UO8_A_GLN53,3,0,0.068056196,other,0,0.068056196,True,other,0.068056196,0.7507982850074768,4.566678047180176,47.1290;-84.4095;-7.2552,g+/g-/p0,12.8710;24.4095;7.2552,45.0000;45.0000;90.0000,True,True,2.942535085496724,A:PHE51:CD2,0.9425350854967238,True,2.4873250384645065,"sym4[0,0,0]/S:HOH58:O",1.1873250861482223,True,True,True,69.67326354980469,nan,nan,False,False
7UO8_A_GLN53__003__1,7UO8_A_GLN53,3,1,0.69053555,other,1,0.69053555,True,other,0.69053555,4.740473747253418,1.417799711227417,175.8235;71.4688;-160.8024,t/g+/t,4.1765;11.4688;19.1976,45.0000;45.0000;90.0000,True,True,3.501224378337586,A:PHE54:N,1.5012243783375858,True,4.259152965945353,"sym5[1,1,0]/A:GLU57:O",2.2591529659453533,True,True,True,54.207496643066406,nan,nan,False,False
7UO8_A_GLN53__003__3,7UO8_A_GLN53,3,3,0.22433327,other,2,0.22433327,True,other,0.22433327,1.527005672454834,4.609200477600098,49.4807;-84.5494;169.4163,g+/g-/t,10.5193;24.5494;10.5837,45.0000;45.0000;90.0000,True,True,2.960606066608978,A:PHE51:CB,0.9606060666089782,True,2.524079834985158,"sym4[0,0,0]/S:HOH58:O",1.2240798826688737,True,True,True,63.94751739501953,nan,nan,False,False
7UO8_A_GLN53__004__0,7UO8_A_GLN53,4,0,0.24032637,other,0,0.24032637,True,other,0.24032637,1.5263906717300415,4.609737873077393,49.5027;-84.4921;169.3511,g+/g-/t,10.4973;24.4921;10.6489,45.0000;45.0000;90.0000,True,True,2.958587181334792,A:PHE51:CB,0.9585871813347921,True,2.5257244237671177,"sym4[0,0,0]/S:HOH58:O",1.2257244714508335,True,True,True,63.97791290283203,nan,nan,False,False
7UO8_A_GLN53__004__2,7UO8_A_GLN53,4,2,0.69141728,B,1,0.69141728,True,B,0.69141728,4.668538570404053,0.022294480353593826,177.1881;70.5903;19.7207,t/g+/p0,2.8119;10.5903;19.7207,45.0000;45.0000;90.0000,True,True,3.501224378337586,A:PHE54:N,1.5012243783375858,True,2.666676241583283,"sym5[1,1,0]/S:HOH51:O",0.9866762940353704,True,True,True,157.59530639648438,157.52487182617188,0.0704345703125,True,True
7UO8_A_GLN53__004__3,7UO8_A_GLN53,4,3,0.051441256,other,2,0.051441256,True,other,0.051441256,0.7668377161026001,4.562960147857666,47.0423;-84.8207;-5.5564,g+/g-/p0,12.9577;24.8207;5.5564,45.0000;45.0000;90.0000,True,True,2.9572382898657947,A:PHE51:CB,0.9572382898657947,True,2.4770250920364822,"sym4[0,0,0]/S:HOH58:O",1.177025139720198,True,True,True,68.89118194580078,nan,nan,False,False
7UO8_A_GLN53__005__1,7UO8_A_GLN53,5,1,0.66006833,B,0,0.66006833,True,B,0.66006833,4.669656276702881,0.030087973922491074,177.3976;70.3295;19.5149,t/g+/p0,2.6024;10.3295;19.5149,45.0000;45.0000;90.0000,True,True,3.501224378337586,A:PHE54:N,1.5012243783375858,True,2.65784795348458,"sym5[1,1,0]/S:HOH51:O",0.9778480059366674,True,True,True,157.5947265625,157.52487182617188,0.069854736328125,True,True
7UO8_A_GLN53__005__3,7UO8_A_GLN53,5,3,0.29232636,A,1,0.29232636,True,A,0.29232636,0.7380627989768982,4.569034099578857,47.3800;-84.2376;-7.6453,g+/g-/p0,12.6200;24.2376;7.6453,45.0000;45.0000;90.0000,True,True,2.9420258577868648,A:TRP72:O,0.9420258577868648,True,2.495122890646545,"sym4[0,0,0]/S:HOH58:O",1.1951229383302606,True,True,True,113.4679183959961,154.7640380859375,-41.296119689941406,True,True
7UO8_A_GLN53__006__0,7UO8_A_GLN53,6,0,0.2436554,A,0,0.2436554,True,A,0.2436554,0.741006076335907,4.568483352661133,47.3221;-84.2801;-7.5623,g+/g-/p0,12.6779;24.2801;7.5623,45.0000;45.0000;90.0000,True,True,2.9447127569823106,A:PHE51:CD2,0.9447127569823106,True,2.493258195219407,"sym4[0,0,0]/S:HOH58:O",1.1932582429031227,True,True,True,113.369873046875,154.7640380859375,-41.3941650390625,True,True
7UO8_A_GLN53__006__1,7UO8_A_GLN53,6,1,0.69220418,B,1,0.69220418,True,B,0.69220418,4.668537139892578,0.022271692752838135,177.1860;70.5901;19.7228,t/g+/p0,2.8140;10.5901;19.7228,45.0000;45.0000;90.0000,True,True,3.501224378337586,A:PHE54:N,1.5012243783375858,True,2.666686936640898,"sym5[1,1,0]/S:HOH51:O",0.9866869890929855,True,True,True,157.59530639648438,157.52487182617188,0.0704345703125,True,True
7UO8_A_GLN53__007__0,7UO8_A_GLN53,7,0,0.28667235,other,0,0.28667235,True,other,0.28667235,1.5250111818313599,4.610963821411133,49.5434;-84.3532;169.2224,g+/g-/t,10.4566;24.3532;10.7776,45.0000;45.0000;90.0000,True,True,2.9541308714389367,A:PHE51:CB,0.9541308714389367,True,2.529478948809377,"sym4[0,0,0]/S:HOH58:O",1.2294789964930928,True,True,True,64.04753112792969,nan,nan,False,False
7UO8_A_GLN53__007__3,7UO8_A_GLN53,7,3,0.66024226,B,1,0.66024226,True,B,0.66024226,4.669781684875488,0.03962598741054535,177.7618;70.3341;19.2072,t/g+/p0,2.2382;10.3341;19.2072,45.0000;45.0000;90.0000,True,True,3.501224378337586,A:PHE54:N,1.5012243783375858,True,2.656394821989468,"sym5[1,1,0]/S:HOH51:O",0.9763948744415556,True,True,True,157.62435913085938,157.52487182617188,0.0994873046875,True,True
7UO8_A_GLN53__008__0,7UO8_A_GLN53,8,0,0.25184217,other,0,0.25184217,True,other,0.25184217,1.464907169342041,4.6677632331848145,48.5244;-74.5904;172.1390,g+/g-/t,11.4756;14.5904;7.8610,45.0000;45.0000;90.0000,True,True,2.8162825818481703,A:PHE51:CB,0.8162825818481703,True,2.7316557217674347,"sym4[0,0,0]/S:HOH58:O",1.4316557694511505,True,True,True,74.65249633789062,nan,nan,False,False
7UO8_A_GLN53__008__2,7UO8_A_GLN53,8,2,0.67998344,other,1,0.67998344,True,other,0.67998344,4.740020275115967,1.4178240299224854,175.8620;71.5554;-160.6858,t/g+/t,4.1380;11.5554;19.3142,45.0000;45.0000;90.0000,True,True,3.501224378337586,A:PHE54:N,1.5012243783375858,True,4.261562960474405,"sym5[1,1,0]/A:GLU57:O",2.2615629604744054,True,True,True,54.20257568359375,nan,nan,False,False
7UO8_A_GLN53__008__3,7UO8_A_GLN53,8,3,0.064301148,other,2,0.064301148,True,other,0.064301148,0.7532873153686523,4.565394878387451,47.1837;-84.6383;-6.9699,g+/g-/p0,12.8163;24.6383;6.9699,45.0000;45.0000;90.0000,True,True,2.94272896090168,A:PHE51:CD2,0.9427289609016798,True,2.4832459864921663,"sym4[0,0,0]/S:HOH58:O",1.1832460341758821,True,True,True,69.55389404296875,nan,nan,False,False
7UO8_A_GLN53__009__0,7UO8_A_GLN53,9,0,0.076876916,other,0,0.076876916,True,other,0.076876916,1.4205729961395264,4.334151268005371,75.4934;-115.1872;55.6438,g+/g-/p0,15.4934;55.1872;55.6438,45.0000;45.0000;90.0000,False,False,2.9351930290824613,A:TRP72:O,0.9351930290824613,True,2.4796288906060493,"sym4[0,0,0]/S:HOH58:O",1.1796289382897651,True,True,False,68.89089965820312,nan,nan,False,False
7UO8_A_GLN53__009__2,7UO8_A_GLN53,9,2,0.23670796,A,1,0.23670796,True,A,0.23670796,0.7427828907966614,4.5684638023376465,47.2454;-84.2298;-7.6055,g+/g-/p0,12.7546;24.2298;7.6055,45.0000;45.0000;90.0000,True,True,2.9440579989149622,A:PHE51:CD2,0.9440579989149622,True,2.4931066388302527,"sym4[0,0,0]/S:HOH58:O",1.1931066865139686,True,True,True,113.33744812011719,154.7640380859375,-41.42658996582031,True,True
7UO8_A_GLN53__009__3,7UO8_A_GLN53,9,3,0.65538734,B,2,0.65538734,True,B,0.65538734,4.666949272155762,0.01638854295015335,177.0990;71.0173;19.5369,t/g+/p0,2.9010;11.0173;19.5369,45.0000;45.0000;90.0000,True,True,3.501224378337586,A:PHE54:N,1.5012243783375858,True,2.676613245879111,"sym5[1,1,0]/S:HOH51:O",0.9966132983311984,True,True,True,157.6351318359375,157.52487182617188,0.110260009765625,True,True
7UO8_A_GLN53__010__2,7UO8_A_GLN53,10,2,0.70316464,B,0,0.70316464,True,B,0.70316464,4.667258262634277,0.016726264730095863,177.1545;70.9186;19.7241,t/g+/p0,2.8455;10.9186;19.7241,45.0000;45.0000;90.0000,True,True,3.501224378337586,A:PHE54:N,1.5012243783375858,True,2.6761081350251605,"sym5[1,1,0]/S:HOH51:O",0.9961081874772479,True,True,True,157.61691284179688,157.52487182617188,0.092041015625,True,True
7UO8_A_GLN53__010__3,7UO8_A_GLN53,10,3,0.28521344,A,1,0.28521344,True,A,0.28521344,0.7380614280700684,4.5689311027526855,47.3919;-84.2625;-7.6300,g+/g-/p0,12.6081;24.2625;7.6300,45.0000;45.0000;90.0000,True,True,2.941460910608214,A:TRP72:O,0.9414609106082139,True,2.4947726323087265,"sym4[0,0,0]/S:HOH58:O",1.1947726799924423,True,True,True,113.44099426269531,154.7640380859375,-41.32304382324219,True,True
7UO8_A_GLN53__011__1,7UO8_A_GLN53,11,1,0.69105506,B,0,0.69105506,True,B,0.69105506,4.668511867523193,0.02216935344040394,177.1907;70.5964;19.7255,t/g+/p0,2.8093;10.5964;19.7255,45.0000;45.0000;90.0000,True,True,3.501224378337586,A:PHE54:N,1.5012243783375858,True,2.666924047836487,"sym5[1,1,0]/S:HOH51:O",0.9869241002885745,True,True,True,157.59402465820312,157.52487182617188,0.06915283203125,True,True
7UO8_A_GLN53__011__3,7UO8_A_GLN53,11,3,0.28902021,A,1,0.28902021,True,A,0.28902021,0.7380906343460083,4.569014549255371,47.3816;-84.2422;-7.6401,g+/g-/p0,12.6184;24.2422;7.6401,45.0000;45.0000;90.0000,True,True,2.9419579911850566,A:TRP72:O,0.9419579911850566,True,2.4950500254169072,"sym4[0,0,0]/S:HOH58:O",1.195050073100623,True,True,True,113.46941375732422,154.7640380859375,-41.29462432861328,True,True
7UO8_A_GLN53__012__0,7UO8_A_GLN53,12,0,0.20504884,other,0,0.20504884,True,other,0.20504884,1.5283596515655518,4.608140468597412,49.3757;-84.6013;169.6520,g+/g-/t,10.6243;24.6013;10.3480,45.0000;45.0000;90.0000,True,True,2.9649833740275726,A:PHE51:CB,0.9649833740275726,True,2.521088133054399,"sym4[0,0,0]/S:HOH58:O",1.2210881807381146,True,True,True,63.87531280517578,nan,nan,False,False
7UO8_A_GLN53__012__1,7UO8_A_GLN53,12,1,0.69761378,B,1,0.69761378,True,B,0.69761378,4.6672797203063965,0.016893452033400536,177.1721;70.9105;19.7507,t/g+/p0,2.8279;10.9105;19.7507,45.0000;45.0000;90.0000,True,True,3.501224378337586,A:PHE54:N,1.5012243783375858,True,2.676250255729934,"sym5[1,1,0]/S:HOH51:O",0.9962503081820215,True,True,True,157.61508178710938,157.52487182617188,0.0902099609375,True,True
7UO8_A_GLN53__012__2,7UO8_A_GLN53,12,2,0.092134953,other,2,0.092134953,True,other,0.092134953,1.7438254356384277,4.430438041687012,83.2659;-121.4294;-129.9300,g+/t/t,23.2659;58.5706;50.0700,45.0000;45.0000;90.0000,False,False,2.9251805688754504,A:TRP72:O,0.9251805688754504,True,2.4487869150642703,"sym4[0,0,0]/S:HOH58:O",1.148786962747986,True,True,False,79.64524841308594,nan,nan,False,False
7UO8_A_GLN53__013__0,7UO8_A_GLN53,13,0,0.27978623,other,0,0.27978623,True,other,0.27978623,1.5249595642089844,4.610978126525879,49.5511;-84.3591;169.2197,g+/g-/t,10.4489;24.3591;10.7803,45.0000;45.0000;90.0000,True,True,2.9541894392363233,A:PHE51:CB,0.9541894392363233,True,2.5294903630577967,"sym4[0,0,0]/S:HOH58:O",1.2294904107415126,True,True,True,64.05221557617188,nan,nan,False,False
7UO8_A_GLN53__013__1,7UO8_A_GLN53,13,1,0.65820569,other,1,0.65820569,True,other,0.65820569,4.7414870262146,1.4176770448684692,175.5828;71.3529;-161.2916,t/g+/t,4.4172;11.3529;18.7084,45.0000;45.0000;90.0000,True,True,3.501224378337586,A:PHE54:N,1.5012243783375858,True,4.249612934095898,"sym5[1,1,0]/A:GLU57:O",2.2496129340958984,True,True,True,54.23381805419922,nan,nan,False,False
7UO8_A_GLN53__013__2,7UO8_A_GLN53,13,2,0.050931048,other,2,0.050931048,True,other,0.050931048,4.50634765625,2.189378023147583,-75.5865;-77.8284;-13.8520,g-/g-/p0,15.5865;17.8284;13.8520,45.0000;45.0000;90.0000,True,True,3.501224378337586,A:PHE54:N,1.5012243783375858,True,3.703940641437205,"sym4[0,0,0]/S:HOH58:O",2.4039406891209207,True,True,True,52.344173431396484,nan,nan,False,False
7UO8_A_GLN53__014__0,7UO8_A_GLN53,14,0,0.1146318,other,0,0.1146318,True,other,0.1146318,1.5310888290405273,4.605621814727783,49.3514;-84.9425;169.8121,g+/g-/t,10.6486;24.9425;10.1879,45.0000;45.0000;90.0000,True,True,2.973848836337526,A:PHE51:CB,0.9738488363375262,True,2.5132310635085,"sym4[0,0,0]/S:HOH58:O",1.2132311111922158,True,True,True,63.736392974853516,nan,nan,False,False
7UO8_A_GLN53__014__1,7UO8_A_GLN53,14,1,0.17459822,A,1,0.17459822,True,A,0.17459822,0.7450084090232849,4.567801475524902,47.2373;-84.3200;-7.4424,g+/g-/p0,12.7627;24.3200;7.4424,45.0000;45.0000;90.0000,True,True,2.943761851251194,A:PHE51:CD2,0.9437618512511938,True,2.491014475508481,"sym4[0,0,0]/S:HOH58:O",1.1910145231921967,True,True,True,113.25082397460938,154.7640380859375,-41.513214111328125,True,True
7UO8_A_GLN53__014__2,7UO8_A_GLN53,14,2,0.055218939,other,2,0.055218939,True,other,0.055218939,4.524693965911865,1.5538328886032104,-177.0953;102.7234;139.2411,t/g+/t,2.9047;42.7234;40.7589,45.0000;45.0000;90.0000,True,True,3.501224378337586,A:PHE54:N,1.5012243783375858,True,4.287981335283148,"sym4[0,0,0]/S:HOH58:O",2.987981382966864,True,True,True,64.81184387207031,nan,nan,False,False
7UO8_A_GLN53__014__3,7UO8_A_GLN53,14,3,0.65555102,other,3,0.65555102,True,other,0.65555102,4.742834568023682,1.4178270101547241,175.6999;70.9834;-161.1045,t/g+/t,4.3001;10.9834;18.8955,45.0000;45.0000;90.0000,True,True,3.501224378337586,A:PHE54:N,1.5012243783375858,True,4.248164957257469,"sym5[1,1,0]/A:GLU57:O",2.248164957257469,True,True,True,54.19605255126953,nan,nan,False,False
7UO8_A_GLN53__015__1,7UO8_A_GLN53,15,1,0.63008344,other,0,0.69940093,True,other,0.69940093,4.7380242347717285,1.417519450187683,174.9256;72.5216;-161.7968,t/g+/t,5.0744;12.5216;18.2032,45.0000;45.0000;90.0000,True,True,3.501224378337586,A:PHE54:N,1.5012243783375858,True,4.242549075798097,"sym5[1,1,0]/A:GLU57:O",2.242549075798097,True,True,True,54.35810852050781,nan,nan,False,False
7UO8_A_GLN53__015__2,7UO8_A_GLN53,15,2,0.28803119,other,1,0.28803119,True,other,0.28803119,1.524857997894287,4.611076354980469,49.5531;-84.3466;169.2091,g+/g-/t,10.4469;24.3466;10.7909,45.0000;45.0000;90.0000,True,True,2.953805904084789,A:PHE51:CB,0.9538059040847888,True,2.52979783131589,"sym4[0,0,0]/S:HOH58:O",1.229797878999606,True,True,True,64.06232452392578,nan,nan,False,False
7UO8_A_GLN53__015__3,7UO8_A_GLN53,15,3,0.06931749,other,0,0.69940093,False,other,0.0,4.747093677520752,1.4437787532806396,-175.8948;61.1230;-166.6397,t/g+/t,4.1052;1.1230;13.3603,45.0000;45.0000;90.0000,True,True,3.486216640460845,S:HOH101:O,1.486216640460845,True,4.497642198860424,"sym5[1,1,0]/A:GLU57:O",2.497642198860424,True,True,True,55.50216293334961,nan,nan,False,False
7UO8_A_GLN53__016__0,7UO8_A_GLN53,16,0,0.24051645,other,0,0.24051645,True,other,0.24051645,1.5265299081802368,4.609622955322266,49.4981;-84.5041;169.3591,g+/g-/t,10.5019;24.5041;10.6409,45.0000;45.0000;90.0000,True,True,2.9589322555773268,A:PHE51:CB,0.9589322555773268,True,2.52537976035572,"sym4[0,0,0]/S:HOH58:O",1.225379808039436,True,True,True,63.97791290283203,nan,nan,False,False
7UO8_A_GLN53__016__1,7UO8_A_GLN53,16,1,0.053750269,other,1,0.053750269,True,other,0.053750269,0.7638695240020752,4.563460350036621,47.1314;-84.8004;-5.4782,g+/g-/p0,12.8686;24.8004;5.4782,45.0000;45.0000;90.0000,True,True,2.9578532672406115,A:PHE51:CB,0.9578532672406115,True,2.4788944209733996,"sym4[0,0,0]/S:HOH58:O",1.1788944686571154,True,True,True,68.92378997802734,nan,nan,False,False
7UO8_A_GLN53__016__2,7UO8_A_GLN53,16,2,0.70416075,B,2,0.70416075,True,B,0.70416075,4.667261123657227,0.0167474877089262,177.1553;70.9175;19.7248,t/g+/p0,2.8447;10.9175;19.7248,45.0000;45.0000;90.0000,True,True,3.501224378337586,A:PHE54:N,1.5012243783375858,True,2.6760887520386647,"sym5[1,1,0]/S:HOH51:O",0.9960888044907521,True,True,True,157.61691284179688,157.52487182617188,0.092041015625,True,True
7UO8_A_GLN53__017__0,7UO8_A_GLN53,17,0,0.28013733,A,0,0.28013733,True,A,0.28013733,0.7382475733757019,4.568974018096924,47.3854;-84.2479;-7.5934,g+/g-/p0,12.6146;24.2479;7.5934,45.0000;45.0000;90.0000,True,True,2.941773660680369,A:TRP72:O,0.941773660680369,True,2.494986252324332,"sym4[0,0,0]/S:HOH58:O",1.1949863000080478,True,True,True,113.4378433227539,154.7640380859375,-41.326194763183594,True,True
7UO8_A_GLN53__017__1,7UO8_A_GLN53,17,1,0.64245528,B,1,0.64245528,True,B,0.64245528,4.6653265953063965,0.0050933402962982655,177.0075;71.3240;20.5038,t/g+/p0,2.9925;11.3240;20.5038,45.0000;45.0000;90.0000,True,True,3.501224378337586,A:PHE54:N,1.5012243783375858,True,2.6962329501753373,"sym5[1,1,0]/S:HOH51:O",1.0162330026274247,True,True,True,157.61630249023438,157.52487182617188,0.0914306640625,True,True
7UO8_A_GLN53__017__3,7UO8_A_GLN53,17,3,0.059437741,other,2,0.059437741,True,other,0.059437741,4.75103235244751,1.4153088331222534,179.8134;63.3290;-173.8756,t/g+/t,0.1866;3.3290;6.1244,45.0000;45.0000;90.0000,True,True,3.3360374553488543,S:HOH101:O,1.3360374553488543,True,4.387525752690344,"sym5[1,1,0]/A:GLU57:O",2.387525752690344,True,True,True,56.14915466308594,nan,nan,False,False
7UO8_A_GLN53__018__1,7UO8_A_GLN53,18,1,0.70239955,B,0,0.70239955,True,B,0.70239955,4.667264938354492,0.016780449077486992,177.1555;70.9166;19.7227,t/g+/p0,2.8445;10.9166;19.7227,45.0000;45.0000;90.0000,True,True,3.501224378337586,A:PHE54:N,1.5012243783375858,True,2.6760373837882985,"sym5[1,1,0]/S:HOH51:O",0.9960374362403859,True,True,True,157.61691284179688,157.52487182617188,0.092041015625,True,True
7UO8_A_GLN53__018__2,7UO8_A_GLN53,18,2,0.2931847,other,1,0.2931847,True,other,0.2931847,1.5249093770980835,4.611089706420898,49.5431;-84.3323;169.1918,g+/g-/t,10.4569;24.3323;10.8082,45.0000;45.0000;90.0000,True,True,2.953336857377279,A:PHE51:CB,0.9533368573772791,True,2.529931325870415,"sym4[0,0,0]/S:HOH58:O",1.2299313735541308,True,True,True,64.06542205810547,nan,nan,False,False
7UO8_A_GLN53__019__2,7UO8_A_GLN53,19,2,0.20035151,other,0,0.20035151,True,other,0.20035151,2.2645468711853027,4.465106010437012,-50.7886;78.7321;21.1148,g-/g+/p0,9.2114;18.7321;21.1148,45.0000;45.0000;90.0000,True,True,3.501224378337586,A:PHE54:N,1.5012243783375858,True,2.499825684003374,"sym4[0,0,0]/S:HOH58:O",1.1998257316870897,True,True,True,52.071617126464844,nan,nan,False,False
7UO8_A_GLN53__019__3,7UO8_A_GLN53,19,3,0.78299445,B,1,0.78299445,True,B,0.78299445,4.667177200317383,0.01593146100640297,177.1365;70.9341;19.7651,t/g+/p0,2.8635;10.9341;19.7651,45.0000;45.0000;90.0000,True,True,3.501224378337586,A:PHE54:N,1.5012243783375858,True,2.6769364276265737,"sym5[1,1,0]/S:HOH51:O",0.9969364800786611,True,True,True,157.62481689453125,157.52487182617188,0.099945068359375,True,True
7UO8_A_GLN53__020__0,7UO8_A_GLN53,20,0,0.68985742,B,0,0.68985742,True,B,0.68985742,4.667331218719482,0.017057379707694054,177.0759;70.9128;19.5985,t/g+/p0,2.9241;10.9128;19.5985,45.0000;45.0000;90.0000,True,True,3.501224378337586,A:PHE54:N,1.5012243783375858,True,2.674148408632953,"sym5[1,1,0]/S:HOH51:O",0.9941484610850404,True,True,True,157.62255859375,157.52487182617188,0.097686767578125,True,True
7UO8_A_GLN53__020__1,7UO8_A_GLN53,20,1,0.29225692,A,1,0.29225692,True,A,0.29225692,0.7380868792533875,4.569040775299072,47.3792;-84.2360;-7.6405,g+/g-/p0,12.6208;24.2360;7.6405,45.0000;45.0000;90.0000,True,True,2.942065455856285,A:TRP72:O,0.9420654558562851,True,2.4951429561962075,"sym4[0,0,0]/S:HOH58:O",1.1951430038799233,True,True,True,113.4679183959961,154.7640380859375,-41.296119689941406,True,True
7UO8_A_GLN53__021__1,7UO8_A_GLN53,21,1,0.2806516,other,0,0.2806516,True,other,0.2806516,1.5252679586410522,4.6107001304626465,49.5362;-84.3856;169.2704,g+/g-/t,10.4638;24.3856;10.7296,45.0000;45.0000;90.0000,True,True,2.9553992420458712,A:PHE51:CB,0.9553992420458712,True,2.5286423478765623,"sym4[0,0,0]/S:HOH58:O",1.228642395560278,True,True,True,64.03817749023438,nan,nan,False,False
7UO8_A_GLN53__021__3,7UO8_A_GLN53,21,3,0.6968419,other,1,0.6968419,True,other,0.6968419,4.739985466003418,1.4178273677825928,175.8710;71.5575;-160.6801,t/g+/t,4.1290;11.5575;19.3199,45.0000;45.0000;90.0000,True,True,3.501224378337586,A:PHE54:N,1.5012243783375858,True,4.2619333359816,"sym5[1,1,0]/A:GLU57:O",2.2619333359816,True,True,True,54.202239990234375,nan,nan,False,False
7UO8_A_GLN53__022__1,7UO8_A_GLN53,22,1,0.70450354,B,0,0.70450354,True,B,0.70450354,4.667261123657227,0.016748283058404922,177.1549;70.9174;19.7245,t/g+/p0,2.8451;10.9174;19.7245,45.0000;45.0000;90.0000,True,True,3.501224378337586,A:PHE54:N,1.5012243783375858,True,2.67607829494498,"sym5[1,1,0]/S:HOH51:O",0.9960783473970674,True,True,True,157.61691284179688,157.52487182617188,0.092041015625,True,True
7UO8_A_GLN53__022__3,7UO8_A_GLN53,22,3,0.28556144,A,1,0.28556144,True,A,0.28556144,0.7382853031158447,4.568981647491455,47.3805;-84.2443;-7.6122,g+/g-/p0,12.6195;24.2443;7.6122,45.0000;45.0000;90.0000,True,True,2.9420359753604632,A:TRP72:O,0.9420359753604632,True,2.4949808405654057,"sym4[0,0,0]/S:HOH58:O",1.1949808882491215,True,True,True,113.43092346191406,154.7640380859375,-41.33311462402344,True,True
7UO8_A_GLN53__023__1,7UO8_A_GLN53,23,1,0.27157736,A,0,0.27157736,True,A,0.27157736,0.7392688393592834,4.568650722503662,47.3722;-84.2922;-7.6041,g+/g-/p0,12.6278;24.2922;7.6041,45.0000;45.0000;90.0000,True,True,2.9428174149079833,A:TRP72:O,0.9428174149079833,True,2.4938088414243835,"sym4[0,0,0]/S:HOH58:O",1.1938088891080993,True,True,True,113.39340209960938,154.7640380859375,-41.370635986328125,True,True
7UO8_A_GLN53__023__2,7UO8_A_GLN53,23,2,0.70423299,B,1,0.70423299,True,B,0.70423299,4.667261123657227,0.016732340678572655,177.1546;70.9179;19.7245,t/g+/p0,2.8454;10.9179;19.7245,45.0000;45.0000;90.0000,True,True,3.501224378337586,A:PHE54:N,1.5012243783375858,True,2.676090557723219,"sym5[1,1,0]/S:HOH51:O",0.9960906101753064,True,True,True,157.61691284179688,157.52487182617188,0.092041015625,True,True
7UO8_A_GLN53__024__0,7UO8_A_GLN53,24,0,0.70235467,B,0,0.70235467,True,B,0.70235467,4.667263031005859,0.01676160842180252,177.1558;70.9176;19.7239,t/g+/p0,2.8442;10.9176;19.7239,45.0000;45.0000;90.0000,True,True,3.501224378337586,A:PHE54:N,1.5012243783375858,True,2.676075311576161,"sym5[1,1,0]/S:HOH51:O",0.9960753640282483,True,True,True,157.61892700195312,157.52487182617188,0.09405517578125,True,True
7UO8_A_GLN53__024__2,7UO8_A_GLN53,24,2,0.28925005,other,1,0.28925005,True,other,0.28925005,1.5249574184417725,4.6110005378723145,49.5463;-84.3509;169.2203,g+/g-/t,10.4537;24.3509;10.7797,45.0000;45.0000;90.0000,True,True,2.954052533075976,A:PHE51:CB,0.9540525330759762,True,2.529583044449257,"sym4[0,0,0]/S:HOH58:O",1.2295830921329727,True,True,True,64.0470199584961,nan,nan,False,False
7UO8_A_GLN53__025__2,7UO8_A_GLN53,25,2,0.67369127,B,0,0.67369127,True,B,0.67369127,4.666995048522949,0.016797011718153954,177.2057;70.9849;19.7433,t/g+/p0,2.7943;10.9849;19.7433,45.0000;45.0000;90.0000,True,True,3.501224378337586,A:PHE54:N,1.5012243783375858,True,2.6785070259629116,"sym5[1,1,0]/S:HOH51:O",0.998507078414999,True,True,True,157.62684631347656,157.52487182617188,0.1019744873046875,True,True
7UO8_A_GLN53__025__3,7UO8_A_GLN53,25,3,0.27866796,other,1,0.27866796,True,other,0.27866796,1.5251878499984741,4.610709190368652,49.5547;-84.4035;169.2596,g+/g-/t,10.4453;24.4035;10.7404,45.0000;45.0000;90.0000,True,True,2.955555945196559,A:PHE51:CB,0.9555559451965592,True,2.528582199510269,"sym4[0,0,0]/S:HOH58:O",1.2285822471939847,True,True,True,64.05207061767578,nan,nan,False,False
7UO8_A_GLN53__026__1,7UO8_A_GLN53,26,1,0.29088303,other,0,0.29088303,True,other,0.29088303,1.5247150659561157,4.611184597015381,49.5559;-84.3342;169.2148,g+/g-/t,10.4441;24.3342;10.7852,45.0000;45.0000;90.0000,True,True,2.9536309002150327,A:PHE51:CB,0.9536309002150327,True,2.530117843532268,"sym4[0,0,0]/S:HOH58:O",1.230117891215984,True,True,True,64.06755065917969,nan,nan,False,False
7UO8_A_GLN53__026__3,7UO8_A_GLN53,26,3,0.69525737,other,1,0.69525737,True,other,0.69525737,4.740113258361816,1.4178192615509033,175.8541;71.5373;-160.7226,t/g+/t,4.1459;11.5373;19.2774,45.0000;45.0000;90.0000,True,True,3.501224378337586,A:PHE54:N,1.5012243783375858,True,4.26110283261883,"sym5[1,1,0]/A:GLU57:O",2.26110283261883,True,True,True,54.203208923339844,nan,nan,False,False
7UO8_A_GLN53__027__2,7UO8_A_GLN53,27,2,0.29370248,other,0,0.29370248,True,other,0.29370248,1.5248531103134155,4.61113166809082,49.5441;-84.3282;169.1980,g+/g-/t,10.4559;24.3282;10.8020,45.0000;45.0000;90.0000,True,True,2.9533313728822317,A:PHE51:CB,0.9533313728822317,True,2.530038332968628,"sym4[0,0,0]/S:HOH58:O",1.2300383806523438,True,True,True,64.06542205810547,nan,nan,False,False
7UO8_A_GLN53__027__3,7UO8_A_GLN53,27,3,0.68696558,B,1,0.68696558,True,B,0.68696558,4.666831970214844,0.012805677950382233,177.0541;71.0051;19.9066,t/g+/p0,2.9459;11.0051;19.9066,45.0000;45.0000;90.0000,True,True,3.501224378337586,A:PHE54:N,1.5012243783375858,True,2.680228838743541,"sym5[1,1,0]/S:HOH51:O",1.0002288911956283,True,True,True,157.61288452148438,157.52487182617188,0.0880126953125,True,True
7UO8_A_GLN53__028__1,7UO8_A_GLN53,28,1,0.24680199,other,0,0.24680199,True,other,0.24680199,1.5266989469528198,4.609736442565918,49.4445;-84.4265;169.3189,g+/g-/t,10.5555;24.4265;10.6811,45.0000;45.0000;90.0000,True,True,2.957062897973516,A:PHE51:CB,0.9570628979735161,True,2.526122674608584,"sym4[0,0,0]/S:HOH58:O",1.2261227222923,True,True,True,63.999000549316406,nan,nan,False,False
7UO8_A_GLN53__028__2,7UO8_A_GLN53,28,2,0.058722991,other,1,0.058722991,True,other,0.058722991,1.4208365678787231,4.3339924812316895,75.4922;-115.2030;55.6516,g+/g-/p0,15.4922;55.2030;55.6516,45.0000;45.0000;90.0000,False,False,2.935656808502891,A:TRP72:O,0.9356568085028911,True,2.4796730782992547,"sym4[0,0,0]/S:HOH58:O",1.1796731259829705,True,True,False,68.88916778564453,nan,nan,False,False
7UO8_A_GLN53__028__3,7UO8_A_GLN53,28,3,0.67835838,B,2,0.67835838,True,B,0.67835838,4.668514251708984,0.02271871082484722,177.2056;70.6069;19.6374,t/g+/p0,2.7944;10.6069;19.6374,45.0000;45.0000;90.0000,True,True,3.501224378337586,A:PHE54:N,1.5012243783375858,True,2.666310983279209,"sym5[1,1,0]/S:HOH51:O",0.9863110357312963,True,True,True,157.60012817382812,157.52487182617188,0.07525634765625,True,True
7UO8_A_GLN53__029__1,7UO8_A_GLN53,29,1,0.28955156,A,0,0.28955156,True,A,0.28955156,0.7381316423416138,4.569016933441162,47.3790;-84.2399;-7.6436,g+/g-/p0,12.6210;24.2399;7.6436,45.0000;45.0000;90.0000,True,True,2.9420967975816805,A:TRP72:O,0.9420967975816805,True,2.4950560475418655,"sym4[0,0,0]/S:HOH58:O",1.1950560952255813,True,True,True,113.46941375732422,154.7640380859375,-41.29462432861328,True,True
7UO8_A_GLN53__029__3,7UO8_A_GLN53,29,3,0.69076264,B,1,0.69076264,True,B,0.69076264,4.668542861938477,0.022692255675792694,177.1998;70.5964;19.6599,t/g+/p0,2.8002;10.5964;19.6599,45.0000;45.0000;90.0000,True,True,3.501224378337586,A:PHE54:N,1.5012243783375858,True,2.6662288171676236,"sym5[1,1,0]/S:HOH51:O",0.986228869619711,True,True,True,157.5985870361328,157.52487182617188,0.0737152099609375,True,True
7UO8_A_GLN53__030__2,7UO8_A_GLN53,30,2,0.69556916,B,0,0.69556916,True,B,0.69556916,4.667393684387207,0.018617048859596252,177.2356;70.8869;19.7137,t/g+/p0,2.7644;10.8869;19.7137,45.0000;45.0000;90.0000,True,True,3.501224378337586,A:PHE54:N,1.5012243783375858,True,2.6754563562379556,"sym5[1,1,0]/S:HOH51:O",0.995456408690043,True,True,True,157.6224365234375,157.52487182617188,0.097564697265625,True,True
7UO8_A_GLN53__030__3,7UO8_A_GLN53,30,3,0.28489614,other,1,0.28489614,True,other,0.28489614,1.5252385139465332,4.610794544219971,49.5275;-84.3615;169.2465,g+/g-/t,10.4725;24.3615;10.7535,45.0000;45.0000;90.0000,True,True,2.954641340890743,A:PHE51:CB,0.9546413408907428,True,2.529015999543834,"sym4[0,0,0]/S:HOH58:O",1.22901604722755,True,True,True,64.05097198486328,nan,nan,False,False
7UO8_A_GLN53__031__0,7UO8_A_GLN53,31,0,0.62552631,other,0,0.703661122,True,other,0.703661122,4.740513801574707,1.4176597595214844,175.0724;72.0508;-159.8179,t/g+/t,4.9276;12.0508;20.1821,45.0000;45.0000;90.0000,True,True,3.501224378337586,A:PHE54:N,1.5012243783375858,True,4.234122384631275,"sym5[1,1,0]/A:GLU57:O",2.2341223846312754,True,True,True,54.194793701171875,nan,nan,False,False
7UO8_A_GLN53__031__1,7UO8_A_GLN53,31,1,0.078134812,other,0,0.703661122,False,other,0.0,4.735457420349121,1.4352363348007202,-176.6521;64.5282;-169.3151,t/g+/t,3.3479;4.5282;10.6849,45.0000;45.0000;90.0000,True,True,3.501224378337586,A:PHE54:N,1.5012243783375858,True,4.53529227087253,"sym5[1,1,0]/A:GLU57:O",2.53529227087253,True,True,True,55.19453811645508,nan,nan,False,False
7UO8_A_GLN53__031__3,7UO8_A_GLN53,31,3,0.29425392,other,1,0.29425392,True,other,0.29425392,1.524882197380066,4.611124515533447,49.5418;-84.3261;169.1894,g+/g-/t,10.4582;24.3261;10.8106,45.0000;45.0000;90.0000,True,True,2.953193707605693,A:PHE51:CB,0.9531937076056929,True,2.5300414491737357,"sym4[0,0,0]/S:HOH58:O",1.2300414968574516,True,True,True,64.07764434814453,nan,nan,False,False
7UO8_A_GLN53__032__0,7UO8_A_GLN53,32,0,0.68043262,B,0,0.68043262,True,B,0.68043262,4.668484687805176,0.02196388877928257,177.2057;70.6000;19.7628,t/g+/p0,2.7943;10.6000;19.7628,45.0000;45.0000;90.0000,True,True,3.501224378337586,A:PHE54:N,1.5012243783375858,True,2.667512548048557,"sym5[1,1,0]/S:HOH51:O",0.9875126005006445,True,True,True,157.59617614746094,157.52487182617188,0.0713043212890625,True,True
7UO8_A_GLN53__032__2,7UO8_A_GLN53,32,2,0.054835897,other,1,0.054835897,True,other,0.054835897,1.424434781074524,4.4644951820373535,-8.3192;103.1954;-135.0527,g-/g+/t,51.6808;43.1954;44.9473,45.0000;45.0000;90.0000,False,False,2.9221477604520554,A:TRP72:O,0.9221477604520554,True,2.523421286451012,"sym4[0,0,0]/S:HOH58:O",1.223421334134728,True,True,False,94.958740234375,nan,nan,False,False
7UO8_A_GLN53__032__3,7UO8_A_GLN53,32,3,0.24953945,A,2,0.24953945,True,A,0.24953945,0.7409486174583435,4.568658351898193,47.2973;-84.2389;-7.6429,g+/g-/p0,12.7027;24.2389;7.6429,45.0000;45.0000;90.0000,True,True,2.944592021465999,A:PHE51:CD2,0.9445920214659989,True,2.4937522216194576,"sym4[0,0,0]/S:HOH58:O",1.1937522693031735,True,True,True,113.36953735351562,154.7640380859375,-41.394500732421875,True,True
7UO8_A_GLN53__033__2,7UO8_A_GLN53,33,2,0.70046878,B,0,0.70046878,True,B,0.70046878,4.667261600494385,0.016735024750232697,177.1549;70.9171;19.7263,t/g+/p0,2.8451;10.9171;19.7263,45.0000;45.0000;90.0000,True,True,3.501224378337586,A:PHE54:N,1.5012243783375858,True,2.6760885667682954,"sym5[1,1,0]/S:HOH51:O",0.9960886192203828,True,True,True,157.61691284179688,157.52487182617188,0.092041015625,True,True
7UO8_A_GLN53__033__3,7UO8_A_GLN53,33,3,0.27999392,A,1,0.27999392,True,A,0.27999392,0.7385748028755188,4.568953514099121,47.3745;-84.2429;-7.5872,g+/g-/p0,12.6255;24.2429;7.5872,45.0000;45.0000;90.0000,True,True,2.9423879820942562,A:TRP72:O,0.9423879820942562,True,2.4949192778423614,"sym4[0,0,0]/S:HOH58:O",1.1949193255260773,True,True,True,113.43006896972656,154.7640380859375,-41.33396911621094,True,True
7UO8_A_GLN53__034__1,7UO8_A_GLN53,34,1,0.29203248,A,0,0.29203248,True,A,0.29203248,0.7380408048629761,4.569033622741699,47.3819;-84.2392;-7.6394,g+/g-/p0,12.6181;24.2392;7.6394,45.0000;45.0000;90.0000,True,True,2.941922906401602,A:TRP72:O,0.9419229064016021,True,2.4951179523986604,"sym4[0,0,0]/S:HOH58:O",1.1951180000823762,True,True,True,113.4679183959961,154.7640380859375,-41.296119689941406,True,True
7UO8_A_GLN53__034__3,7UO8_A_GLN53,34,3,0.67501098,B,1,0.67501098,True,B,0.67501098,4.667147159576416,0.018698567524552345,177.1362;70.9845;19.3880,t/g+/p0,2.8638;10.9845;19.3880,45.0000;45.0000;90.0000,True,True,3.501224378337586,A:PHE54:N,1.5012243783375858,True,2.6741516965188765,"sym5[1,1,0]/S:HOH51:O",0.9941517489709639,True,True,True,157.63882446289062,157.52487182617188,0.11395263671875,True,True
7UO8_A_GLN53__035__0,7UO8_A_GLN53,35,0,0.28573957,A,0,0.28573957,True,A,0.28573957,0.738045334815979,4.568979740142822,47.3892;-84.2519;-7.6205,g+/g-/p0,12.6108;24.2519;7.6205,45.0000;45.0000;90.0000,True,True,2.9415472640639035,A:TRP72:O,0.9415472640639035,True,2.494963787459419,"sym4[0,0,0]/S:HOH58:O",1.1949638351431346,True,True,True,113.4378433227539,154.7640380859375,-41.326194763183594,True,True
7UO8_A_GLN53__035__3,7UO8_A_GLN53,35,3,0.70246607,other,1,0.70246607,True,other,0.70246607,4.739989757537842,1.4178282022476196,175.8699;71.5582;-160.6781,t/g+/t,4.1301;11.5582;19.3219,45.0000;45.0000;90.0000,True,True,3.501224378337586,A:PHE54:N,1.5012243783375858,True,4.261889531354515,"sym5[1,1,0]/A:GLU57:O",2.261889531354515,True,True,True,54.202239990234375,nan,nan,False,False
7UO8_A_GLN53__036__0,7UO8_A_GLN53,36,0,0.70184994,other,0,0.70184994,True,other,0.70184994,4.739992141723633,1.41782808303833,175.8694;71.5588;-160.6771,t/g+/t,4.1306;11.5588;19.3229,45.0000;45.0000;90.0000,True,True,3.501224378337586,A:PHE54:N,1.5012243783375858,True,4.2618681107961764,"sym5[1,1,0]/A:GLU57:O",2.2618681107961764,True,True,True,54.202239990234375,nan,nan,False,False
7UO8_A_GLN53__036__2,7UO8_A_GLN53,36,2,0.29354006,A,1,0.29354006,True,A,0.29354006,0.7379195690155029,4.5690598487854,47.3834;-84.2364;-7.6476,g+/g-/p0,12.6166;24.2364;7.6476,45.0000;45.0000;90.0000,True,True,2.941817802223749,A:TRP72:O,0.9418178022237491,True,2.4952024272101654,"sym4[0,0,0]/S:HOH58:O",1.1952024748938812,True,True,True,113.47486114501953,154.7640380859375,-41.28917694091797,True,True
7UO8_A_GLN53__037__1,7UO8_A_GLN53,37,1,0.7036289,B,0,0.7036289,True,B,0.7036289,4.667260646820068,0.01671433635056019,177.1534;70.9178;19.7251,t/g+/p0,2.8466;10.9178;19.7251,45.0000;45.0000;90.0000,True,True,3.501224378337586,A:PHE54:N,1.5012243783375858,True,2.6760872785434056,"sym5[1,1,0]/S:HOH51:O",0.996087330995493,True,True,True,157.61691284179688,157.52487182617188,0.092041015625,True,True
7UO8_A_GLN53__037__2,7UO8_A_GLN53,37,2,0.28928182,A,1,0.28928182,True,A,0.28928182,0.7381776571273804,4.569040298461914,47.3784;-84.2342;-7.6203,g+/g-/p0,12.6216;24.2342;7.6203,45.0000;45.0000;90.0000,True,True,2.9421023246856546,A:TRP72:O,0.9421023246856546,True,2.49517322122394,"sym4[0,0,0]/S:HOH58:O",1.1951732689076557,True,True,True,113.4679183959961,154.7640380859375,-41.296119689941406,True,True
7UO8_A_GLN53__038__1,7UO8_A_GLN53,38,1,0.29192436,other,0,0.29192436,True,other,0.29192436,1.5249245166778564,4.6110711097717285,49.5414;-84.3333;169.1994,g+/g-/t,10.4586;24.3333;10.8006,45.0000;45.0000;90.0000,True,True,2.9534551183252944,A:PHE51:CB,0.9534551183252944,True,2.529880924820788,"sym4[0,0,0]/S:HOH58:O",1.2298809725045037,True,True,True,64.06542205810547,nan,nan,False,False
7UO8_A_GLN53__038__2,7UO8_A_GLN53,38,2,0.69601893,B,1,0.69601893,True,B,0.69601893,4.667413234710693,0.019230589270591736,177.2587;70.8830;19.7027,t/g+/p0,2.7413;10.8830;19.7027,45.0000;45.0000;90.0000,True,True,3.501224378337586,A:PHE54:N,1.5012243783375858,True,2.6753251629708372,"sym5[1,1,0]/S:HOH51:O",0.9953252154229246,True,True,True,157.62625122070312,157.52487182617188,0.10137939453125,True,True
7UO8_A_GLN53__039__1,7UO8_A_GLN53,39,1,0.66849983,other,0,0.66849983,True,other,0.66849983,4.741361618041992,1.4176968336105347,175.6113;71.3740;-161.1915,t/g+/t,4.3887;11.3740;18.8085,45.0000;45.0000;90.0000,True,True,3.501224378337586,A:PHE54:N,1.5012243783375858,True,4.250660921833165,"sym5[1,1,0]/A:GLU57:O",2.2506609218331652,True,True,True,54.223209381103516,nan,nan,False,False
7UO8_A_GLN53__039__3,7UO8_A_GLN53,39,3,0.28217116,A,1,0.28217116,True,A,0.28217116,0.7381637096405029,4.569000244140625,47.3814;-84.2434;-7.6293,g+/g-/p0,12.6186;24.2434;7.6293,45.0000;45.0000;90.0000,True,True,2.9419781488397443,A:TRP72:O,0.9419781488397443,True,2.4950195835714064,"sym4[0,0,0]/S:HOH58:O",1.1950196312551222,True,True,True,113.4662857055664,154.7640380859375,-41.297752380371094,True,True
7UO8_A_GLN53__040__0,7UO8_A_GLN53,40,0,0.70636404,B,0,0.70636404,True,B,0.70636404,4.667197227478027,0.016190676018595695,177.1349;70.9323;19.7333,t/g+/p0,2.8651;10.9323;19.7333,45.0000;45.0000;90.0000,True,True,3.501224378337586,A:PHE54:N,1.5012243783375858,True,2.676518858145529,"sym5[1,1,0]/S:HOH51:O",0.9965189105976164,True,True,True,157.62451171875,157.52487182617188,0.099639892578125,True,True
7UO8_A_GLN53__040__1,7UO8_A_GLN53,40,1,0.10345332,other,1,0.10345332,True,other,0.10345332,2.399550199508667,4.385916709899902,-55.3904;77.2246;24.3155,g-/g+/p0,4.6096;17.2246;24.3155,45.0000;45.0000;90.0000,True,True,3.0090093106574134,S:HOH106:O,1.469009348804386,True,2.5603507224841904,"sym4[0,0,0]/S:HOH58:O",1.2603507701679062,True,True,True,51.58863830566406,nan,nan,False,False
7UO8_A_GLN53__040__2,7UO8_A_GLN53,40,2,0.17306291,other,2,0.17306291,True,other,0.17306291,1.2167105674743652,4.54013729095459,-4.9699;92.1723;-161.3642,g-/g+/t,55.0301;32.1723;18.6358,45.0000;45.0000;90.0000,False,False,2.7718856147113997,A:TRP72:O,0.7718856147113997,True,2.498272947773038,"sym4[0,0,0]/S:HOH58:O",1.1982729954567537,True,True,False,94.88525390625,nan,nan,False,False
7UO8_A_GLN53__041__1,7UO8_A_GLN53,41,1,0.70422757,B,0,0.70422757,True,B,0.70422757,4.667262077331543,0.016726551577448845,177.1546;70.9179;19.7252,t/g+/p0,2.8454;10.9179;19.7252,45.0000;45.0000;90.0000,True,True,3.501224378337586,A:PHE54:N,1.5012243783375858,True,2.676097008647723,"sym5[1,1,0]/S:HOH51:O",0.9960970610998103,True,True,True,157.61691284179688,157.52487182617188,0.092041015625,True,True
7UO8_A_GLN53__041__3,7UO8_A_GLN53,41,3,0.28300035,A,1,0.28300035,True,A,0.28300035,0.7383140921592712,4.568960666656494,47.3821;-84.2489;-7.6062,g+/g-/p0,12.6179;24.2489;7.6062,45.0000;45.0000;90.0000,True,True,2.9419678698449663,A:TRP72:O,0.9419678698449663,True,2.4949115330027447,"sym4[0,0,0]/S:HOH58:O",1.1949115806864605,True,True,True,113.43092346191406,154.7640380859375,-41.33311462402344,True,True
7UO8_A_GLN53__042__2,7UO8_A_GLN53,42,2,0.29218233,A,0,0.29218233,True,A,0.29218233,0.7380402088165283,4.569035530090332,47.3813;-84.2386;-7.6429,g+/g-/p0,12.6187;24.2386;7.6429,45.0000;45.0000;90.0000,True,True,2.9419531913375487,A:TRP72:O,0.9419531913375487,True,2.4951219260412096,"sym4[0,0,0]/S:HOH58:O",1.1951219737249255,True,True,True,113.4679183959961,154.7640380859375,-41.296119689941406,True,True
7UO8_A_GLN53__042__3,7UO8_A_GLN53,42,3,0.68465656,B,1,0.68465656,True,B,0.68465656,4.667679309844971,0.020021390169858932,177.0533;70.8464;19.3835,t/g+/p0,2.9467;10.8464;19.3835,45.0000;45.0000;90.0000,True,True,3.501224378337586,A:PHE54:N,1.5012243783375858,True,2.6697032897650614,"sym5[1,1,0]/S:HOH51:O",0.9897033422171488,True,True,True,157.62428283691406,157.52487182617188,0.0994110107421875,True,True
7UO8_A_GLN53__043__0,7UO8_A_GLN53,43,0,0.74071467,other,0,0.74071467,True,other,0.74071467,4.740765571594238,1.4177411794662476,175.6610;71.5192;-160.7447,t/g+/t,4.3390;11.5192;19.2553,45.0000;45.0000;90.0000,True,True,3.501224378337586,A:PHE54:N,1.5012243783375858,True,4.253112298508729,"sym5[1,1,0]/A:GLU57:O",2.2531122985087286,True,True,True,54.20752716064453,nan,nan,False,False
7UO8_A_GLN53__043__1,7UO8_A_GLN53,43,1,0.20823495,other,1,0.20823495,True,other,0.20823495,2.2525012493133545,4.473178386688232,-50.3054;78.5739;21.5490,g-/g+/p0,9.6946;18.5739;21.5490,45.0000;45.0000;90.0000,True,True,3.501224378337586,A:PHE54:N,1.5012243783375858,True,2.498552263141004,"sym4[0,0,0]/S:HOH58:O",1.19855231082472,True,True,True,52.17097091674805,nan,nan,False,False
7UO8_A_GLN53__043__3,7UO8_A_GLN53,43,3,0.050126854,other,2,0.050126854,True,other,0.050126854,4.621598243713379,1.4567049741744995,-96.2951;-78.3965;-126.7820,g-/g-/t,36.2951;18.3965;53.2180,45.0000;45.0000;90.0000,True,True,2.938190249614322,S:HOH101:O,0.9381902496143222,True,4.075963457860922,"sym4[0,0,0]/S:HOH58:O",2.775963505544638,True,True,True,62.585731506347656,nan,nan,False,False
7UO8_A_GLN53__044__1,7UO8_A_GLN53,44,1,0.65767741,B,0,0.65767741,True,B,0.65767741,4.670444011688232,0.039634302258491516,177.7396;70.1439;19.3796,t/g+/p0,2.2604;10.1439;19.3796,45.0000;45.0000;90.0000,True,True,3.501224378337586,A:PHE54:N,1.5012243783375858,True,2.652708392488764,"sym5[1,1,0]/S:HOH51:O",0.9727084449408516,True,True,True,157.60345458984375,157.52487182617188,0.078582763671875,True,True
7UO8_A_GLN53__044__3,7UO8_A_GLN53,44,3,0.28448373,A,1,0.28448373,True,A,0.28448373,0.7385099530220032,4.5692009925842285,47.3652;-84.1893;-7.5050,g+/g-/p0,12.6348;24.1893;7.5050,45.0000;45.0000;90.0000,True,True,2.942620412438921,A:TRP72:O,0.942620412438921,True,2.495934178415119,"sym4[0,0,0]/S:HOH58:O",1.195934226098835,True,True,True,113.4653091430664,154.7640380859375,-41.298728942871094,True,True
7UO8_A_GLN53__045__0,7UO8_A_GLN53,45,0,0.10369158,merged_duplicate,0,0.28855253999999997,False,A,0.0,0.7617989182472229,4.563801288604736,47.1759;-84.7835;-5.5512,g+/g-/p0,12.8241;24.7835;5.5512,45.0000;45.0000;90.0000,True,True,2.9562876116479293,A:PHE51:CB,0.9562876116479293,True,2.4799762694260155,"sym4[0,0,0]/S:HOH58:O",1.1799763171097313,True,True,True,68.97039794921875,nan,nan,False,False
7UO8_A_GLN53__045__1,7UO8_A_GLN53,45,1,0.68035686,other,1,0.68035686,True,other,0.68035686,4.740269184112549,1.4177110195159912,175.6537;71.6246;-160.8744,t/g+/t,4.3463;11.6246;19.1256,45.0000;45.0000;90.0000,True,True,3.501224378337586,A:PHE54:N,1.5012243783375858,True,4.254851784338193,"sym5[1,1,0]/A:GLU57:O",2.254851784338193,True,True,True,54.22418975830078,nan,nan,False,False
7UO8_A_GLN53__045__2,7UO8_A_GLN53,45,2,0.18486096,A,0,0.28855253999999997,True,A,0.28855253999999997,0.757161021232605,4.564708709716797,47.2721;-84.7149;-5.6465,g+/g-/p0,12.7279;24.7149;5.6465,45.0000;45.0000;90.0000,True,True,2.9519467421351866,A:TRP72:O,0.9519467421351866,True,2.4830097584657183,"sym4[0,0,0]/S:HOH58:O",1.183009806149434,True,True,True,112.42958068847656,154.7640380859375,-42.33445739746094,True,True
7UO8_A_GLN53__046__0,7UO8_A_GLN53,46,0,0.054808959,other,0,0.288619149,False,other,0.0,1.5805473327636719,4.587823390960693,45.1668;-82.2224;164.3139,g+/g-/t,14.8332;22.2224;15.6861,45.0000;45.0000;90.0000,True,True,2.8831042826071887,A:PHE51:CB,0.8831042826071887,True,2.504781406407044,"sym4[0,0,0]/S:HOH58:O",1.2047814540907598,True,True,True,63.69252395629883,nan,nan,False,False
7UO8_A_GLN53__046__1,7UO8_A_GLN53,46,1,0.23381019,other,0,0.288619149,True,other,0.288619149,1.5258713960647583,4.609960556030273,49.5360;-84.5010;169.4334,g+/g-/t,10.4640;24.5010;10.5666,45.0000;45.0000;90.0000,True,True,2.9597338626565457,A:PHE51:CB,0.9597338626565457,True,2.5261215912792796,"sym4[0,0,0]/S:HOH58:O",1.2261216389629954,True,True,True,63.980804443359375,nan,nan,False,False
7UO8_A_GLN53__046__2,7UO8_A_GLN53,46,2,0.70297951,other,1,0.70297951,True,other,0.70297951,4.739983558654785,1.4178287982940674,175.8707;71.5594;-160.6745,t/g+/t,4.1293;11.5594;19.3255,45.0000;45.0000;90.0000,True,True,3.501224378337586,A:PHE54:N,1.5012243783375858,True,4.2619209737057195,"sym5[1,1,0]/A:GLU57:O",2.2619209737057195,True,True,True,54.202239990234375,nan,nan,False,False
7UO8_A_GLN53__047__1,7UO8_A_GLN53,47,1,0.4327192,other,0,0.4327192,True,other,0.4327192,4.582446098327637,1.0817393064498901,-98.9654;-67.7370;137.5272,g-/g-/t,38.9654;7.7370;42.4728,45.0000;45.0000;90.0000,True,True,3.501224378337586,A:PHE54:N,1.5012243783375858,True,4.1224424579477725,"sym4[0,0,0]/S:HOH58:O",2.8224425056314884,True,True,True,57.25748062133789,nan,nan,False,False
7UO8_A_GLN53__047__2,7UO8_A_GLN53,47,2,0.30151701,other,1,0.30151701,True,other,0.30151701,1.5232187509536743,4.612576007843018,49.6036;-84.1750;169.0176,g+/g-/t,10.3964;24.1750;10.9824,45.0000;45.0000;90.0000,True,True,2.9479291264478364,A:PHE51:CB,0.9479291264478364,True,2.534454112980812,"sym4[0,0,0]/S:HOH58:O",1.2344541606645278,True,True,True,64.16522216796875,nan,nan,False,False
7UO8_A_GLN53__047__3,7UO8_A_GLN53,47,3,0.25924164,other,2,0.25924164,True,other,0.25924164,4.527934551239014,1.7346580028533936,-147.9486;-68.8524;154.4340,t/g-/t,32.0514;8.8524;25.5660,45.0000;45.0000;90.0000,True,True,2.9962739546856816,A:GLN55:CG,0.9962739546856816,True,3.992049701341891,"sym5[1,1,0]/A:GLU57:O",1.992049701341891,True,True,True,59.583003997802734,nan,nan,False,False
7UO8_A_GLN53__048__1,7UO8_A_GLN53,48,1,0.69374073,other,0,0.69374073,True,other,0.69374073,4.739989757537842,1.4178285598754883,175.8702;71.5583;-160.6811,t/g+/t,4.1298;11.5583;19.3189,45.0000;45.0000;90.0000,True,True,3.501224378337586,A:PHE54:N,1.5012243783375858,True,4.261907121317184,"sym5[1,1,0]/A:GLU57:O",2.2619071213171837,True,True,True,54.202239990234375,nan,nan,False,False
7UO8_A_GLN53__048__2,7UO8_A_GLN53,48,2,0.26832798,other,1,0.26832798,True,other,0.26832798,1.5255317687988281,4.610414981842041,49.5275;-84.4215;169.3420,g+/g-/t,10.4725;24.4215;10.6580,45.0000;45.0000;90.0000,True,True,2.9570341287281563,A:PHE51:CB,0.9570341287281563,True,2.527702287634019,"sym4[0,0,0]/S:HOH58:O",1.2277023353177348,True,True,True,64.00985717773438,nan,nan,False,False
7UO8_A_GLN53__049__1,7UO8_A_GLN53,49,1,0.28861377,other,0,0.28861377,True,other,0.28861377,1.5246609449386597,4.611223220825195,49.5560;-84.3298;169.2233,g+/g-/t,10.4440;24.3298;10.7767,45.0000;45.0000;90.0000,True,True,2.953655298611476,A:PHE51:CB,0.9536552986114759,True,2.530217765884744,"sym4[0,0,0]/S:HOH58:O",1.2302178135684598,True,True,True,64.06702423095703,nan,nan,False,False
7UO8_A_GLN53__049__2,7UO8_A_GLN53,49,2,0.69617927,B,1,0.69617927,True,B,0.69617927,4.667552947998047,0.017254652455449104,177.1676;70.8301;19.8433,t/g+/p0,2.8324;10.8301;19.8433,45.0000;45.0000;90.0000,True,True,3.501224378337586,A:PHE54:N,1.5012243783375858,True,2.674922921718131,"sym5[1,1,0]/S:HOH51:O",0.9949229741702186,True,True,True,157.6060791015625,157.52487182617188,0.081207275390625,True,True
2VFP_A_TYR417__000__0,2VFP_A_TYR417,0,0,1.0,other,0,1.0,True,other,1.0,5.960795879364014,6.028204917907715,132.5747;-123.1451,t/m-,47.4253;33.1451,45.0000;45.0000,False,False,1.6804333332576968,A:ASP399:OD2,-0.31956666674230316,False,8.952063198113414,"sym10[0,0,-1]/S:HOH152:O",7.452063198113414,True,False,False,908.2630004882812,nan,nan,False,False
2VFP_A_TYR417__001__3,2VFP_A_TYR417,1,3,0.90160918,B,0,0.90160918,True,B,0.90160918,0.335210919380188,0.1842331737279892,-63.5848;-68.9359,g-/m-,3.5848;21.0641,45.0000;45.0000,True,True,2.9757297139232275,S:HOH391:O,1.0557297568385717,True,4.389734458193624,"sym10[0,0,-1]/S:HOH152:O",2.889734458193624,True,True,True,18.746540069580078,18.896686553955078,-0.150146484375,True,True
2VFP_A_TYR417__002__0,2VFP_A_TYR417,2,0,0.055462673,other,0,0.055462673,True,other,0.055462673,5.959890365600586,6.027650833129883,132.6729;-123.3150,t/m-,47.3271;33.3150,45.0000;45.0000,False,False,1.6873448241361486,A:ASP399:OD2,-0.3126551758638514,False,8.952063198113414,"sym10[0,0,-1]/S:HOH152:O",7.452063198113414,True,False,False,910.3951416015625,nan,nan,False,False
2VFP_A_TYR417__002__1,2VFP_A_TYR417,2,1,0.84418505,B,1,0.928729284,True,B,0.928729284,0.3341984748840332,0.18686477839946747,-63.1107;110.3635,g-/m+,3.1107;20.3635,45.0000;45.0000,True,True,2.9573239274890635,S:HOH391:O,1.0373239704044077,True,4.377383941718372,"sym10[0,0,-1]/S:HOH152:O",2.8773839417183718,True,True,True,18.614654541015625,18.896686553955078,-0.2820320129394531,True,True
2VFP_A_TYR417__002__3,2VFP_A_TYR417,2,3,0.084544234,merged_duplicate,1,0.928729284,False,B,0.0,0.7472975850105286,0.4029228091239929,-56.0509;-87.4913,g-/m-,3.9491;2.5087,45.0000;45.0000,True,True,2.311652739063739,S:HOH392:O,0.8716526818432802,True,4.528749045372938,"sym10[0,0,-1]/S:HOH152:O",3.0287490453729378,True,True,True,23.259197235107422,nan,nan,False,False
2VFP_A_TYR417__003__0,2VFP_A_TYR417,3,0,0.65632671,B,0,0.65632671,True,B,0.65632671,0.3853745758533478,0.128878653049469,-62.4499;114.2032,g-/m+,2.4499;24.2032,45.0000;45.0000,True,True,3.011410327134924,S:HOH391:O,1.0914103700502684,True,4.385629302219241,"sym10[0,0,-1]/S:HOH152:O",2.8856293022192414,True,True,True,18.74657440185547,18.896686553955078,-0.15011215209960938,True,True
2VFP_A_TYR417__003__2,2VFP_A_TYR417,3,2,0.28761092,A,1,0.28761092,True,A,0.28761092,0.3322044909000397,0.3038049340248108,-63.6358;-80.1320,g-/m-,3.6358;9.8680,45.0000;45.0000,True,True,2.970441084538696,S:HOH391:O,1.0504411274540404,True,4.393784800318696,"sym10[0,0,-1]/S:HOH152:O",2.893784800318696,True,True,True,17.019012451171875,17.049381256103516,-0.030368804931640625,True,True
2VFP_A_TYR417__004__0,2VFP_A_TYR417,4,0,0.68419772,B,0,0.68419772,True,B,0.68419772,0.36766985058784485,0.14737914502620697,-62.6517;112.7033,g-/m+,2.6517;22.7033,45.0000;45.0000,True,True,2.99485471792548,S:HOH391:O,1.0748547608408243,True,4.382873664459274,"sym10[0,0,-1]/S:HOH152:O",2.8828736644592743,True,True,True,18.679882049560547,18.896686553955078,-0.21680450439453125,True,True
2VFP_A_TYR417__004__1,2VFP_A_TYR417,4,1,0.22873394,A,1,0.22873394,True,A,0.22873394,0.3368368148803711,0.30047452449798584,-63.5442;-80.1146,g-/m-,3.5442;9.8854,45.0000;45.0000,True,True,2.9779542008182083,S:HOH391:O,1.0579542437335525,True,4.3946655030225275,"sym10[0,0,-1]/S:HOH152:O",2.8946655030225275,True,True,True,17.019573211669922,17.049381256103516,-0.02980804443359375,True,True
2VFP_A_TYR417__005__0,2VFP_A_TYR417,5,0,0.062843166,other,0,0.062843166,True,other,0.062843166,5.959937572479248,6.027680397033691,132.6680;-123.3131,t/m-,47.3320;33.3131,45.0000;45.0000,False,False,1.6869943713299687,A:ASP399:OD2,-0.31300562867003134,False,8.952063198113414,"sym10[0,0,-1]/S:HOH152:O",7.452063198113414,True,False,False,910.302001953125,nan,nan,False,False
2VFP_A_TYR417__005__1,2VFP_A_TYR417,5,1,0.099457659,other,1,0.099457659,True,other,0.099457659,0.7830873131752014,0.44392749667167664,-55.4829;-89.6722,g-/m-,4.5171;0.3278,45.0000;45.0000,True,True,3.253623747260242,A:GLN416:CG,1.2536237472602418,True,4.543916472328795,"sym10[0,0,-1]/S:HOH152:O",3.043916472328795,True,True,True,23.918636322021484,nan,nan,False,False
2VFP_A_TYR417__005__3,2VFP_A_TYR417,5,3,0.81469011,B,2,0.81469011,True,B,0.81469011,0.3221404552459717,0.1942184865474701,-63.8776;-68.2267,g-/m-,3.8776;21.7733,45.0000;45.0000,True,True,2.9517749204010704,S:HOH391:O,1.0317749633164146,True,4.386668626680558,"sym10[0,0,-1]/S:HOH152:O",2.8866686266805583,True,True,True,18.772968292236328,18.896686553955078,-0.12371826171875,True,True
2VFP_A_TYR417__006__0,2VFP_A_TYR417,6,0,0.85669065,B,0,0.93268082,True,B,0.93268082,0.33638957142829895,0.18405470252037048,-63.0803;110.5344,g-/m+,3.0803;20.5344,45.0000;45.0000,True,True,2.959804611402798,S:HOH391:O,1.039804654318142,True,4.377740910120144,"sym10[0,0,-1]/S:HOH152:O",2.877740910120144,True,True,True,18.614356994628906,18.896686553955078,-0.2823295593261719,True,True
2VFP_A_TYR417__006__1,2VFP_A_TYR417,6,1,0.07599017,merged_duplicate,0,0.93268082,False,B,0.0,0.7508477568626404,0.41422030329704285,-55.6484;91.3782,g-/m+,4.3516;1.3782,45.0000;45.0000,True,True,2.2978738253973283,S:HOH392:O,0.8578737681768693,True,4.498416072386826,"sym10[0,0,-1]/S:HOH152:O",2.998416072386826,True,True,True,23.060874938964844,nan,nan,False,False
2VFP_A_TYR417__006__2,2VFP_A_TYR417,6,2,0.066210844,other,1,0.066210844,True,other,0.066210844,5.953232765197754,6.019525527954102,132.3748;57.1762,t/m+,47.6252;32.8238,45.0000;45.0000,False,False,1.669646522284007,A:ASP399:OD2,-0.3303534777159931,False,8.952063198113414,"sym10[0,0,-1]/S:HOH152:O",7.452063198113414,True,False,False,915.4744262695312,nan,nan,False,False
2VFP_A_TYR417__007__0,2VFP_A_TYR417,7,0,0.2691488,other,0,0.2691488,True,other,0.2691488,5.456446647644043,5.253768444061279,55.5325;-58.1441,g+/m-,4.4675;31.8559,45.0000;45.0000,True,True,1.6481242746851255,A:LEU422:CD2,-0.35187572531487454,False,8.952063198113414,"sym10[0,0,-1]/S:HOH152:O",7.452063198113414,True,False,False,998.0982055664062,nan,nan,False,False
2VFP_A_TYR417__007__2,2VFP_A_TYR417,7,2,0.17826079,other,1,0.7308512199999999,False,other,0.0,5.953304290771484,6.01956844329834,132.3669;57.2006,t/m+,47.6331;32.7994,45.0000;45.0000,False,False,1.6690909642852643,A:ASP399:OD2,-0.33090903571473573,False,8.952063198113414,"sym10[0,0,-1]/S:HOH152:O",7.452063198113414,True,False,False,915.2997436523438,nan,nan,False,False
2VFP_A_TYR417__007__3,2VFP_A_TYR417,7,3,0.55259043,other,1,0.7308512199999999,True,other,0.7308512199999999,5.96022367477417,6.027856826782227,132.6378;-123.2767,t/m-,47.3622;33.2767,45.0000;45.0000,False,False,1.684858109030965,A:ASP399:OD2,-0.3151418909690351,False,8.952063198113414,"sym10[0,0,-1]/S:HOH152:O",7.452063198113414,True,False,False,909.8505249023438,nan,nan,False,False
2VFP_A_TYR417__008__0,2VFP_A_TYR417,8,0,0.35349223,other,0,0.7224849200000001,False,other,0.0,5.9643964767456055,6.03108024597168,132.4694;-127.4572,t/m-,47.5306;37.4572,45.0000;45.0000,False,False,1.6708997527444638,A:ASP399:OD2,-0.3291002472555362,False,8.952063198113414,"sym10[0,0,-1]/S:HOH152:O",7.452063198113414,True,False,False,922.0321044921875,nan,nan,False,False
2VFP_A_TYR417__008__1,2VFP_A_TYR417,8,1,0.27751505,other,1,0.27751505,True,other,0.27751505,5.45653772354126,5.253870010375977,55.5363;-58.1254,g+/m-,4.4637;31.8746,45.0000;45.0000,True,True,1.6477592102228127,A:LEU422:CD2,-0.3522407897771873,False,8.952063198113414,"sym10[0,0,-1]/S:HOH152:O",7.452063198113414,True,False,False,997.7860717773438,nan,nan,False,False
2VFP_A_TYR417__008__2,2VFP_A_TYR417,8,2,0.36899269,other,0,0.7224849200000001,True,other,0.7224849200000001,5.953438758850098,6.019648551940918,132.3517;57.2448,t/m+,47.6483;32.7552,45.0000;45.0000,False,False,1.668027735951235,A:ASP399:OD2,-0.331972264048765,False,8.952063198113414,"sym10[0,0,-1]/S:HOH152:O",7.452063198113414,True,False,False,915.1370239257812,nan,nan,False,False
2VFP_A_TYR417__009__1,2VFP_A_TYR417,9,1,0.87825841,B,0,0.87825841,True,B,0.87825841,0.3355259597301483,0.1839408576488495,-63.5790;-68.9354,g-/m-,3.5790;21.0646,45.0000;45.0000,True,True,2.9762041692419636,S:HOH391:O,1.0562042121573079,True,4.389790058652315,"sym10[0,0,-1]/S:HOH152:O",2.8897900586523146,True,True,True,18.745952606201172,18.896686553955078,-0.15073394775390625,True,True
2VFP_A_TYR417__009__3,2VFP_A_TYR417,9,3,0.083714217,other,1,0.083714217,True,other,0.083714217,5.953183174133301,6.019494533538818,132.3801;57.1738,t/m+,47.6199;32.8262,45.0000;45.0000,False,False,1.6700012666026551,A:ASP399:OD2,-0.32999873339734487,False,8.952063198113414,"sym10[0,0,-1]/S:HOH152:O",7.452063198113414,True,False,False,915.5051879882812,nan,nan,False,False
2VFP_A_TYR417__010__1,2VFP_A_TYR417,10,1,0.88594723,B,0,0.88594723,True,B,0.88594723,0.3351716995239258,0.18442125618457794,-63.5830;-68.9731,g-/m-,3.5830;21.0269,45.0000;45.0000,True,True,2.975868754483675,S:HOH391:O,1.055868797399019,True,4.389766208978102,"sym10[0,0,-1]/S:HOH152:O",2.889766208978102,True,True,True,18.747234344482422,18.896686553955078,-0.14945220947265625,True,True
2VFP_A_TYR417__011__0,2VFP_A_TYR417,11,0,0.32765403,other,0,0.32765403,True,other,0.32765403,5.45833158493042,5.25640344619751,56.2122;120.6454,g+/m+,3.7878;30.6454,45.0000;45.0000,True,True,1.65534445525211,A:LEU422:CD2,-0.34465554474789006,False,8.952063198113414,"sym10[0,0,-1]/S:HOH152:O",7.452063198113414,True,False,False,978.2932739257812,nan,nan,False,False
2VFP_A_TYR417__011__1,2VFP_A_TYR417,11,1,0.44383344,other,1,0.672345951,True,other,0.672345951,5.960294723510742,6.027865886688232,132.6145;-122.9541,t/m-,47.3855;32.9541,45.0000;45.0000,False,False,1.6833582318822038,A:ASP399:OD2,-0.3166417681177962,False,8.952063198113414,"sym10[0,0,-1]/S:HOH152:O",7.452063198113414,True,False,False,908.3716430664062,nan,nan,False,False
2VFP_A_TYR417__011__2,2VFP_A_TYR417,11,2,0.088480011,other,1,0.672345951,False,other,0.0,5.953176498413086,6.019474983215332,132.3745;57.3392,t/m+,47.6255;32.6608,45.0000;45.0000,False,False,1.6695407449965673,A:ASP399:OD2,-0.33045925500343265,False,8.952063198113414,"sym10[0,0,-1]/S:HOH152:O",7.452063198113414,True,False,False,915.0313110351562,nan,nan,False,False
2VFP_A_TYR417__011__3,2VFP_A_TYR417,11,3,0.1400325,other,1,0.672345951,False,other,0.0,5.960026741027832,6.027735710144043,132.6584;-123.2959,t/m-,47.3416;33.2959,45.0000;45.0000,False,False,1.6863208075725704,A:ASP399:OD2,-0.3136791924274296,False,8.952063198113414,"sym10[0,0,-1]/S:HOH152:O",7.452063198113414,True,False,False,909.9834594726562,nan,nan,False,False
2VFP_A_TYR417__012__3,2VFP_A_TYR417,12,3,0.88625747,B,0,0.88625747,True,B,0.88625747,0.3405839502811432,0.18425628542900085,-62.9623;109.7935,g-/m+,2.9623;19.7935,45.0000;45.0000,True,True,2.969499552184887,S:HOH391:O,1.0494995951002313,True,4.378549916213941,"sym10[0,0,-1]/S:HOH152:O",2.8785499162139407,True,True,True,18.607112884521484,18.896686553955078,-0.28957366943359375,True,True
2VFP_A_TYR417__013__1,2VFP_A_TYR417,13,1,0.48859674,B,0,0.48859674,True,B,0.48859674,0.43529483675956726,0.07954175770282745,-61.6153;115.3607,g-/m+,1.6153;25.3607,45.0000;45.0000,True,True,2.5158994066168896,S:HOH392:O,1.0758993493964306,True,4.395809553649306,"sym10[0,0,-1]/S:HOH152:O",2.895809553649306,True,True,True,18.798721313476562,18.896686553955078,-0.09796524047851562,True,True
2VFP_A_TYR417__013__3,2VFP_A_TYR417,13,3,0.47508454,A,1,0.47508454,True,A,0.47508454,0.24795937538146973,0.2989274859428406,-65.0000;-74.5127,g-/m-,5.0000;15.4873,45.0000;45.0000,True,True,2.8602423809604365,S:HOH391:O,0.9402424238757807,True,4.380425969801158,"sym10[0,0,-1]/S:HOH152:O",2.8804259698011583,True,True,True,16.576446533203125,17.049381256103516,-0.4729347229003906,True,True
2VFP_A_TYR417__014__0,2VFP_A_TYR417,14,0,0.98312116,B,0,0.98312116,True,B,0.98312116,0.36738404631614685,0.15261830389499664,-63.0254;-68.4195,g-/m-,3.0254;21.5805,45.0000;45.0000,True,True,3.021782036013268,S:HOH391:O,1.1017820789286121,True,4.395303774518288,"sym10[0,0,-1]/S:HOH152:O",2.895303774518288,True,True,True,18.729496002197266,18.896686553955078,-0.1671905517578125,True,True
2VFP_A_TYR417__015__2,2VFP_A_TYR417,15,2,0.98776895,B,0,0.98776895,True,B,0.98776895,0.33563441038131714,0.18369562923908234,-63.5794;-68.8996,g-/m-,3.5794;21.1004,45.0000;45.0000,True,True,2.9761719012299284,S:HOH391:O,1.0561719441452726,True,4.389770981887767,"sym10[0,0,-1]/S:HOH152:O",2.889770981887767,True,True,True,18.747737884521484,18.896686553955078,-0.14894866943359375,True,True
2VFP_A_TYR417__016__0,2VFP_A_TYR417,16,0,0.07330288,other,0,0.07330288,True,other,0.07330288,0.9273882508277893,0.5064135789871216,-52.5208;-84.2948,g-/m-,7.4792;5.7052,45.0000;45.0000,True,True,3.3043357301617466,A:TYR412:CB,1.3043357301617466,True,4.627884518006131,"sym10[0,0,-1]/S:HOH152:O",3.127884518006131,True,True,True,30.769622802734375,nan,nan,False,False
2VFP_A_TYR417__016__2,2VFP_A_TYR417,16,2,0.88086224,B,1,0.88086224,True,B,0.88086224,0.33678871393203735,0.18586580455303192,-63.0483;110.1026,g-/m+,3.0483;20.1026,45.0000;45.0000,True,True,2.9624367701927254,S:HOH391:O,1.0424368131080697,True,4.37785734410774,"sym10[0,0,-1]/S:HOH152:O",2.87785734410774,True,True,True,18.612163543701172,18.896686553955078,-0.28452301025390625,True,True
2VFP_A_TYR417__017__0,2VFP_A_TYR417,17,0,0.67455584,B,0,0.67455584,True,B,0.67455584,0.4027485251426697,0.1117342859506607,-62.0694;113.6083,g-/m+,2.0694;23.6083,45.0000;45.0000,True,True,2.5361499087987758,S:HOH392:O,1.0961498515783168,True,4.389602681868232,"sym10[0,0,-1]/S:HOH152:O",2.889602681868232,True,True,True,18.717273712158203,18.896686553955078,-0.179412841796875,True,True
2VFP_A_TYR417__017__3,2VFP_A_TYR417,17,3,0.25313532,A,1,0.25313532,True,A,0.25313532,0.3199629485607147,0.2790844738483429,-63.7392;-77.7657,g-/m-,3.7392;12.2343,45.0000;45.0000,True,True,2.9622792939687423,S:HOH391:O,1.0422793368840866,True,4.3918748045343365,"sym10[0,0,-1]/S:HOH152:O",2.8918748045343365,True,True,True,16.753250122070312,17.049381256103516,-0.2961311340332031,True,True
2VFP_A_TYR417__018__0,2VFP_A_TYR417,18,0,0.082992949,merged_duplicate,0,0.918646909,False,B,0.0,0.7473028302192688,0.4029093384742737,-56.0508;-87.4897,g-/m-,3.9492;2.5103,45.0000;45.0000,True,True,2.3116483201437363,S:HOH392:O,0.8716482629232774,True,4.52875497827166,"sym10[0,0,-1]/S:HOH152:O",3.0287549782716603,True,True,True,23.259994506835938,nan,nan,False,False
2VFP_A_TYR417__018__1,2VFP_A_TYR417,18,1,0.83565396,B,0,0.918646909,True,B,0.918646909,0.33412066102027893,0.18703432381153107,-63.1109;110.3434,g-/m+,3.1109;20.3434,45.0000;45.0000,True,True,2.957302723963033,S:HOH391:O,1.0373027668783772,True,4.377369091332008,"sym10[0,0,-1]/S:HOH152:O",2.8773690913320076,True,True,True,18.61492156982422,18.896686553955078,-0.2817649841308594,True,True
2VFP_A_TYR417__019__1,2VFP_A_TYR417,19,1,0.88682854,B,0,0.88682854,True,B,0.88682854,0.335185170173645,0.18440935015678406,-63.5827;-68.9732,g-/m-,3.5827;21.0268,45.0000;45.0000,True,True,2.9758900096446506,S:HOH391:O,1.0558900525599948,True,4.389768189068071,"sym10[0,0,-1]/S:HOH152:O",2.8897681890680706,True,True,True,18.747234344482422,18.896686553955078,-0.14945220947265625,True,True
2VFP_A_TYR417__019__3,2VFP_A_TYR417,19,3,0.050420359,other,1,0.050420359,True,other,0.050420359,5.99445915222168,6.043031692504883,127.4149;70.2695,t/m+,52.5851;19.7305,45.0000;45.0000,False,False,1.3714268487014842,A:ASP399:OD2,-0.6285731512985158,False,8.952063198113414,"sym10[0,0,-1]/S:HOH152:O",7.452063198113414,True,False,False,816.0137939453125,nan,nan,False,False
2VFP_A_TYR417__020__1,2VFP_A_TYR417,20,1,0.88957137,B,0,0.88957137,True,B,0.88957137,0.34053847193717957,0.1843302696943283,-62.9629;109.7879,g-/m+,2.9629;19.7879,45.0000;45.0000,True,True,2.9694512126535817,S:HOH391:O,1.049451255568926,True,4.3785371802536455,"sym10[0,0,-1]/S:HOH152:O",2.8785371802536455,True,True,True,18.607017517089844,18.896686553955078,-0.2896690368652344,True,True
2VFP_A_TYR417__020__2,2VFP_A_TYR417,20,2,0.068367511,other,1,0.068367511,True,other,0.068367511,5.959933757781982,6.0276780128479,132.6684;-123.3149,t/m-,47.3316;33.3149,45.0000;45.0000,False,False,1.687020984491046,A:ASP399:OD2,-0.312979015508954,False,8.952063198113414,"sym10[0,0,-1]/S:HOH152:O",7.452063198113414,True,False,False,910.302001953125,nan,nan,False,False
2VFP_A_TYR417__021__1,2VFP_A_TYR417,21,1,0.17400347,B,0,0.17400347,True,B,0.17400347,0.7602139115333557,0.27663111686706543,-55.7027;-70.3324,g-/m-,4.2973;19.6676,45.0000;45.0000,True,True,2.2979201847218014,S:HOH392:O,0.8579201275013424,True,4.5316399846883755,"sym10[0,0,-1]/S:HOH152:O",3.0316399846883755,True,True,True,20.146785736083984,18.896686553955078,1.2500991821289062,False,False
2VFP_A_TYR417__021__3,2VFP_A_TYR417,21,3,0.77538341,A,1,0.77538341,True,A,0.77538341,0.3012921214103699,0.21641936898231506,-64.2010;-69.0849,g-/m-,4.2010;20.9151,45.0000;45.0000,True,True,2.9253625969001953,S:HOH391:O,1.0053626398155395,True,4.384195876102616,"sym10[0,0,-1]/S:HOH152:O",2.8841958761026163,True,True,True,16.491817474365234,17.049381256103516,-0.5575637817382812,True,True
2VFP_A_TYR417__022__2,2VFP_A_TYR417,22,2,0.96266413,B,0,0.96266413,True,B,0.96266413,0.33538785576820374,0.1839880645275116,-63.5828;-68.9157,g-/m-,3.5828;21.0843,45.0000;45.0000,True,True,2.975887601047202,S:HOH391:O,1.0558876439625462,True,4.389744262919002,"sym10[0,0,-1]/S:HOH152:O",2.8897442629190024,True,True,True,18.745948791503906,18.896686553955078,-0.15073776245117188,True,True
2VFP_A_TYR417__023__2,2VFP_A_TYR417,23,2,0.99321657,B,0,0.99321657,True,B,0.99321657,0.30386966466903687,0.2108995020389557,-64.2827;-67.4588,g-/m-,4.2827;22.5412,45.0000;45.0000,True,True,2.918779205024177,S:HOH391:O,0.9987792479395212,True,4.382820457076008,"sym10[0,0,-1]/S:HOH152:O",2.882820457076008,True,True,True,18.820415496826172,18.896686553955078,-0.07627105712890625,True,True
2VFP_A_TYR417__024__0,2VFP_A_TYR417,24,0,0.90406203,B,0,0.90406203,True,B,0.90406203,0.3422468900680542,0.18182098865509033,-62.9402;109.9574,g-/m+,2.9402;19.9574,45.0000;45.0000,True,True,2.9713064529447735,S:HOH391:O,1.0513064958601177,True,4.378831673081964,"sym10[0,0,-1]/S:HOH152:O",2.8788316730819643,True,True,True,18.610191345214844,18.896686553955078,-0.2864952087402344,True,True
2VFP_A_TYR417__024__1,2VFP_A_TYR417,24,1,0.059961356,other,1,0.059961356,True,other,0.059961356,5.952158451080322,6.0188517570495605,132.4831;57.1630,t/m+,47.5169;32.8370,45.0000;45.0000,False,False,1.6770657949477623,A:ASP399:OD2,-0.3229342050522377,False,8.952063198113414,"sym10[0,0,-1]/S:HOH152:O",7.452063198113414,True,False,False,917.3369750976562,nan,nan,False,False
2VFP_A_TYR417__025__0,2VFP_A_TYR417,25,0,0.14033777,A,0,0.27184177,True,A,0.27184177,0.3503526449203491,0.33349505066871643,-63.5056;-82.8240,g-/m-,3.5056;7.1760,45.0000;45.0000,True,True,2.980692902488947,S:HOH391:O,1.0606929454042913,True,4.396075074002644,"sym10[0,0,-1]/S:HOH152:O",2.8960750740026437,True,True,True,17.460857391357422,17.049381256103516,0.41147613525390625,True,True
2VFP_A_TYR417__025__1,2VFP_A_TYR417,25,1,0.131504,merged_duplicate,0,0.27184177,False,A,0.0,0.7209200859069824,0.24384869635105133,-56.4024;-70.9622,g-/m-,3.5976;19.0378,45.0000;45.0000,True,True,3.38419155202051,A:GLN416:O,1.3841915520205101,True,4.514300678072644,"sym10[0,0,-1]/S:HOH152:O",3.014300678072644,True,True,True,23.628673553466797,nan,nan,False,False
2VFP_A_TYR417__025__2,2VFP_A_TYR417,25,2,0.68187904,B,1,0.68187904,True,B,0.68187904,0.3327992260456085,0.18450726568698883,-63.1925;111.2526,g-/m+,3.1925;21.2526,45.0000;45.0000,True,True,2.9505838418371324,S:HOH391:O,1.0305838847524766,True,4.377003280049801,"sym10[0,0,-1]/S:HOH152:O",2.8770032800498013,True,True,True,18.642471313476562,18.896686553955078,-0.2542152404785156,True,True
2VFP_A_TYR417__026__0,2VFP_A_TYR417,26,0,0.053073965,other,0,0.053073965,True,other,0.053073965,5.951486587524414,6.018604278564453,132.6161;55.5374,t/m+,47.3839;34.4626,45.0000;45.0000,False,False,1.6870093976800007,A:ASP399:OD2,-0.3129906023199993,False,8.952063198113414,"sym10[0,0,-1]/S:HOH152:O",7.452063198113414,True,False,False,923.7081298828125,nan,nan,False,False
2VFP_A_TYR417__026__2,2VFP_A_TYR417,26,2,0.81977403,A,1,0.81977403,True,A,0.81977403,0.3219827711582184,0.19419530034065247,-63.8864;-68.1519,g-/m-,3.8864;21.8481,45.0000;45.0000,True,True,2.951066324327134,S:HOH391:O,1.0310663672424782,True,4.386557193642065,"sym10[0,0,-1]/S:HOH152:O",2.886557193642065,True,True,True,16.488983154296875,17.049381256103516,-0.5603981018066406,True,True
2VFP_A_TYR417__026__3,2VFP_A_TYR417,26,3,0.1023896,B,2,0.1023896,True,B,0.1023896,0.7575002312660217,0.4358254373073578,-56.0209;-90.2784,g-/m-,3.9791;0.2784,45.0000;45.0000,True,True,2.3119309721911074,S:HOH392:O,0.8719309149706485,True,4.5303153034012285,"sym10[0,0,-1]/S:HOH152:O",3.0303153034012285,True,True,True,23.63824462890625,18.896686553955078,4.741558074951172,False,False
2VFP_A_TYR417__027__0,2VFP_A_TYR417,27,0,0.84535396,B,0,0.84535396,True,B,0.84535396,0.3498423993587494,0.17568455636501312,-62.7960;109.8705,g-/m+,2.7960;19.8705,45.0000;45.0000,True,True,2.9831351680406635,S:HOH391:O,1.0631352109560077,True,4.380213416041277,"sym10[0,0,-1]/S:HOH152:O",2.8802134160412773,True,True,True,18.61029052734375,18.896686553955078,-0.2863960266113281,True,True
2VFP_A_TYR417__027__1,2VFP_A_TYR417,27,1,0.10022426,other,1,0.10022426,True,other,0.10022426,5.945354461669922,6.014537334442139,133.1557;57.1266,t/m+,46.8443;32.8734,45.0000;45.0000,False,False,1.7239148387562222,A:ASP399:OD2,-0.2760851612437778,False,8.952063198113414,"sym10[0,0,-1]/S:HOH152:O",7.452063198113414,True,False,False,930.0592041015625,nan,nan,False,False
2VFP_A_TYR417__028__1,2VFP_A_TYR417,28,1,0.060267568,other,0,0.060267568,True,other,0.060267568,5.959926128387451,6.027674198150635,132.6695;-123.3195,t/m-,47.3305;33.3195,45.0000;45.0000,False,False,1.6870935288452678,A:ASP399:OD2,-0.31290647115473225,False,8.952063198113414,"sym10[0,0,-1]/S:HOH152:O",7.452063198113414,True,False,False,910.48876953125,nan,nan,False,False
2VFP_A_TYR417__028__3,2VFP_A_TYR417,28,3,0.87115711,B,1,0.87115711,True,B,0.87115711,0.3354697823524475,0.1840672791004181,-63.5788;-68.9537,g-/m-,3.5788;21.0463,45.0000;45.0000,True,True,2.9762174716466827,S:HOH391:O,1.056217514562027,True,4.389799943420665,"sym10[0,0,-1]/S:HOH152:O",2.889799943420665,True,True,True,18.749217987060547,18.896686553955078,-0.14746856689453125,True,True
2VFP_A_TYR417__029__0,2VFP_A_TYR417,29,0,0.88107497,B,0,0.88107497,True,B,0.88107497,0.33781325817108154,0.1820012927055359,-63.5342;-68.9748,g-/m-,3.5342;21.0252,45.0000;45.0000,True,True,2.979881189945465,S:HOH391:O,1.0598812328608092,True,4.390247224185701,"sym10[0,0,-1]/S:HOH152:O",2.8902472241857007,True,True,True,18.74405288696289,18.896686553955078,-0.1526336669921875,True,True
2VFP_A_TYR417__030__0,2VFP_A_TYR417,30,0,0.11518343,B,0,0.11518343,True,B,0.11518343,0.7623486518859863,0.4391060471534729,-55.9312;-90.3561,g-/m-,4.0688;0.3561,45.0000;45.0000,True,True,2.309911450757426,S:HOH392:O,0.8699113935369671,True,4.532594850707365,"sym10[0,0,-1]/S:HOH152:O",3.0325948507073646,True,True,True,23.70819854736328,18.896686553955078,4.811511993408203,False,False
2VFP_A_TYR417__030__3,2VFP_A_TYR417,30,3,0.86149812,A,1,0.86149812,True,A,0.86149812,0.3211756944656372,0.19476433098316193,-63.9089;-68.0569,g-/m-,3.9089;21.9431,45.0000;45.0000,True,True,2.949230789052961,S:HOH391:O,1.0292308319683054,True,4.386312857701628,"sym10[0,0,-1]/S:HOH152:O",2.886312857701628,True,True,True,16.489124298095703,17.049381256103516,-0.5602569580078125,True,True
2VFP_A_TYR417__031__1,2VFP_A_TYR417,31,1,0.90221757,B,0,0.90221757,True,B,0.90221757,0.33273178339004517,0.18577636778354645,-63.6438;-68.7407,g-/m-,3.6438;21.2593,45.0000;45.0000,True,True,2.970894125217627,S:HOH391:O,1.050894168132971,True,4.389079280064344,"sym10[0,0,-1]/S:HOH152:O",2.889079280064344,True,True,True,18.75020980834961,18.896686553955078,-0.14647674560546875,True,True
2VFP_A_TYR417__031__3,2VFP_A_TYR417,31,3,0.059615027,other,1,0.059615027,True,other,0.059615027,5.9531683921813965,6.0194854736328125,132.3816;57.1725,t/m+,47.6184;32.8275,45.0000;45.0000,False,False,1.6701040363779927,A:ASP399:OD2,-0.32989596362200735,False,8.952063198113414,"sym10[0,0,-1]/S:HOH152:O",7.452063198113414,True,False,False,915.5078735351562,nan,nan,False,False
2VFP_A_TYR417__032__0,2VFP_A_TYR417,32,0,0.68014085,B,0,0.68014085,True,B,0.68014085,0.37177133560180664,0.14311596751213074,-62.5874;112.8584,g-/m+,2.5874;22.8584,45.0000;45.0000,True,True,3.0001233596584087,S:HOH391:O,1.080123402573753,True,4.383598702653229,"sym10[0,0,-1]/S:HOH152:O",2.883598702653229,True,True,True,18.687061309814453,18.896686553955078,-0.209625244140625,True,True
2VFP_A_TYR417__032__1,2VFP_A_TYR417,32,1,0.24127521,A,1,0.24127521,True,A,0.24127521,0.334877073764801,0.30062663555145264,-63.5770;-80.0371,g-/m-,3.5770;9.9629,45.0000;45.0000,True,True,2.975264617999952,S:HOH391:O,1.055264660915296,True,4.394312895896799,"sym10[0,0,-1]/S:HOH152:O",2.8943128958967987,True,True,True,17.009075164794922,17.049381256103516,-0.04030609130859375,True,True
2VFP_A_TYR417__033__0,2VFP_A_TYR417,33,0,0.061552037,other,0,0.061552037,True,other,0.061552037,0.9524989128112793,0.6394655704498291,-52.6514;79.1714,g-/m+,7.3486;10.8286,45.0000;45.0000,True,True,3.03234237395401,A:GLN416:CG,1.0323423739540099,True,4.578224125797391,"sym10[0,0,-1]/S:HOH152:O",3.078224125797391,True,True,True,30.65756607055664,nan,nan,False,False
2VFP_A_TYR417__033__2,2VFP_A_TYR417,33,2,0.77530801,A,1,0.77530801,True,A,0.77530801,0.32479146122932434,0.19425876438617706,-63.3008;110.6410,g-/m+,3.3008;20.6410,45.0000;45.0000,True,True,2.9417746016184765,S:HOH391:O,1.0217746445338207,True,4.3757674534266755,"sym10[0,0,-1]/S:HOH152:O",2.8757674534266755,True,True,True,16.33120346069336,17.049381256103516,-0.7181777954101562,True,True
2VFP_A_TYR417__033__3,2VFP_A_TYR417,33,3,0.11512378,B,2,0.11512378,True,B,0.11512378,1.2967383861541748,0.8017308115959167,-45.3813;112.1971,g-/m+,14.6187;22.1971,45.0000;45.0000,True,True,2.281446891526754,S:HOH392:O,0.8414468343062951,True,4.852435853457255,"sym10[0,0,-1]/S:HOH152:O",3.352435853457255,True,True,True,46.49126434326172,18.896686553955078,27.59457778930664,False,False
2VFP_A_TYR417__034__0,2VFP_A_TYR417,34,0,0.081674501,merged_duplicate,0,0.9152552909999999,False,B,0.0,0.7430352568626404,0.4008394777774811,-56.1344;-87.5178,g-/m-,3.8656;2.4822,45.0000;45.0000,True,True,2.3136025625498737,S:HOH392:O,0.8736025053294147,True,4.526674857522389,"sym10[0,0,-1]/S:HOH152:O",3.026674857522389,True,True,True,23.17633819580078,nan,nan,False,False
2VFP_A_TYR417__034__1,2VFP_A_TYR417,34,1,0.83358079,B,0,0.9152552909999999,True,B,0.9152552909999999,0.33280202746391296,0.18891341984272003,-63.1274;110.2060,g-/m+,3.1274;20.2060,45.0000;45.0000,True,True,2.9559580579876577,S:HOH391:O,1.0359581009030019,True,4.377157131069566,"sym10[0,0,-1]/S:HOH152:O",2.8771571310695663,True,True,True,18.610157012939453,18.896686553955078,-0.286529541015625,True,True
2VFP_A_TYR417__034__3,2VFP_A_TYR417,34,3,0.055386234,other,1,0.055386234,True,other,0.055386234,5.953237056732178,6.019529342651367,132.3748;57.1693,t/m+,47.6252;32.8307,45.0000;45.0000,False,False,1.669640423690308,A:ASP399:OD2,-0.33035957630969204,False,8.952063198113414,"sym10[0,0,-1]/S:HOH152:O",7.452063198113414,True,False,False,915.2998046875,nan,nan,False,False
2VFP_A_TYR417__035__1,2VFP_A_TYR417,35,1,0.8923263,B,0,0.8923263,True,B,0.8923263,0.3353027105331421,0.18420644104480743,-63.5821;-68.9502,g-/m-,3.5821;21.0498,45.0000;45.0000,True,True,2.9759451482779045,S:HOH391:O,1.0559451911932487,True,4.389766245287247,"sym10[0,0,-1]/S:HOH152:O",2.8897662452872472,True,True,True,18.749217987060547,18.896686553955078,-0.14746856689453125,True,True
2VFP_A_TYR417__035__3,2VFP_A_TYR417,35,3,0.07173685,other,1,0.07173685,True,other,0.07173685,5.959897041320801,6.027656555175781,132.6730;-123.3305,t/m-,47.3270;33.3305,45.0000;45.0000,False,False,1.687341877493013,A:ASP399:OD2,-0.3126581225069871,False,8.952063198113414,"sym10[0,0,-1]/S:HOH152:O",7.452063198113414,True,False,False,910.6856689453125,nan,nan,False,False
2VFP_A_TYR417__036__0,2VFP_A_TYR417,36,0,0.071240216,other,0,0.071240216,True,other,0.071240216,5.960193634033203,6.027833461761475,132.6388;-123.2356,t/m-,47.3612;33.2356,45.0000;45.0000,False,False,1.6849510613145255,A:ASP399:OD2,-0.31504893868547446,False,8.952063198113414,"sym10[0,0,-1]/S:HOH152:O",7.452063198113414,True,False,False,909.3296508789062,nan,nan,False,False
2VFP_A_TYR417__036__2,2VFP_A_TYR417,36,2,0.81498903,A,1,0.81498903,True,A,0.81498903,0.32185062766075134,0.19435563683509827,-63.8877;-68.1668,g-/m-,3.8877;21.8332,45.0000;45.0000,True,True,2.9509590382356286,S:HOH391:O,1.0309590811509728,True,4.386552314146149,"sym10[0,0,-1]/S:HOH152:O",2.886552314146149,True,True,True,16.489185333251953,17.049381256103516,-0.5601959228515625,True,True
2VFP_A_TYR417__036__3,2VFP_A_TYR417,36,3,0.10198804,B,2,0.10198804,True,B,0.10198804,0.7572407126426697,0.43318864703178406,-56.0091;-90.0259,g-/m-,3.9909;0.0259,45.0000;45.0000,True,True,2.3115715407391746,S:HOH392:O,0.8715714835187156,True,4.530542825765908,"sym10[0,0,-1]/S:HOH152:O",3.0305428257659077,True,True,True,23.502792358398438,18.896686553955078,4.606105804443359,False,False
2VFP_A_TYR417__037__1,2VFP_A_TYR417,37,1,0.89772999,B,0,0.89772999,True,B,0.89772999,0.34155893325805664,0.1828293353319168,-62.9491;109.8890,g-/m+,2.9491;19.8890,45.0000;45.0000,True,True,2.970563582871736,S:HOH391:O,1.0505636257870803,True,4.378713635905069,"sym10[0,0,-1]/S:HOH152:O",2.8787136359050693,True,True,True,18.61194610595703,18.896686553955078,-0.2847404479980469,True,True
2VFP_A_TYR417__037__2,2VFP_A_TYR417,37,2,0.071526125,other,1,0.071526125,True,other,0.071526125,5.959925174713135,6.027672290802002,132.6693;-123.3147,t/m-,47.3307;33.3147,45.0000;45.0000,False,False,1.6870820745910204,A:ASP399:OD2,-0.31291792540897956,False,8.952063198113414,"sym10[0,0,-1]/S:HOH152:O",7.452063198113414,True,False,False,910.302001953125,nan,nan,False,False
2VFP_A_TYR417__038__0,2VFP_A_TYR417,38,0,0.24395618,A,0,0.24395618,True,A,0.24395618,0.33209338784217834,0.2932330369949341,-63.5902;-79.3992,g-/m-,3.5902;10.6008,45.0000;45.0000,True,True,2.974277534658158,S:HOH391:O,1.0542775775735023,True,4.393938712510003,"sym10[0,0,-1]/S:HOH152:O",2.8939387125100033,True,True,True,16.930789947509766,17.049381256103516,-0.11859130859375,True,True
2VFP_A_TYR417__038__3,2VFP_A_TYR417,38,3,0.6966424,B,1,0.6966424,True,B,0.6966424,0.37114354968070984,0.1435653120279312,-62.6073;112.9572,g-/m+,2.6073;22.9572,45.0000;45.0000,True,True,2.998486223645331,S:HOH391:O,1.0784862665606751,True,4.383436226402578,"sym10[0,0,-1]/S:HOH152:O",2.883436226402578,True,True,True,18.693218231201172,18.896686553955078,-0.20346832275390625,True,True
2VFP_A_TYR417__039__2,2VFP_A_TYR417,39,2,1.0,other,0,1.0,True,other,1.0,5.954040050506592,6.020015239715576,132.2873;57.3458,t/m+,47.7127;32.6542,45.0000;45.0000,False,False,1.6635890580109813,A:ASP399:OD2,-0.33641094198901866,False,8.952063198113414,"sym10[0,0,-1]/S:HOH152:O",7.452063198113414,True,False,False,913.1170043945312,nan,nan,False,False
2VFP_A_TYR417__040__0,2VFP_A_TYR417,40,0,0.88148767,B,0,0.88148767,True,B,0.88148767,0.3351638913154602,0.18443942070007324,-63.5830;-68.9758,g-/m-,3.5830;21.0242,45.0000;45.0000,True,True,2.975872395930685,S:HOH391:O,1.0558724388460292,True,4.389768073383769,"sym10[0,0,-1]/S:HOH152:O",2.8897680733837694,True,True,True,18.747234344482422,18.896686553955078,-0.14945220947265625,True,True
2VFP_A_TYR417__040__1,2VFP_A_TYR417,40,1,0.088278905,other,1,0.088278905,True,other,0.088278905,5.959963321685791,6.0276970863342285,132.6655;-123.3113,t/m-,47.3345;33.3113,45.0000;45.0000,False,False,1.6868139033527587,A:ASP399:OD2,-0.3131860966472413,False,8.952063198113414,"sym10[0,0,-1]/S:HOH152:O",7.452063198113414,True,False,False,910.3544921875,nan,nan,False,False
2VFP_A_TYR417__041__0,2VFP_A_TYR417,41,0,0.054477304,other,0,0.054477304,True,other,0.054477304,5.954295635223389,6.020199775695801,132.2712;57.0896,t/m+,47.7288;32.9104,45.0000;45.0000,False,False,1.6626165974561868,A:ASP399:OD2,-0.33738340254381316,False,8.952063198113414,"sym10[0,0,-1]/S:HOH152:O",7.452063198113414,True,False,False,913.8905639648438,nan,nan,False,False
2VFP_A_TYR417__041__1,2VFP_A_TYR417,41,1,0.081910037,merged_duplicate,1,0.915178677,False,B,0.0,0.7421619892120361,0.40019509196281433,-56.1503;-87.5007,g-/m-,3.8497;2.4993,45.0000;45.0000,True,True,2.3139695012980575,S:HOH392:O,0.8739694440775985,True,4.5262751288577325,"sym10[0,0,-1]/S:HOH152:O",3.0262751288577325,True,True,True,23.15716552734375,nan,nan,False,False
2VFP_A_TYR417__041__2,2VFP_A_TYR417,41,2,0.83326864,B,1,0.915178677,True,B,0.915178677,0.3327450752258301,0.18895554542541504,-63.1286;110.2078,g-/m+,3.1286;20.2078,45.0000;45.0000,True,True,2.9558651008625714,S:HOH391:O,1.0358651437779156,True,4.377149044312351,"sym10[0,0,-1]/S:HOH152:O",2.8771490443123513,True,True,True,18.610157012939453,18.896686553955078,-0.286529541015625,True,True
2VFP_A_TYR417__042__0,2VFP_A_TYR417,42,0,0.052266311,other,0,0.052266311,True,other,0.052266311,1.1618525981903076,0.7855585813522339,-48.3546;80.3031,g-/m+,11.6454;9.6969,45.0000;45.0000,True,True,3.0034243403608385,A:GLN416:CG,1.0034243403608385,True,4.725164711074719,"sym10[0,0,-1]/S:HOH152:O",3.2251647110747186,True,True,True,35.006126403808594,nan,nan,False,False
2VFP_A_TYR417__042__2,2VFP_A_TYR417,42,2,0.91492683,B,1,0.91492683,True,B,0.91492683,0.34470316767692566,0.18005913496017456,-62.8914;109.8896,g-/m+,2.8914;19.8896,45.0000;45.0000,True,True,2.975298471248191,S:HOH391:O,1.0552985141635354,True,4.379274979586536,"sym10[0,0,-1]/S:HOH152:O",2.879274979586536,True,True,True,18.605525970458984,18.896686553955078,-0.29116058349609375,True,True
2VFP_A_TYR417__043__1,2VFP_A_TYR417,43,1,0.88427001,B,0,0.88427001,True,B,0.88427001,0.33634552359580994,0.1833581179380417,-63.5611;-68.9770,g-/m-,3.5611;21.0230,45.0000;45.0000,True,True,2.977669407034227,S:HOH391:O,1.0576694499495711,True,4.3899827145238355,"sym10[0,0,-1]/S:HOH152:O",2.8899827145238355,True,True,True,18.744739532470703,18.896686553955078,-0.151947021484375,True,True
2VFP_A_TYR417__044__0,2VFP_A_TYR417,44,0,0.67424518,B,0,0.67424518,True,B,0.67424518,0.37062984704971313,0.14424268901348114,-62.6079;112.8483,g-/m+,2.6079;22.8483,45.0000;45.0000,True,True,2.998431776200074,S:HOH391:O,1.0784318191154183,True,4.383383770546102,"sym10[0,0,-1]/S:HOH152:O",2.883383770546102,True,True,True,18.68730926513672,18.896686553955078,-0.20937728881835938,True,True
2VFP_A_TYR417__044__3,2VFP_A_TYR417,44,3,0.2377639,A,1,0.2377639,True,A,0.2377639,0.33469530940055847,0.3003154695034027,-63.5786;-80.0076,g-/m-,3.5786;9.9924,45.0000;45.0000,True,True,2.9751428490132676,S:HOH391:O,1.0551428919286119,True,4.394286812269983,"sym10[0,0,-1]/S:HOH152:O",2.894286812269983,True,True,True,17.00149917602539,17.049381256103516,-0.047882080078125,True,True
2VFP_A_TYR417__045__1,2VFP_A_TYR417,45,1,0.81725824,A,0,0.81725824,True,A,0.81725824,0.3220166862010956,0.19420096278190613,-63.8845;-68.1687,g-/m-,3.8845;21.8313,45.0000;45.0000,True,True,2.9512234581061176,S:HOH391:O,1.0312235010214619,True,4.386582189976625,"sym10[0,0,-1]/S:HOH152:O",2.8865821899766253,True,True,True,16.488983154296875,17.049381256103516,-0.5603981018066406,True,True
2VFP_A_TYR417__045__2,2VFP_A_TYR417,45,2,0.10160525,B,1,0.10160525,True,B,0.10160525,0.7622277140617371,0.43713417649269104,-55.9206;-90.1619,g-/m-,4.0794;0.1619,45.0000;45.0000,True,True,2.3096035220358417,S:HOH392:O,0.8696034648153828,True,4.532809646263607,"sym10[0,0,-1]/S:HOH152:O",3.0328096462636074,True,True,True,23.595516204833984,18.896686553955078,4.698829650878906,False,False
2VFP_A_TYR417__046__1,2VFP_A_TYR417,46,1,0.058299571,other,0,0.058299571,True,other,0.058299571,5.954817771911621,6.020471096038818,132.1967;57.6641,t/m+,47.8033;32.3359,45.0000;45.0000,False,False,1.6572841634980153,A:ASP399:OD2,-0.34271583650198467,False,8.952063198113414,"sym10[0,0,-1]/S:HOH152:O",7.452063198113414,True,False,False,911.1149291992188,nan,nan,False,False
2VFP_A_TYR417__046__3,2VFP_A_TYR417,46,3,0.90397006,B,1,0.90397006,True,B,0.90397006,0.342255175113678,0.1818077117204666,-62.9401;109.9584,g-/m+,2.9401;19.9584,45.0000;45.0000,True,True,2.9713113776370745,S:HOH391:O,1.0513114205524188,True,4.378834086125609,"sym10[0,0,-1]/S:HOH152:O",2.878834086125609,True,True,True,18.610191345214844,18.896686553955078,-0.2864952087402344,True,True
2VFP_A_TYR417__047__0,2VFP_A_TYR417,47,0,0.88421881,B,0,0.88421881,True,B,0.88421881,0.342142254114151,0.18176111578941345,-62.9433;109.9838,g-/m+,2.9433;19.9838,45.0000;45.0000,True,True,2.9710323507167686,S:HOH391:O,1.0510323936321129,True,4.378810281362428,"sym10[0,0,-1]/S:HOH152:O",2.878810281362428,True,True,True,18.607521057128906,18.896686553955078,-0.2891654968261719,True,True
2VFP_A_TYR417__048__0,2VFP_A_TYR417,48,0,0.0751734,other,0,0.0751734,True,other,0.0751734,5.959969997406006,6.027684688568115,132.6577;-123.1749,t/m-,47.3423;33.1749,45.0000;45.0000,False,False,1.6863273581824374,A:ASP399:OD2,-0.3136726418175626,False,8.952063198113414,"sym10[0,0,-1]/S:HOH152:O",7.452063198113414,True,False,False,909.8447875976562,nan,nan,False,False
2VFP_A_TYR417__048__3,2VFP_A_TYR417,48,3,0.87261069,B,1,0.87261069,True,B,0.87261069,0.3349483013153076,0.18452738225460052,-63.5888;-68.9488,g-/m-,3.5888;21.0512,45.0000;45.0000,True,True,2.975401351619814,S:HOH391:O,1.0554013945351581,True,4.38970125507416,"sym10[0,0,-1]/S:HOH152:O",2.8897012550741596,True,True,True,18.74807357788086,18.896686553955078,-0.14861297607421875,True,True
2VFP_A_TYR417__049__0,2VFP_A_TYR417,49,0,0.877639,B,0,0.877639,True,B,0.877639,0.33447667956352234,0.18538373708724976,-63.5907;-69.0506,g-/m-,3.5907;20.9494,45.0000;45.0000,True,True,2.975233884319969,S:HOH391:O,1.0552339272353133,True,4.389725088649741,"sym10[0,0,-1]/S:HOH152:O",2.889725088649741,True,True,True,18.74502182006836,18.896686553955078,-0.15166473388671875,True,True
2VFP_A_TYR417__049__2,2VFP_A_TYR417,49,2,0.053565115,other,1,0.053565115,True,other,0.053565115,5.959926128387451,6.027673244476318,132.6692;-123.3133,t/m-,47.3308;33.3133,45.0000;45.0000,False,False,1.6870800911554589,A:ASP399:OD2,-0.31291990884454113,False,8.952063198113414,"sym10[0,0,-1]/S:HOH152:O",7.452063198113414,True,False,False,910.302001953125,nan,nan,False,False
