candidate_id,site,start,conformer,tmol_energy,tmol_A,tmol_B,tmol_environment_assignment,tmol_environment_rule,random_mean,random_min,random_max
7UO8_A_GLN53__000__1,7UO8_A_GLN53,0,1,54.19884490966797,154.7640380859375,157.52487182617188,other,frozen_matched_deposited_minstate_v1,101.88516311645508,50.01780700683594,266.6693420410156
7UO8_A_GLN53__000__3,7UO8_A_GLN53,0,3,113.50186157226562,154.7640380859375,157.52487182617188,A,frozen_matched_deposited_minstate_v1,101.88516311645508,50.01780700683594,266.6693420410156
7UO8_A_GLN53__001__1,7UO8_A_GLN53,1,1,157.61691284179688,154.7640380859375,157.52487182617188,B,frozen_matched_deposited_minstate_v1,101.88516311645508,50.01780700683594,266.6693420410156
7UO8_A_GLN53__001__2,7UO8_A_GLN53,1,2,64.03374481201172,154.7640380859375,157.52487182617188,other,frozen_matched_deposited_minstate_v1,101.88516311645508,50.01780700683594,266.6693420410156
7UO8_A_GLN53__002__1,7UO8_A_GLN53,2,1,157.61691284179688,154.7640380859375,157.52487182617188,B,frozen_matched_deposited_minstate_v1,101.88516311645508,50.01780700683594,266.6693420410156
7UO8_A_GLN53__002__3,7UO8_A_GLN53,2,3,113.4679183959961,154.7640380859375,157.52487182617188,A,frozen_matched_deposited_minstate_v1,101.88516311645508,50.01780700683594,266.6693420410156
7UO8_A_GLN53__003__0,7UO8_A_GLN53,3,0,69.67326354980469,154.7640380859375,157.52487182617188,other,frozen_matched_deposited_minstate_v1,101.88516311645508,50.01780700683594,266.6693420410156
7UO8_A_GLN53__003__1,7UO8_A_GLN53,3,1,54.207496643066406,154.7640380859375,157.52487182617188,other,frozen_matched_deposited_minstate_v1,101.88516311645508,50.01780700683594,266.6693420410156
7UO8_A_GLN53__003__3,7UO8_A_GLN53,3,3,63.94751739501953,154.7640380859375,157.52487182617188,other,frozen_matched_deposited_minstate_v1,101.88516311645508,50.01780700683594,266.6693420410156
7UO8_A_GLN53__004__0,7UO8_A_GLN53,4,0,63.97791290283203,154.7640380859375,157.52487182617188,other,frozen_matched_deposited_minstate_v1,101.88516311645508,50.01780700683594,266.6693420410156
7UO8_A_GLN53__004__2,7UO8_A_GLN53,4,2,157.59530639648438,154.7640380859375,157.52487182617188,B,frozen_matched_deposited_minstate_v1,101.88516311645508,50.01780700683594,266.6693420410156
7UO8_A_GLN53__004__3,7UO8_A_GLN53,4,3,68.89118194580078,154.7640380859375,157.52487182617188,other,frozen_matched_deposited_minstate_v1,101.88516311645508,50.01780700683594,266.6693420410156
7UO8_A_GLN53__005__1,7UO8_A_GLN53,5,1,157.5947265625,154.7640380859375,157.52487182617188,B,frozen_matched_deposited_minstate_v1,101.88516311645508,50.01780700683594,266.6693420410156
7UO8_A_GLN53__005__3,7UO8_A_GLN53,5,3,113.4679183959961,154.7640380859375,157.52487182617188,A,frozen_matched_deposited_minstate_v1,101.88516311645508,50.01780700683594,266.6693420410156
7UO8_A_GLN53__006__0,7UO8_A_GLN53,6,0,113.369873046875,154.7640380859375,157.52487182617188,A,frozen_matched_deposited_minstate_v1,101.88516311645508,50.01780700683594,266.6693420410156
7UO8_A_GLN53__006__1,7UO8_A_GLN53,6,1,157.59530639648438,154.7640380859375,157.52487182617188,B,frozen_matched_deposited_minstate_v1,101.88516311645508,50.01780700683594,266.6693420410156
7UO8_A_GLN53__007__0,7UO8_A_GLN53,7,0,64.04753112792969,154.7640380859375,157.52487182617188,other,frozen_matched_deposited_minstate_v1,101.88516311645508,50.01780700683594,266.6693420410156
7UO8_A_GLN53__007__3,7UO8_A_GLN53,7,3,157.62435913085938,154.7640380859375,157.52487182617188,B,frozen_matched_deposited_minstate_v1,101.88516311645508,50.01780700683594,266.6693420410156
7UO8_A_GLN53__008__0,7UO8_A_GLN53,8,0,74.65249633789062,154.7640380859375,157.52487182617188,other,frozen_matched_deposited_minstate_v1,101.88516311645508,50.01780700683594,266.6693420410156
7UO8_A_GLN53__008__2,7UO8_A_GLN53,8,2,54.20257568359375,154.7640380859375,157.52487182617188,other,frozen_matched_deposited_minstate_v1,101.88516311645508,50.01780700683594,266.6693420410156
7UO8_A_GLN53__008__3,7UO8_A_GLN53,8,3,69.55389404296875,154.7640380859375,157.52487182617188,other,frozen_matched_deposited_minstate_v1,101.88516311645508,50.01780700683594,266.6693420410156
7UO8_A_GLN53__009__0,7UO8_A_GLN53,9,0,68.89089965820312,154.7640380859375,157.52487182617188,other,frozen_matched_deposited_minstate_v1,101.88516311645508,50.01780700683594,266.6693420410156
7UO8_A_GLN53__009__2,7UO8_A_GLN53,9,2,113.33744812011719,154.7640380859375,157.52487182617188,A,frozen_matched_deposited_minstate_v1,101.88516311645508,50.01780700683594,266.6693420410156
7UO8_A_GLN53__009__3,7UO8_A_GLN53,9,3,157.6351318359375,154.7640380859375,157.52487182617188,B,frozen_matched_deposited_minstate_v1,101.88516311645508,50.01780700683594,266.6693420410156
7UO8_A_GLN53__010__2,7UO8_A_GLN53,10,2,157.61691284179688,154.7640380859375,157.52487182617188,B,frozen_matched_deposited_minstate_v1,101.88516311645508,50.01780700683594,266.6693420410156
7UO8_A_GLN53__010__3,7UO8_A_GLN53,10,3,113.44099426269531,154.7640380859375,157.52487182617188,A,frozen_matched_deposited_minstate_v1,101.88516311645508,50.01780700683594,266.6693420410156
7UO8_A_GLN53__011__1,7UO8_A_GLN53,11,1,157.59402465820312,154.7640380859375,157.52487182617188,B,frozen_matched_deposited_minstate_v1,101.88516311645508,50.01780700683594,266.6693420410156
7UO8_A_GLN53__011__3,7UO8_A_GLN53,11,3,113.46941375732422,154.7640380859375,157.52487182617188,A,frozen_matched_deposited_minstate_v1,101.88516311645508,50.01780700683594,266.6693420410156
7UO8_A_GLN53__012__0,7UO8_A_GLN53,12,0,63.87531280517578,154.7640380859375,157.52487182617188,other,frozen_matched_deposited_minstate_v1,101.88516311645508,50.01780700683594,266.6693420410156
7UO8_A_GLN53__012__1,7UO8_A_GLN53,12,1,157.61508178710938,154.7640380859375,157.52487182617188,B,frozen_matched_deposited_minstate_v1,101.88516311645508,50.01780700683594,266.6693420410156
7UO8_A_GLN53__012__2,7UO8_A_GLN53,12,2,79.64524841308594,154.7640380859375,157.52487182617188,other,frozen_matched_deposited_minstate_v1,101.88516311645508,50.01780700683594,266.6693420410156
7UO8_A_GLN53__013__0,7UO8_A_GLN53,13,0,64.05221557617188,154.7640380859375,157.52487182617188,other,frozen_matched_deposited_minstate_v1,101.88516311645508,50.01780700683594,266.6693420410156
7UO8_A_GLN53__013__1,7UO8_A_GLN53,13,1,54.23381805419922,154.7640380859375,157.52487182617188,other,frozen_matched_deposited_minstate_v1,101.88516311645508,50.01780700683594,266.6693420410156
7UO8_A_GLN53__013__2,7UO8_A_GLN53,13,2,52.344173431396484,154.7640380859375,157.52487182617188,other,frozen_matched_deposited_minstate_v1,101.88516311645508,50.01780700683594,266.6693420410156
7UO8_A_GLN53__014__0,7UO8_A_GLN53,14,0,63.736392974853516,154.7640380859375,157.52487182617188,other,frozen_matched_deposited_minstate_v1,101.88516311645508,50.01780700683594,266.6693420410156
7UO8_A_GLN53__014__1,7UO8_A_GLN53,14,1,113.25082397460938,154.7640380859375,157.52487182617188,A,frozen_matched_deposited_minstate_v1,101.88516311645508,50.01780700683594,266.6693420410156
7UO8_A_GLN53__014__2,7UO8_A_GLN53,14,2,64.81184387207031,154.7640380859375,157.52487182617188,other,frozen_matched_deposited_minstate_v1,101.88516311645508,50.01780700683594,266.6693420410156
7UO8_A_GLN53__014__3,7UO8_A_GLN53,14,3,54.19605255126953,154.7640380859375,157.52487182617188,other,frozen_matched_deposited_minstate_v1,101.88516311645508,50.01780700683594,266.6693420410156
7UO8_A_GLN53__015__1,7UO8_A_GLN53,15,1,54.35810852050781,154.7640380859375,157.52487182617188,other,frozen_matched_deposited_minstate_v1,101.88516311645508,50.01780700683594,266.6693420410156
7UO8_A_GLN53__015__2,7UO8_A_GLN53,15,2,64.06232452392578,154.7640380859375,157.52487182617188,other,frozen_matched_deposited_minstate_v1,101.88516311645508,50.01780700683594,266.6693420410156
7UO8_A_GLN53__015__3,7UO8_A_GLN53,15,3,55.50216293334961,154.7640380859375,157.52487182617188,other,frozen_matched_deposited_minstate_v1,101.88516311645508,50.01780700683594,266.6693420410156
7UO8_A_GLN53__016__0,7UO8_A_GLN53,16,0,63.97791290283203,154.7640380859375,157.52487182617188,other,frozen_matched_deposited_minstate_v1,101.88516311645508,50.01780700683594,266.6693420410156
7UO8_A_GLN53__016__1,7UO8_A_GLN53,16,1,68.92378997802734,154.7640380859375,157.52487182617188,other,frozen_matched_deposited_minstate_v1,101.88516311645508,50.01780700683594,266.6693420410156
7UO8_A_GLN53__016__2,7UO8_A_GLN53,16,2,157.61691284179688,154.7640380859375,157.52487182617188,B,frozen_matched_deposited_minstate_v1,101.88516311645508,50.01780700683594,266.6693420410156
7UO8_A_GLN53__017__0,7UO8_A_GLN53,17,0,113.4378433227539,154.7640380859375,157.52487182617188,A,frozen_matched_deposited_minstate_v1,101.88516311645508,50.01780700683594,266.6693420410156
7UO8_A_GLN53__017__1,7UO8_A_GLN53,17,1,157.61630249023438,154.7640380859375,157.52487182617188,B,frozen_matched_deposited_minstate_v1,101.88516311645508,50.01780700683594,266.6693420410156
7UO8_A_GLN53__017__3,7UO8_A_GLN53,17,3,56.14915466308594,154.7640380859375,157.52487182617188,other,frozen_matched_deposited_minstate_v1,101.88516311645508,50.01780700683594,266.6693420410156
7UO8_A_GLN53__018__1,7UO8_A_GLN53,18,1,157.61691284179688,154.7640380859375,157.52487182617188,B,frozen_matched_deposited_minstate_v1,101.88516311645508,50.01780700683594,266.6693420410156
7UO8_A_GLN53__018__2,7UO8_A_GLN53,18,2,64.06542205810547,154.7640380859375,157.52487182617188,other,frozen_matched_deposited_minstate_v1,101.88516311645508,50.01780700683594,266.6693420410156
7UO8_A_GLN53__019__2,7UO8_A_GLN53,19,2,52.071617126464844,154.7640380859375,157.52487182617188,other,frozen_matched_deposited_minstate_v1,101.88516311645508,50.01780700683594,266.6693420410156
7UO8_A_GLN53__019__3,7UO8_A_GLN53,19,3,157.62481689453125,154.7640380859375,157.52487182617188,B,frozen_matched_deposited_minstate_v1,101.88516311645508,50.01780700683594,266.6693420410156
7UO8_A_GLN53__020__0,7UO8_A_GLN53,20,0,157.62255859375,154.7640380859375,157.52487182617188,B,frozen_matched_deposited_minstate_v1,101.88516311645508,50.01780700683594,266.6693420410156
7UO8_A_GLN53__020__1,7UO8_A_GLN53,20,1,113.4679183959961,154.7640380859375,157.52487182617188,A,frozen_matched_deposited_minstate_v1,101.88516311645508,50.01780700683594,266.6693420410156
7UO8_A_GLN53__021__1,7UO8_A_GLN53,21,1,64.03817749023438,154.7640380859375,157.52487182617188,other,frozen_matched_deposited_minstate_v1,101.88516311645508,50.01780700683594,266.6693420410156
7UO8_A_GLN53__021__3,7UO8_A_GLN53,21,3,54.202239990234375,154.7640380859375,157.52487182617188,other,frozen_matched_deposited_minstate_v1,101.88516311645508,50.01780700683594,266.6693420410156
7UO8_A_GLN53__022__1,7UO8_A_GLN53,22,1,157.61691284179688,154.7640380859375,157.52487182617188,B,frozen_matched_deposited_minstate_v1,101.88516311645508,50.01780700683594,266.6693420410156
7UO8_A_GLN53__022__3,7UO8_A_GLN53,22,3,113.43092346191406,154.7640380859375,157.52487182617188,A,frozen_matched_deposited_minstate_v1,101.88516311645508,50.01780700683594,266.6693420410156
7UO8_A_GLN53__023__1,7UO8_A_GLN53,23,1,113.39340209960938,154.7640380859375,157.52487182617188,A,frozen_matched_deposited_minstate_v1,101.88516311645508,50.01780700683594,266.6693420410156
7UO8_A_GLN53__023__2,7UO8_A_GLN53,23,2,157.61691284179688,154.7640380859375,157.52487182617188,B,frozen_matched_deposited_minstate_v1,101.88516311645508,50.01780700683594,266.6693420410156
7UO8_A_GLN53__024__0,7UO8_A_GLN53,24,0,157.61892700195312,154.7640380859375,157.52487182617188,B,frozen_matched_deposited_minstate_v1,101.88516311645508,50.01780700683594,266.6693420410156
7UO8_A_GLN53__024__2,7UO8_A_GLN53,24,2,64.0470199584961,154.7640380859375,157.52487182617188,other,frozen_matched_deposited_minstate_v1,101.88516311645508,50.01780700683594,266.6693420410156
7UO8_A_GLN53__025__2,7UO8_A_GLN53,25,2,157.62684631347656,154.7640380859375,157.52487182617188,B,frozen_matched_deposited_minstate_v1,101.88516311645508,50.01780700683594,266.6693420410156
7UO8_A_GLN53__025__3,7UO8_A_GLN53,25,3,64.05207061767578,154.7640380859375,157.52487182617188,other,frozen_matched_deposited_minstate_v1,101.88516311645508,50.01780700683594,266.6693420410156
7UO8_A_GLN53__026__1,7UO8_A_GLN53,26,1,64.06755065917969,154.7640380859375,157.52487182617188,other,frozen_matched_deposited_minstate_v1,101.88516311645508,50.01780700683594,266.6693420410156
7UO8_A_GLN53__026__3,7UO8_A_GLN53,26,3,54.203208923339844,154.7640380859375,157.52487182617188,other,frozen_matched_deposited_minstate_v1,101.88516311645508,50.01780700683594,266.6693420410156
7UO8_A_GLN53__027__2,7UO8_A_GLN53,27,2,64.06542205810547,154.7640380859375,157.52487182617188,other,frozen_matched_deposited_minstate_v1,101.88516311645508,50.01780700683594,266.6693420410156
7UO8_A_GLN53__027__3,7UO8_A_GLN53,27,3,157.61288452148438,154.7640380859375,157.52487182617188,B,frozen_matched_deposited_minstate_v1,101.88516311645508,50.01780700683594,266.6693420410156
7UO8_A_GLN53__028__1,7UO8_A_GLN53,28,1,63.999000549316406,154.7640380859375,157.52487182617188,other,frozen_matched_deposited_minstate_v1,101.88516311645508,50.01780700683594,266.6693420410156
7UO8_A_GLN53__028__2,7UO8_A_GLN53,28,2,68.88916778564453,154.7640380859375,157.52487182617188,other,frozen_matched_deposited_minstate_v1,101.88516311645508,50.01780700683594,266.6693420410156
7UO8_A_GLN53__028__3,7UO8_A_GLN53,28,3,157.60012817382812,154.7640380859375,157.52487182617188,B,frozen_matched_deposited_minstate_v1,101.88516311645508,50.01780700683594,266.6693420410156
7UO8_A_GLN53__029__1,7UO8_A_GLN53,29,1,113.46941375732422,154.7640380859375,157.52487182617188,A,frozen_matched_deposited_minstate_v1,101.88516311645508,50.01780700683594,266.6693420410156
7UO8_A_GLN53__029__3,7UO8_A_GLN53,29,3,157.5985870361328,154.7640380859375,157.52487182617188,B,frozen_matched_deposited_minstate_v1,101.88516311645508,50.01780700683594,266.6693420410156
7UO8_A_GLN53__030__2,7UO8_A_GLN53,30,2,157.6224365234375,154.7640380859375,157.52487182617188,B,frozen_matched_deposited_minstate_v1,101.88516311645508,50.01780700683594,266.6693420410156
7UO8_A_GLN53__030__3,7UO8_A_GLN53,30,3,64.05097198486328,154.7640380859375,157.52487182617188,other,frozen_matched_deposited_minstate_v1,101.88516311645508,50.01780700683594,266.6693420410156
7UO8_A_GLN53__031__0,7UO8_A_GLN53,31,0,54.194793701171875,154.7640380859375,157.52487182617188,other,frozen_matched_deposited_minstate_v1,101.88516311645508,50.01780700683594,266.6693420410156
7UO8_A_GLN53__031__1,7UO8_A_GLN53,31,1,55.19453811645508,154.7640380859375,157.52487182617188,other,frozen_matched_deposited_minstate_v1,101.88516311645508,50.01780700683594,266.6693420410156
7UO8_A_GLN53__031__3,7UO8_A_GLN53,31,3,64.07764434814453,154.7640380859375,157.52487182617188,other,frozen_matched_deposited_minstate_v1,101.88516311645508,50.01780700683594,266.6693420410156
7UO8_A_GLN53__032__0,7UO8_A_GLN53,32,0,157.59617614746094,154.7640380859375,157.52487182617188,B,frozen_matched_deposited_minstate_v1,101.88516311645508,50.01780700683594,266.6693420410156
7UO8_A_GLN53__032__2,7UO8_A_GLN53,32,2,94.958740234375,154.7640380859375,157.52487182617188,other,frozen_matched_deposited_minstate_v1,101.88516311645508,50.01780700683594,266.6693420410156
7UO8_A_GLN53__032__3,7UO8_A_GLN53,32,3,113.36953735351562,154.7640380859375,157.52487182617188,A,frozen_matched_deposited_minstate_v1,101.88516311645508,50.01780700683594,266.6693420410156
7UO8_A_GLN53__033__2,7UO8_A_GLN53,33,2,157.61691284179688,154.7640380859375,157.52487182617188,B,frozen_matched_deposited_minstate_v1,101.88516311645508,50.01780700683594,266.6693420410156
7UO8_A_GLN53__033__3,7UO8_A_GLN53,33,3,113.43006896972656,154.7640380859375,157.52487182617188,A,frozen_matched_deposited_minstate_v1,101.88516311645508,50.01780700683594,266.6693420410156
7UO8_A_GLN53__034__1,7UO8_A_GLN53,34,1,113.4679183959961,154.7640380859375,157.52487182617188,A,frozen_matched_deposited_minstate_v1,101.88516311645508,50.01780700683594,266.6693420410156
7UO8_A_GLN53__034__3,7UO8_A_GLN53,34,3,157.63882446289062,154.7640380859375,157.52487182617188,B,frozen_matched_deposited_minstate_v1,101.88516311645508,50.01780700683594,266.6693420410156
7UO8_A_GLN53__035__0,7UO8_A_GLN53,35,0,113.4378433227539,154.7640380859375,157.52487182617188,A,frozen_matched_deposited_minstate_v1,101.88516311645508,50.01780700683594,266.6693420410156
7UO8_A_GLN53__035__3,7UO8_A_GLN53,35,3,54.202239990234375,154.7640380859375,157.52487182617188,other,frozen_matched_deposited_minstate_v1,101.88516311645508,50.01780700683594,266.6693420410156
7UO8_A_GLN53__036__0,7UO8_A_GLN53,36,0,54.202239990234375,154.7640380859375,157.52487182617188,other,frozen_matched_deposited_minstate_v1,101.88516311645508,50.01780700683594,266.6693420410156
7UO8_A_GLN53__036__2,7UO8_A_GLN53,36,2,113.47486114501953,154.7640380859375,157.52487182617188,A,frozen_matched_deposited_minstate_v1,101.88516311645508,50.01780700683594,266.6693420410156
7UO8_A_GLN53__037__1,7UO8_A_GLN53,37,1,157.61691284179688,154.7640380859375,157.52487182617188,B,frozen_matched_deposited_minstate_v1,101.88516311645508,50.01780700683594,266.6693420410156
7UO8_A_GLN53__037__2,7UO8_A_GLN53,37,2,113.4679183959961,154.7640380859375,157.52487182617188,A,frozen_matched_deposited_minstate_v1,101.88516311645508,50.01780700683594,266.6693420410156
7UO8_A_GLN53__038__1,7UO8_A_GLN53,38,1,64.06542205810547,154.7640380859375,157.52487182617188,other,frozen_matched_deposited_minstate_v1,101.88516311645508,50.01780700683594,266.6693420410156
7UO8_A_GLN53__038__2,7UO8_A_GLN53,38,2,157.62625122070312,154.7640380859375,157.52487182617188,B,frozen_matched_deposited_minstate_v1,101.88516311645508,50.01780700683594,266.6693420410156
7UO8_A_GLN53__039__1,7UO8_A_GLN53,39,1,54.223209381103516,154.7640380859375,157.52487182617188,other,frozen_matched_deposited_minstate_v1,101.88516311645508,50.01780700683594,266.6693420410156
7UO8_A_GLN53__039__3,7UO8_A_GLN53,39,3,113.4662857055664,154.7640380859375,157.52487182617188,A,frozen_matched_deposited_minstate_v1,101.88516311645508,50.01780700683594,266.6693420410156
7UO8_A_GLN53__040__0,7UO8_A_GLN53,40,0,157.62451171875,154.7640380859375,157.52487182617188,B,frozen_matched_deposited_minstate_v1,101.88516311645508,50.01780700683594,266.6693420410156
7UO8_A_GLN53__040__1,7UO8_A_GLN53,40,1,51.58863830566406,154.7640380859375,157.52487182617188,other,frozen_matched_deposited_minstate_v1,101.88516311645508,50.01780700683594,266.6693420410156
7UO8_A_GLN53__040__2,7UO8_A_GLN53,40,2,94.88525390625,154.7640380859375,157.52487182617188,other,frozen_matched_deposited_minstate_v1,101.88516311645508,50.01780700683594,266.6693420410156
7UO8_A_GLN53__041__1,7UO8_A_GLN53,41,1,157.61691284179688,154.7640380859375,157.52487182617188,B,frozen_matched_deposited_minstate_v1,101.88516311645508,50.01780700683594,266.6693420410156
7UO8_A_GLN53__041__3,7UO8_A_GLN53,41,3,113.43092346191406,154.7640380859375,157.52487182617188,A,frozen_matched_deposited_minstate_v1,101.88516311645508,50.01780700683594,266.6693420410156
7UO8_A_GLN53__042__2,7UO8_A_GLN53,42,2,113.4679183959961,154.7640380859375,157.52487182617188,A,frozen_matched_deposited_minstate_v1,101.88516311645508,50.01780700683594,266.6693420410156
7UO8_A_GLN53__042__3,7UO8_A_GLN53,42,3,157.62428283691406,154.7640380859375,157.52487182617188,B,frozen_matched_deposited_minstate_v1,101.88516311645508,50.01780700683594,266.6693420410156
7UO8_A_GLN53__043__0,7UO8_A_GLN53,43,0,54.20752716064453,154.7640380859375,157.52487182617188,other,frozen_matched_deposited_minstate_v1,101.88516311645508,50.01780700683594,266.6693420410156
7UO8_A_GLN53__043__1,7UO8_A_GLN53,43,1,52.17097091674805,154.7640380859375,157.52487182617188,other,frozen_matched_deposited_minstate_v1,101.88516311645508,50.01780700683594,266.6693420410156
7UO8_A_GLN53__043__3,7UO8_A_GLN53,43,3,62.585731506347656,154.7640380859375,157.52487182617188,other,frozen_matched_deposited_minstate_v1,101.88516311645508,50.01780700683594,266.6693420410156
7UO8_A_GLN53__044__1,7UO8_A_GLN53,44,1,157.60345458984375,154.7640380859375,157.52487182617188,B,frozen_matched_deposited_minstate_v1,101.88516311645508,50.01780700683594,266.6693420410156
7UO8_A_GLN53__044__3,7UO8_A_GLN53,44,3,113.4653091430664,154.7640380859375,157.52487182617188,A,frozen_matched_deposited_minstate_v1,101.88516311645508,50.01780700683594,266.6693420410156
7UO8_A_GLN53__045__0,7UO8_A_GLN53,45,0,68.97039794921875,154.7640380859375,157.52487182617188,other,frozen_matched_deposited_minstate_v1,101.88516311645508,50.01780700683594,266.6693420410156
7UO8_A_GLN53__045__1,7UO8_A_GLN53,45,1,54.22418975830078,154.7640380859375,157.52487182617188,other,frozen_matched_deposited_minstate_v1,101.88516311645508,50.01780700683594,266.6693420410156
7UO8_A_GLN53__045__2,7UO8_A_GLN53,45,2,112.42958068847656,154.7640380859375,157.52487182617188,A,frozen_matched_deposited_minstate_v1,101.88516311645508,50.01780700683594,266.6693420410156
7UO8_A_GLN53__046__0,7UO8_A_GLN53,46,0,63.69252395629883,154.7640380859375,157.52487182617188,other,frozen_matched_deposited_minstate_v1,101.88516311645508,50.01780700683594,266.6693420410156
7UO8_A_GLN53__046__1,7UO8_A_GLN53,46,1,63.980804443359375,154.7640380859375,157.52487182617188,other,frozen_matched_deposited_minstate_v1,101.88516311645508,50.01780700683594,266.6693420410156
7UO8_A_GLN53__046__2,7UO8_A_GLN53,46,2,54.202239990234375,154.7640380859375,157.52487182617188,other,frozen_matched_deposited_minstate_v1,101.88516311645508,50.01780700683594,266.6693420410156
7UO8_A_GLN53__047__1,7UO8_A_GLN53,47,1,57.25748062133789,154.7640380859375,157.52487182617188,other,frozen_matched_deposited_minstate_v1,101.88516311645508,50.01780700683594,266.6693420410156
7UO8_A_GLN53__047__2,7UO8_A_GLN53,47,2,64.16522216796875,154.7640380859375,157.52487182617188,other,frozen_matched_deposited_minstate_v1,101.88516311645508,50.01780700683594,266.6693420410156
7UO8_A_GLN53__047__3,7UO8_A_GLN53,47,3,59.583003997802734,154.7640380859375,157.52487182617188,other,frozen_matched_deposited_minstate_v1,101.88516311645508,50.01780700683594,266.6693420410156
7UO8_A_GLN53__048__1,7UO8_A_GLN53,48,1,54.202239990234375,154.7640380859375,157.52487182617188,other,frozen_matched_deposited_minstate_v1,101.88516311645508,50.01780700683594,266.6693420410156
7UO8_A_GLN53__048__2,7UO8_A_GLN53,48,2,64.00985717773438,154.7640380859375,157.52487182617188,other,frozen_matched_deposited_minstate_v1,101.88516311645508,50.01780700683594,266.6693420410156
7UO8_A_GLN53__049__1,7UO8_A_GLN53,49,1,64.06702423095703,154.7640380859375,157.52487182617188,other,frozen_matched_deposited_minstate_v1,101.88516311645508,50.01780700683594,266.6693420410156
7UO8_A_GLN53__049__2,7UO8_A_GLN53,49,2,157.6060791015625,154.7640380859375,157.52487182617188,B,frozen_matched_deposited_minstate_v1,101.88516311645508,50.01780700683594,266.6693420410156
2VFP_A_TYR417__000__0,2VFP_A_TYR417,0,0,908.2630004882812,17.049381256103516,18.896686553955078,other,frozen_matched_deposited_minstate_v1,1893.9368175506593,20.260753631591797,2347.26708984375
2VFP_A_TYR417__001__3,2VFP_A_TYR417,1,3,18.746540069580078,17.049381256103516,18.896686553955078,B,frozen_matched_deposited_minstate_v1,1893.9368175506593,20.260753631591797,2347.26708984375
2VFP_A_TYR417__002__0,2VFP_A_TYR417,2,0,910.3951416015625,17.049381256103516,18.896686553955078,other,frozen_matched_deposited_minstate_v1,1893.9368175506593,20.260753631591797,2347.26708984375
2VFP_A_TYR417__002__1,2VFP_A_TYR417,2,1,18.614654541015625,17.049381256103516,18.896686553955078,B,frozen_matched_deposited_minstate_v1,1893.9368175506593,20.260753631591797,2347.26708984375
2VFP_A_TYR417__002__3,2VFP_A_TYR417,2,3,23.259197235107422,17.049381256103516,18.896686553955078,other,frozen_matched_deposited_minstate_v1,1893.9368175506593,20.260753631591797,2347.26708984375
2VFP_A_TYR417__003__0,2VFP_A_TYR417,3,0,18.74657440185547,17.049381256103516,18.896686553955078,B,frozen_matched_deposited_minstate_v1,1893.9368175506593,20.260753631591797,2347.26708984375
2VFP_A_TYR417__003__2,2VFP_A_TYR417,3,2,17.019012451171875,17.049381256103516,18.896686553955078,A,frozen_matched_deposited_minstate_v1,1893.9368175506593,20.260753631591797,2347.26708984375
2VFP_A_TYR417__004__0,2VFP_A_TYR417,4,0,18.679882049560547,17.049381256103516,18.896686553955078,B,frozen_matched_deposited_minstate_v1,1893.9368175506593,20.260753631591797,2347.26708984375
2VFP_A_TYR417__004__1,2VFP_A_TYR417,4,1,17.019573211669922,17.049381256103516,18.896686553955078,A,frozen_matched_deposited_minstate_v1,1893.9368175506593,20.260753631591797,2347.26708984375
2VFP_A_TYR417__005__0,2VFP_A_TYR417,5,0,910.302001953125,17.049381256103516,18.896686553955078,other,frozen_matched_deposited_minstate_v1,1893.9368175506593,20.260753631591797,2347.26708984375
2VFP_A_TYR417__005__1,2VFP_A_TYR417,5,1,23.918636322021484,17.049381256103516,18.896686553955078,other,frozen_matched_deposited_minstate_v1,1893.9368175506593,20.260753631591797,2347.26708984375
2VFP_A_TYR417__005__3,2VFP_A_TYR417,5,3,18.772968292236328,17.049381256103516,18.896686553955078,B,frozen_matched_deposited_minstate_v1,1893.9368175506593,20.260753631591797,2347.26708984375
2VFP_A_TYR417__006__0,2VFP_A_TYR417,6,0,18.614356994628906,17.049381256103516,18.896686553955078,B,frozen_matched_deposited_minstate_v1,1893.9368175506593,20.260753631591797,2347.26708984375
2VFP_A_TYR417__006__1,2VFP_A_TYR417,6,1,23.060874938964844,17.049381256103516,18.896686553955078,other,frozen_matched_deposited_minstate_v1,1893.9368175506593,20.260753631591797,2347.26708984375
2VFP_A_TYR417__006__2,2VFP_A_TYR417,6,2,915.4744262695312,17.049381256103516,18.896686553955078,other,frozen_matched_deposited_minstate_v1,1893.9368175506593,20.260753631591797,2347.26708984375
2VFP_A_TYR417__007__0,2VFP_A_TYR417,7,0,998.0982055664062,17.049381256103516,18.896686553955078,other,frozen_matched_deposited_minstate_v1,1893.9368175506593,20.260753631591797,2347.26708984375
2VFP_A_TYR417__007__2,2VFP_A_TYR417,7,2,915.2997436523438,17.049381256103516,18.896686553955078,other,frozen_matched_deposited_minstate_v1,1893.9368175506593,20.260753631591797,2347.26708984375
2VFP_A_TYR417__007__3,2VFP_A_TYR417,7,3,909.8505249023438,17.049381256103516,18.896686553955078,other,frozen_matched_deposited_minstate_v1,1893.9368175506593,20.260753631591797,2347.26708984375
2VFP_A_TYR417__008__0,2VFP_A_TYR417,8,0,922.0321044921875,17.049381256103516,18.896686553955078,other,frozen_matched_deposited_minstate_v1,1893.9368175506593,20.260753631591797,2347.26708984375
2VFP_A_TYR417__008__1,2VFP_A_TYR417,8,1,997.7860717773438,17.049381256103516,18.896686553955078,other,frozen_matched_deposited_minstate_v1,1893.9368175506593,20.260753631591797,2347.26708984375
2VFP_A_TYR417__008__2,2VFP_A_TYR417,8,2,915.1370239257812,17.049381256103516,18.896686553955078,other,frozen_matched_deposited_minstate_v1,1893.9368175506593,20.260753631591797,2347.26708984375
2VFP_A_TYR417__009__1,2VFP_A_TYR417,9,1,18.745952606201172,17.049381256103516,18.896686553955078,B,frozen_matched_deposited_minstate_v1,1893.9368175506593,20.260753631591797,2347.26708984375
2VFP_A_TYR417__009__3,2VFP_A_TYR417,9,3,915.5051879882812,17.049381256103516,18.896686553955078,other,frozen_matched_deposited_minstate_v1,1893.9368175506593,20.260753631591797,2347.26708984375
2VFP_A_TYR417__010__1,2VFP_A_TYR417,10,1,18.747234344482422,17.049381256103516,18.896686553955078,B,frozen_matched_deposited_minstate_v1,1893.9368175506593,20.260753631591797,2347.26708984375
2VFP_A_TYR417__011__0,2VFP_A_TYR417,11,0,978.2932739257812,17.049381256103516,18.896686553955078,other,frozen_matched_deposited_minstate_v1,1893.9368175506593,20.260753631591797,2347.26708984375
2VFP_A_TYR417__011__1,2VFP_A_TYR417,11,1,908.3716430664062,17.049381256103516,18.896686553955078,other,frozen_matched_deposited_minstate_v1,1893.9368175506593,20.260753631591797,2347.26708984375
2VFP_A_TYR417__011__2,2VFP_A_TYR417,11,2,915.0313110351562,17.049381256103516,18.896686553955078,other,frozen_matched_deposited_minstate_v1,1893.9368175506593,20.260753631591797,2347.26708984375
2VFP_A_TYR417__011__3,2VFP_A_TYR417,11,3,909.9834594726562,17.049381256103516,18.896686553955078,other,frozen_matched_deposited_minstate_v1,1893.9368175506593,20.260753631591797,2347.26708984375
2VFP_A_TYR417__012__3,2VFP_A_TYR417,12,3,18.607112884521484,17.049381256103516,18.896686553955078,B,frozen_matched_deposited_minstate_v1,1893.9368175506593,20.260753631591797,2347.26708984375
2VFP_A_TYR417__013__1,2VFP_A_TYR417,13,1,18.798721313476562,17.049381256103516,18.896686553955078,B,frozen_matched_deposited_minstate_v1,1893.9368175506593,20.260753631591797,2347.26708984375
2VFP_A_TYR417__013__3,2VFP_A_TYR417,13,3,16.576446533203125,17.049381256103516,18.896686553955078,A,frozen_matched_deposited_minstate_v1,1893.9368175506593,20.260753631591797,2347.26708984375
2VFP_A_TYR417__014__0,2VFP_A_TYR417,14,0,18.729496002197266,17.049381256103516,18.896686553955078,B,frozen_matched_deposited_minstate_v1,1893.9368175506593,20.260753631591797,2347.26708984375
2VFP_A_TYR417__015__2,2VFP_A_TYR417,15,2,18.747737884521484,17.049381256103516,18.896686553955078,B,frozen_matched_deposited_minstate_v1,1893.9368175506593,20.260753631591797,2347.26708984375
2VFP_A_TYR417__016__0,2VFP_A_TYR417,16,0,30.769622802734375,17.049381256103516,18.896686553955078,other,frozen_matched_deposited_minstate_v1,1893.9368175506593,20.260753631591797,2347.26708984375
2VFP_A_TYR417__016__2,2VFP_A_TYR417,16,2,18.612163543701172,17.049381256103516,18.896686553955078,B,frozen_matched_deposited_minstate_v1,1893.9368175506593,20.260753631591797,2347.26708984375
2VFP_A_TYR417__017__0,2VFP_A_TYR417,17,0,18.717273712158203,17.049381256103516,18.896686553955078,B,frozen_matched_deposited_minstate_v1,1893.9368175506593,20.260753631591797,2347.26708984375
2VFP_A_TYR417__017__3,2VFP_A_TYR417,17,3,16.753250122070312,17.049381256103516,18.896686553955078,A,frozen_matched_deposited_minstate_v1,1893.9368175506593,20.260753631591797,2347.26708984375
2VFP_A_TYR417__018__0,2VFP_A_TYR417,18,0,23.259994506835938,17.049381256103516,18.896686553955078,other,frozen_matched_deposited_minstate_v1,1893.9368175506593,20.260753631591797,2347.26708984375
2VFP_A_TYR417__018__1,2VFP_A_TYR417,18,1,18.61492156982422,17.049381256103516,18.896686553955078,B,frozen_matched_deposited_minstate_v1,1893.9368175506593,20.260753631591797,2347.26708984375
2VFP_A_TYR417__019__1,2VFP_A_TYR417,19,1,18.747234344482422,17.049381256103516,18.896686553955078,B,frozen_matched_deposited_minstate_v1,1893.9368175506593,20.260753631591797,2347.26708984375
2VFP_A_TYR417__019__3,2VFP_A_TYR417,19,3,816.0137939453125,17.049381256103516,18.896686553955078,other,frozen_matched_deposited_minstate_v1,1893.9368175506593,20.260753631591797,2347.26708984375
2VFP_A_TYR417__020__1,2VFP_A_TYR417,20,1,18.607017517089844,17.049381256103516,18.896686553955078,B,frozen_matched_deposited_minstate_v1,1893.9368175506593,20.260753631591797,2347.26708984375
2VFP_A_TYR417__020__2,2VFP_A_TYR417,20,2,910.302001953125,17.049381256103516,18.896686553955078,other,frozen_matched_deposited_minstate_v1,1893.9368175506593,20.260753631591797,2347.26708984375
2VFP_A_TYR417__021__1,2VFP_A_TYR417,21,1,20.146785736083984,17.049381256103516,18.896686553955078,B,frozen_matched_deposited_minstate_v1,1893.9368175506593,20.260753631591797,2347.26708984375
2VFP_A_TYR417__021__3,2VFP_A_TYR417,21,3,16.491817474365234,17.049381256103516,18.896686553955078,A,frozen_matched_deposited_minstate_v1,1893.9368175506593,20.260753631591797,2347.26708984375
2VFP_A_TYR417__022__2,2VFP_A_TYR417,22,2,18.745948791503906,17.049381256103516,18.896686553955078,B,frozen_matched_deposited_minstate_v1,1893.9368175506593,20.260753631591797,2347.26708984375
2VFP_A_TYR417__023__2,2VFP_A_TYR417,23,2,18.820415496826172,17.049381256103516,18.896686553955078,B,frozen_matched_deposited_minstate_v1,1893.9368175506593,20.260753631591797,2347.26708984375
2VFP_A_TYR417__024__0,2VFP_A_TYR417,24,0,18.610191345214844,17.049381256103516,18.896686553955078,B,frozen_matched_deposited_minstate_v1,1893.9368175506593,20.260753631591797,2347.26708984375
2VFP_A_TYR417__024__1,2VFP_A_TYR417,24,1,917.3369750976562,17.049381256103516,18.896686553955078,other,frozen_matched_deposited_minstate_v1,1893.9368175506593,20.260753631591797,2347.26708984375
2VFP_A_TYR417__025__0,2VFP_A_TYR417,25,0,17.460857391357422,17.049381256103516,18.896686553955078,A,frozen_matched_deposited_minstate_v1,1893.9368175506593,20.260753631591797,2347.26708984375
2VFP_A_TYR417__025__1,2VFP_A_TYR417,25,1,23.628673553466797,17.049381256103516,18.896686553955078,other,frozen_matched_deposited_minstate_v1,1893.9368175506593,20.260753631591797,2347.26708984375
2VFP_A_TYR417__025__2,2VFP_A_TYR417,25,2,18.642471313476562,17.049381256103516,18.896686553955078,B,frozen_matched_deposited_minstate_v1,1893.9368175506593,20.260753631591797,2347.26708984375
2VFP_A_TYR417__026__0,2VFP_A_TYR417,26,0,923.7081298828125,17.049381256103516,18.896686553955078,other,frozen_matched_deposited_minstate_v1,1893.9368175506593,20.260753631591797,2347.26708984375
2VFP_A_TYR417__026__2,2VFP_A_TYR417,26,2,16.488983154296875,17.049381256103516,18.896686553955078,A,frozen_matched_deposited_minstate_v1,1893.9368175506593,20.260753631591797,2347.26708984375
2VFP_A_TYR417__026__3,2VFP_A_TYR417,26,3,23.63824462890625,17.049381256103516,18.896686553955078,B,frozen_matched_deposited_minstate_v1,1893.9368175506593,20.260753631591797,2347.26708984375
2VFP_A_TYR417__027__0,2VFP_A_TYR417,27,0,18.61029052734375,17.049381256103516,18.896686553955078,B,frozen_matched_deposited_minstate_v1,1893.9368175506593,20.260753631591797,2347.26708984375
2VFP_A_TYR417__027__1,2VFP_A_TYR417,27,1,930.0592041015625,17.049381256103516,18.896686553955078,other,frozen_matched_deposited_minstate_v1,1893.9368175506593,20.260753631591797,2347.26708984375
2VFP_A_TYR417__028__1,2VFP_A_TYR417,28,1,910.48876953125,17.049381256103516,18.896686553955078,other,frozen_matched_deposited_minstate_v1,1893.9368175506593,20.260753631591797,2347.26708984375
2VFP_A_TYR417__028__3,2VFP_A_TYR417,28,3,18.749217987060547,17.049381256103516,18.896686553955078,B,frozen_matched_deposited_minstate_v1,1893.9368175506593,20.260753631591797,2347.26708984375
2VFP_A_TYR417__029__0,2VFP_A_TYR417,29,0,18.74405288696289,17.049381256103516,18.896686553955078,B,frozen_matched_deposited_minstate_v1,1893.9368175506593,20.260753631591797,2347.26708984375
2VFP_A_TYR417__030__0,2VFP_A_TYR417,30,0,23.70819854736328,17.049381256103516,18.896686553955078,B,frozen_matched_deposited_minstate_v1,1893.9368175506593,20.260753631591797,2347.26708984375
2VFP_A_TYR417__030__3,2VFP_A_TYR417,30,3,16.489124298095703,17.049381256103516,18.896686553955078,A,frozen_matched_deposited_minstate_v1,1893.9368175506593,20.260753631591797,2347.26708984375
2VFP_A_TYR417__031__1,2VFP_A_TYR417,31,1,18.75020980834961,17.049381256103516,18.896686553955078,B,frozen_matched_deposited_minstate_v1,1893.9368175506593,20.260753631591797,2347.26708984375
2VFP_A_TYR417__031__3,2VFP_A_TYR417,31,3,915.5078735351562,17.049381256103516,18.896686553955078,other,frozen_matched_deposited_minstate_v1,1893.9368175506593,20.260753631591797,2347.26708984375
2VFP_A_TYR417__032__0,2VFP_A_TYR417,32,0,18.687061309814453,17.049381256103516,18.896686553955078,B,frozen_matched_deposited_minstate_v1,1893.9368175506593,20.260753631591797,2347.26708984375
2VFP_A_TYR417__032__1,2VFP_A_TYR417,32,1,17.009075164794922,17.049381256103516,18.896686553955078,A,frozen_matched_deposited_minstate_v1,1893.9368175506593,20.260753631591797,2347.26708984375
2VFP_A_TYR417__033__0,2VFP_A_TYR417,33,0,30.65756607055664,17.049381256103516,18.896686553955078,other,frozen_matched_deposited_minstate_v1,1893.9368175506593,20.260753631591797,2347.26708984375
2VFP_A_TYR417__033__2,2VFP_A_TYR417,33,2,16.33120346069336,17.049381256103516,18.896686553955078,A,frozen_matched_deposited_minstate_v1,1893.9368175506593,20.260753631591797,2347.26708984375
2VFP_A_TYR417__033__3,2VFP_A_TYR417,33,3,46.49126434326172,17.049381256103516,18.896686553955078,B,frozen_matched_deposited_minstate_v1,1893.9368175506593,20.260753631591797,2347.26708984375
2VFP_A_TYR417__034__0,2VFP_A_TYR417,34,0,23.17633819580078,17.049381256103516,18.896686553955078,other,frozen_matched_deposited_minstate_v1,1893.9368175506593,20.260753631591797,2347.26708984375
2VFP_A_TYR417__034__1,2VFP_A_TYR417,34,1,18.610157012939453,17.049381256103516,18.896686553955078,B,frozen_matched_deposited_minstate_v1,1893.9368175506593,20.260753631591797,2347.26708984375
2VFP_A_TYR417__034__3,2VFP_A_TYR417,34,3,915.2998046875,17.049381256103516,18.896686553955078,other,frozen_matched_deposited_minstate_v1,1893.9368175506593,20.260753631591797,2347.26708984375
2VFP_A_TYR417__035__1,2VFP_A_TYR417,35,1,18.749217987060547,17.049381256103516,18.896686553955078,B,frozen_matched_deposited_minstate_v1,1893.9368175506593,20.260753631591797,2347.26708984375
2VFP_A_TYR417__035__3,2VFP_A_TYR417,35,3,910.6856689453125,17.049381256103516,18.896686553955078,other,frozen_matched_deposited_minstate_v1,1893.9368175506593,20.260753631591797,2347.26708984375
2VFP_A_TYR417__036__0,2VFP_A_TYR417,36,0,909.3296508789062,17.049381256103516,18.896686553955078,other,frozen_matched_deposited_minstate_v1,1893.9368175506593,20.260753631591797,2347.26708984375
2VFP_A_TYR417__036__2,2VFP_A_TYR417,36,2,16.489185333251953,17.049381256103516,18.896686553955078,A,frozen_matched_deposited_minstate_v1,1893.9368175506593,20.260753631591797,2347.26708984375
2VFP_A_TYR417__036__3,2VFP_A_TYR417,36,3,23.502792358398438,17.049381256103516,18.896686553955078,B,frozen_matched_deposited_minstate_v1,1893.9368175506593,20.260753631591797,2347.26708984375
2VFP_A_TYR417__037__1,2VFP_A_TYR417,37,1,18.61194610595703,17.049381256103516,18.896686553955078,B,frozen_matched_deposited_minstate_v1,1893.9368175506593,20.260753631591797,2347.26708984375
2VFP_A_TYR417__037__2,2VFP_A_TYR417,37,2,910.302001953125,17.049381256103516,18.896686553955078,other,frozen_matched_deposited_minstate_v1,1893.9368175506593,20.260753631591797,2347.26708984375
2VFP_A_TYR417__038__0,2VFP_A_TYR417,38,0,16.930789947509766,17.049381256103516,18.896686553955078,A,frozen_matched_deposited_minstate_v1,1893.9368175506593,20.260753631591797,2347.26708984375
2VFP_A_TYR417__038__3,2VFP_A_TYR417,38,3,18.693218231201172,17.049381256103516,18.896686553955078,B,frozen_matched_deposited_minstate_v1,1893.9368175506593,20.260753631591797,2347.26708984375
2VFP_A_TYR417__039__2,2VFP_A_TYR417,39,2,913.1170043945312,17.049381256103516,18.896686553955078,other,frozen_matched_deposited_minstate_v1,1893.9368175506593,20.260753631591797,2347.26708984375
2VFP_A_TYR417__040__0,2VFP_A_TYR417,40,0,18.747234344482422,17.049381256103516,18.896686553955078,B,frozen_matched_deposited_minstate_v1,1893.9368175506593,20.260753631591797,2347.26708984375
2VFP_A_TYR417__040__1,2VFP_A_TYR417,40,1,910.3544921875,17.049381256103516,18.896686553955078,other,frozen_matched_deposited_minstate_v1,1893.9368175506593,20.260753631591797,2347.26708984375
2VFP_A_TYR417__041__0,2VFP_A_TYR417,41,0,913.8905639648438,17.049381256103516,18.896686553955078,other,frozen_matched_deposited_minstate_v1,1893.9368175506593,20.260753631591797,2347.26708984375
2VFP_A_TYR417__041__1,2VFP_A_TYR417,41,1,23.15716552734375,17.049381256103516,18.896686553955078,other,frozen_matched_deposited_minstate_v1,1893.9368175506593,20.260753631591797,2347.26708984375
2VFP_A_TYR417__041__2,2VFP_A_TYR417,41,2,18.610157012939453,17.049381256103516,18.896686553955078,B,frozen_matched_deposited_minstate_v1,1893.9368175506593,20.260753631591797,2347.26708984375
2VFP_A_TYR417__042__0,2VFP_A_TYR417,42,0,35.006126403808594,17.049381256103516,18.896686553955078,other,frozen_matched_deposited_minstate_v1,1893.9368175506593,20.260753631591797,2347.26708984375
2VFP_A_TYR417__042__2,2VFP_A_TYR417,42,2,18.605525970458984,17.049381256103516,18.896686553955078,B,frozen_matched_deposited_minstate_v1,1893.9368175506593,20.260753631591797,2347.26708984375
2VFP_A_TYR417__043__1,2VFP_A_TYR417,43,1,18.744739532470703,17.049381256103516,18.896686553955078,B,frozen_matched_deposited_minstate_v1,1893.9368175506593,20.260753631591797,2347.26708984375
2VFP_A_TYR417__044__0,2VFP_A_TYR417,44,0,18.68730926513672,17.049381256103516,18.896686553955078,B,frozen_matched_deposited_minstate_v1,1893.9368175506593,20.260753631591797,2347.26708984375
2VFP_A_TYR417__044__3,2VFP_A_TYR417,44,3,17.00149917602539,17.049381256103516,18.896686553955078,A,frozen_matched_deposited_minstate_v1,1893.9368175506593,20.260753631591797,2347.26708984375
2VFP_A_TYR417__045__1,2VFP_A_TYR417,45,1,16.488983154296875,17.049381256103516,18.896686553955078,A,frozen_matched_deposited_minstate_v1,1893.9368175506593,20.260753631591797,2347.26708984375
2VFP_A_TYR417__045__2,2VFP_A_TYR417,45,2,23.595516204833984,17.049381256103516,18.896686553955078,B,frozen_matched_deposited_minstate_v1,1893.9368175506593,20.260753631591797,2347.26708984375
2VFP_A_TYR417__046__1,2VFP_A_TYR417,46,1,911.1149291992188,17.049381256103516,18.896686553955078,other,frozen_matched_deposited_minstate_v1,1893.9368175506593,20.260753631591797,2347.26708984375
2VFP_A_TYR417__046__3,2VFP_A_TYR417,46,3,18.610191345214844,17.049381256103516,18.896686553955078,B,frozen_matched_deposited_minstate_v1,1893.9368175506593,20.260753631591797,2347.26708984375
2VFP_A_TYR417__047__0,2VFP_A_TYR417,47,0,18.607521057128906,17.049381256103516,18.896686553955078,B,frozen_matched_deposited_minstate_v1,1893.9368175506593,20.260753631591797,2347.26708984375
2VFP_A_TYR417__048__0,2VFP_A_TYR417,48,0,909.8447875976562,17.049381256103516,18.896686553955078,other,frozen_matched_deposited_minstate_v1,1893.9368175506593,20.260753631591797,2347.26708984375
2VFP_A_TYR417__048__3,2VFP_A_TYR417,48,3,18.74807357788086,17.049381256103516,18.896686553955078,B,frozen_matched_deposited_minstate_v1,1893.9368175506593,20.260753631591797,2347.26708984375
2VFP_A_TYR417__049__0,2VFP_A_TYR417,49,0,18.74502182006836,17.049381256103516,18.896686553955078,B,frozen_matched_deposited_minstate_v1,1893.9368175506593,20.260753631591797,2347.26708984375
2VFP_A_TYR417__049__2,2VFP_A_TYR417,49,2,910.302001953125,17.049381256103516,18.896686553955078,other,frozen_matched_deposited_minstate_v1,1893.9368175506593,20.260753631591797,2347.26708984375
