site,start,n_steps,lr,init,langevin_noise,final_loss,best_loss,final_rmsd_to_A,final_rmsd_to_B,best_rmsd_to_B,first_step_below_0_50,final_chi_radians
B_MET112,0,1000,0.001,random,0.0,0.564254641532898,0.564254641532898,0.7062917351722717,0.8865659236907959,0.8068063259124756,,-0.16827001;-0.65591991;-0.46814817
B_MET112,1,1000,0.001,random,0.0,0.0038747056387364864,0.0038747056387364864,0.995912492275238,0.025467118248343468,0.025467118248343468,257,0.072236702;-0.3437286;1.9356437
B_MET112,2,1000,0.001,random,0.0,1.2127296924591064,1.2127296924591064,1.2160552740097046,1.64348566532135,1.64348566532135,,-0.062124215;1.4814554;-0.34088668
B_MET112,3,1000,0.001,random,0.0,0.5662146806716919,0.5662146806716919,0.8905624747276306,1.0029603242874146,1.0029603242874146,,0.053740714;-0.30388817;-1.4973215
B_MET112,4,1000,0.001,random,0.0,0.15441176295280457,0.15441176295280457,0.924534261226654,0.1718028485774994,0.1718028485774994,671,0.187984;-0.41868591;1.4844949
B_MET112,5,1000,0.001,random,0.0,0.6909903287887573,0.6909903287887573,0.16330383718013763,0.9410722255706787,0.9410722255706787,,0.25748995;0.0098033333;-0.29396406
B_MET112,6,1000,0.001,random,0.0,1.141560673713684,1.141558289527893,1.7335655689239502,1.4680637121200562,1.3188813924789429,,0.011853044;-2.4105785;-2.9648471
B_MET112,7,1000,0.001,random,0.0,0.00065652682678774,0.00065652682678774,1.007429838180542,0.010545015335083008,0.010545015335083008,0,0.020506339;-0.35319191;2.0487053
B_MET112,8,1000,0.001,random,0.0,1.1605210304260254,1.1605210304260254,1.0970909595489502,0.8789746165275574,0.8789746165275574,,1.9410248;0.40012032;-0.97682899
B_MET112,9,1000,0.001,random,0.0,1.5974583625793457,1.5974583625793457,1.5806148052215576,2.301070213317871,1.802788257598877,,-1.6228472;1.0097338;0.67446679
B_MET112,10,1000,0.001,random,0.0,0.7582814693450928,0.7582814693450928,1.0207308530807495,0.4634608030319214,0.4634608030319214,879,1.1225053;0.24934;0.36034316
B_MET112,11,1000,0.001,random,0.0,0.02338067628443241,0.02338067628443241,0.9796247482299805,0.06410141289234161,0.06410141289234161,246,0.10066407;-0.37716517;1.804924
B_MET112,12,1000,0.001,random,0.0,1.1390931606292725,1.1390931606292725,1.7152559757232666,1.5166077613830566,1.3477997779846191,,0.12458494;2.2920771;0.26520535
B_MET112,13,1000,0.001,random,0.0,0.5551378130912781,0.5551378130912781,0.8343032598495483,0.9721022248268127,0.9441521167755127,,-0.082262129;-0.49030343;-1.0560865
B_MET112,14,1000,0.001,random,0.0,0.6082011461257935,0.6082011461257935,0.8174029588699341,0.8585835099220276,0.781150221824646,,-0.28008324;-0.76632965;-0.58373719
B_MET112,15,1000,0.001,random,0.0,1.6041436195373535,1.6041436195373535,1.8256635665893555,2.2471911907196045,1.7373902797698975,,-2.5238166;0.65982443;0.87649792
B_MET112,16,1000,0.001,random,0.0,0.045838795602321625,0.045838795602321625,1.0212229490280151,0.08789650350809097,0.08789650350809097,248,-0.087001897;-0.34009394;2.3119538
B_MET112,17,1000,0.001,random,0.0,1.187859058380127,1.187859058380127,1.2566297054290771,1.5241472721099854,1.5241472721099854,,0.06768544;1.4963801;-0.089075848
B_MET112,18,1000,0.001,random,0.0,0.577600359916687,0.577600359916687,0.7672802805900574,0.8948500752449036,0.8451739549636841,,-0.20787126;-0.67057306;-0.60713643
B_MET112,19,1000,0.001,random,0.0,1.3605929613113403,1.3605929613113403,2.080714702606201,2.6918325424194336,2.2852518558502197,,-2.4014561;2.6725307;1.1778213
B_MET112,20,1000,0.001,random,0.0,0.17770038545131683,0.17770038545131683,0.9689168334007263,0.17681744694709778,0.17681744694709778,122,0.42563683;0.075477153;1.6026939
B_MET112,21,1000,0.001,random,0.0,0.7641955614089966,0.7641955614089966,0.8286510705947876,0.7613989114761353,0.7613989114761353,,0.33356133;0.40039834;-2.8427386
B_MET112,22,1000,0.001,random,0.0,1.155447006225586,1.155447006225586,1.5255753993988037,0.8776221871376038,0.8776221871376038,,0.10743797;-1.9741873;0.74263984
B_MET112,23,1000,0.001,random,0.0,1.1851599216461182,1.1851599216461182,1.1080244779586792,1.4897454977035522,1.4897454977035522,,0.13900438;1.3582994;-0.39231625
B_MET112,24,1000,0.001,random,0.0,0.0011197448475286365,0.0011197448475286365,1.0053141117095947,0.014450248330831528,0.014450248330831528,426,0.030117592;-0.38310298;1.9888113
B_MET112,25,1000,0.001,random,0.0,0.12650007009506226,0.12650007009506226,0.9680643081665039,0.1487714797258377,0.1487714797258377,211,0.31863478;0.0028859461;1.7683325
B_MET112,26,1000,0.001,random,0.0,0.5603998899459839,0.5603998899459839,1.1087191104888916,0.6320201754570007,0.6320201754570007,,0.07453569;-0.1337897;-2.9119687
B_MET112,27,1000,0.001,random,0.0,1.3904030323028564,1.3904030323028564,2.143397569656372,2.6835520267486572,2.37105655670166,,-2.3567643;2.1955492;0.60761565
B_MET112,28,1000,0.001,random,0.0,1.4958720207214355,1.4958720207214355,2.1673595905303955,2.5028979778289795,2.0363564491271973,,-2.4993944;1.5027801;0.058505632
B_MET112,29,1000,0.001,random,0.0,0.0011937941890209913,0.0011937941890209913,1.0001239776611328,0.01426731888204813,0.01426731888204813,0,0.050893024;-0.35951257;1.9660566
B_MET112,30,1000,0.001,random,0.0,0.14352506399154663,0.14352506399154663,0.9539429545402527,0.15674316883087158,0.15674316883087158,298,0.35622287;-0.086575426;1.5762304
B_MET112,31,1000,0.001,random,0.0,0.6773295998573303,0.6773295998573303,1.0799665451049805,0.7330933213233948,0.6640803813934326,,-0.32849491;-0.44502687;-2.0494566
B_MET112,32,1000,0.001,random,0.0,0.05827417969703674,0.05827417969703674,0.9605100750923157,0.10022550076246262,0.10022550076246262,0,0.18340705;-0.2915892;1.7065369
B_MET112,33,1000,0.001,random,0.0,0.666609525680542,0.666609525680542,0.8580918312072754,0.6559082269668579,0.6270763874053955,,-0.39916649;-1.1431684;0.064643569
B_MET112,34,1000,0.001,random,0.0,1.6044931411743164,1.6044931411743164,1.5286953449249268,2.2631075382232666,1.6368653774261475,,-1.5569463;0.96012312;0.63788021
B_MET112,35,1000,0.001,random,0.0,0.12174978107213974,0.12174978107213974,0.940544605255127,0.14474382996559143,0.14474382996559143,557,0.29432333;-0.15234187;1.5944556
B_MET112,36,1000,0.001,random,0.0,1.3855427503585815,1.3855427503585815,2.141188859939575,2.6729588508605957,2.2804715633392334,,-2.3264415;2.2655997;0.45871875
B_MET112,37,1000,0.001,random,0.0,0.7349321842193604,0.7349321842193604,0.3718302249908447,0.7415314316749573,0.576708972454071,,0.40495011;0.07533209;0.14784758
B_MET112,38,1000,0.001,random,0.0,0.6186652779579163,0.6186652779579163,0.7781548500061035,0.7315968871116638,0.6805856227874756,,-0.31697834;-0.95469385;-0.082650952
B_MET112,39,1000,0.001,random,0.0,0.2526487112045288,0.2526487112045288,1.0042481422424316,0.21962107717990875,0.21962107717990875,283,0.58081907;0.17797647;1.4270506
B_MET112,40,1000,0.001,random,0.0,0.5574954748153687,0.5574954748153687,0.8678733110427856,0.9666745066642761,0.8764864206314087,,-0.095993631;-0.5010342;-1.1229087
B_MET112,41,1000,0.001,random,0.0,0.2123662680387497,0.2123662680387497,0.9078897833824158,0.20987337827682495,0.20987337827682495,833,0.12939069;-0.54326731;1.4058973
B_MET112,42,1000,0.001,random,0.0,0.5431054830551147,0.5431054830551147,0.4828791916370392,0.8264526128768921,0.8264526128768921,,-0.036285851;-0.53196448;-0.026838385
B_MET112,43,1000,0.001,random,0.0,0.004454098641872406,0.004454098641872406,0.9949334859848022,0.027500027790665627,0.027500027790665627,145,0.077902883;-0.31946585;1.9514503
B_MET112,44,1000,0.001,random,0.0,1.188766598701477,1.188766598701477,1.2712945938110352,1.6376302242279053,1.6376302242279053,,0.062558018;1.6579512;-0.65286338
B_MET112,45,1000,0.001,random,0.0,0.5485270023345947,0.5485270023345947,0.6381607055664062,0.949228823184967,0.9194557070732117,,-0.042365864;-0.48572463;-0.59590948
B_MET112,46,1000,0.001,random,0.0,0.018711240962147713,0.018711240962147713,0.9828665852546692,0.057335641235113144,0.057335641235113144,0,0.092018977;-0.37846473;1.8265234
B_MET112,47,1000,0.001,random,0.0,0.5490565299987793,0.5490565299987793,0.4743184745311737,0.9029014706611633,0.9029014706611633,,0.008460029;-0.43529263;-0.26951385
B_MET112,48,1000,0.001,random,0.0,0.5432167053222656,0.5432167053222656,0.48729243874549866,0.8323108553886414,0.8323108553886414,,-0.037254699;-0.53178066;-0.048685145
B_MET112,49,1000,0.001,random,0.0,1.427687406539917,1.427687406539917,2.2089881896972656,2.648129463195801,2.2639942169189453,,-2.6978793;1.8635832;1.0206456
