site,start,n_steps,lr,init,langevin_noise,blur_schedule_fwhm_steps,reset_optimizer_at_blur_transition,final_loss,best_loss,final_rmsd_to_A,final_rmsd_to_B,best_rmsd_to_B,first_step_below_0_50,final_chi_radians
B_ARG129,0,300,1.0,random,0.0,4:100:lr1;2:100:lr0.1;0:100:lr0.01,True,1.7151771783828735,0.0002992130466736853,2.2398266792297363,0.8248399496078491,0.7208467721939087,,-0.98959321;1.3682613;-1.5249286;0.35011363
B_ARG129,1,300,1.0,random,0.0,4:100:lr1;2:100:lr0.1;0:100:lr0.01,True,0.8069866895675659,0.00012856736429966986,2.241703510284424,0.7701642513275146,0.6500528454780579,,-1.951826;-2.1667352;-2.6849449;-1.0990283
B_ARG129,2,300,1.0,random,0.0,4:100:lr1;2:100:lr0.1;0:100:lr0.01,True,1.0693972996023149e-07,1.9014493091162876e-08,2.0143792629241943,0.0001105351620935835,5.0384252972435206e-05,40,-1.9135875;-2.12234;-1.9266331;1.860025
B_ARG129,3,300,1.0,random,0.0,4:100:lr1;2:100:lr0.1;0:100:lr0.01,True,1.7151687145233154,0.0003004776663146913,2.239820718765259,0.824849545955658,0.4869139492511749,10,-0.98958963;1.3682506;-1.5249071;0.35017815
B_ARG129,4,300,1.0,random,0.0,4:100:lr1;2:100:lr0.1;0:100:lr0.01,True,3.7245604289637413e-07,1.4307271101188235e-07,2.0142436027526855,0.00020264400518499315,0.00012771777983289212,30,-1.9135123;-2.1222966;-1.9267809;1.8599671
B_ARG129,5,300,1.0,random,0.0,4:100:lr1;2:100:lr0.1;0:100:lr0.01,True,1.0715992004861619e-07,1.4118128000006891e-08,2.0142621994018555,0.00011126388562843204,3.6311856092652306e-05,10,-1.9135199;-2.1222758;-1.9267212;1.8599604
B_ARG129,6,300,1.0,random,0.0,4:100:lr1;2:100:lr0.1;0:100:lr0.01,True,1.2530441284179688,0.00018540250312071294,2.061110496520996,0.4166576862335205,0.4165392816066742,24,-1.2384351;1.112947;-2.4358284;-1.311258
B_ARG129,7,300,1.0,random,0.0,4:100:lr1;2:100:lr0.1;0:100:lr0.01,True,5.9427826215596724e-08,1.1332328853086437e-08,2.0142717361450195,8.666375651955605e-05,3.301788819953799e-05,15,-1.9135356;-2.1222768;-1.9267275;1.8599652
B_ARG129,8,300,1.0,random,0.0,4:100:lr1;2:100:lr0.1;0:100:lr0.01,True,1.2530407905578613,0.00018537550931796432,2.0611345767974854,0.4166684150695801,0.41655224561691284,20,-1.2383535;1.112956;-2.4358368;-1.3111764
B_ARG129,9,300,1.0,random,0.0,4:100:lr1;2:100:lr0.1;0:100:lr0.01,True,1.6371390643143968e-07,5.482894582797826e-09,2.014296293258667,0.00012709604925476015,2.5306406314484775e-05,24,-1.9135196;-2.1223526;-1.9267414;1.8599689
B_ARG129,10,300,1.0,random,0.0,4:100:lr1;2:100:lr0.1;0:100:lr0.01,True,2.45124198272606e-07,5.377619061164296e-08,2.0144124031066895,0.0001669826451689005,8.147930930135772e-05,5,-1.913596;-2.1224215;-1.9265912;1.8600222
B_ARG129,11,300,1.0,random,0.0,4:100:lr1;2:100:lr0.1;0:100:lr0.01,True,2.494329010005458e-07,2.2220858042487635e-08,2.0142886638641357,0.00015467482444364578,4.96643697260879e-05,65,-1.9135045;-2.122339;-1.926754;1.8599339
B_ARG129,12,300,1.0,random,0.0,4:100:lr1;2:100:lr0.1;0:100:lr0.01,True,1.7151719331741333,0.00030258652986958623,2.2398343086242676,0.8248287439346313,0.6777616143226624,,-0.9896071;1.3682507;-1.5250715;0.34989706
B_ARG129,13,300,1.0,random,0.0,4:100:lr1;2:100:lr0.1;0:100:lr0.01,True,1.2530317306518555,0.0001855217997217551,2.0611231327056885,0.4166579842567444,0.4165385663509369,35,-1.2384193;1.1129327;-2.4358454;-1.3112499
B_ARG129,14,300,1.0,random,0.0,4:100:lr1;2:100:lr0.1;0:100:lr0.01,True,1.3104771312555386e-07,1.8835830672969678e-08,2.014284610748291,0.00010858035238925368,5.380407310440205e-05,23,-1.9136037;-2.122283;-1.9267303;1.8600287
B_ARG129,15,300,1.0,random,0.0,4:100:lr1;2:100:lr0.1;0:100:lr0.01,True,0.8069902658462524,0.00012759487435687333,2.2416889667510986,0.7701563835144043,0.6976149678230286,,-1.9518061;-2.1667511;-2.6849403;-1.0990984
B_ARG129,16,300,1.0,random,0.0,4:100:lr1;2:100:lr0.1;0:100:lr0.01,True,0.806989312171936,0.00012927167699672282,2.2417209148406982,0.7701690196990967,0.5254674553871155,,-1.95179;-2.1667624;-2.6849227;-1.0990702
B_ARG129,17,300,1.0,random,0.0,4:100:lr1;2:100:lr0.1;0:100:lr0.01,True,1.5789071383665032e-08,1.5789071383665032e-08,2.0143187046051025,3.8253543607424945e-05,3.8253543607424945e-05,18,-1.9135361;-2.1223454;-1.9267128;1.8599797
B_ARG129,18,300,1.0,random,0.0,4:100:lr1;2:100:lr0.1;0:100:lr0.01,True,1.7151703834533691,0.00029903423273935914,2.2398345470428467,0.8248185515403748,0.644240140914917,,-0.9896003;1.3682479;-1.5251191;0.34983861
B_ARG129,19,300,1.0,random,0.0,4:100:lr1;2:100:lr0.1;0:100:lr0.01,True,1.7151597738265991,0.00029905341216363013,2.2398345470428467,0.8248560428619385,0.7047041654586792,,-0.98962027;1.3683016;-1.5249351;0.349944
B_ARG129,20,300,1.0,random,0.0,4:100:lr1;2:100:lr0.1;0:100:lr0.01,True,1.2530341148376465,0.0001850586268119514,2.0611486434936523,0.4166605770587921,0.4161888659000397,22,-1.238414;1.112974;-2.4358537;-1.3112382
B_ARG129,21,300,1.0,random,0.0,4:100:lr1;2:100:lr0.1;0:100:lr0.01,True,1.7151687145233154,0.00030298589263111353,2.2398226261138916,0.8248727917671204,0.5127549767494202,,-0.98955125;1.3683261;-1.5246814;0.35032988
B_ARG129,22,300,1.0,random,0.0,4:100:lr1;2:100:lr0.1;0:100:lr0.01,True,1.7151490449905396,0.0002992265799548477,2.2398321628570557,0.8248496055603027,0.6534588932991028,,-0.98957288;1.3683002;-1.5249004;0.35005519
B_ARG129,23,300,1.0,random,0.0,4:100:lr1;2:100:lr0.1;0:100:lr0.01,True,4.9499739418479294e-08,4.409024256801786e-09,2.0143656730651855,7.490587449865416e-05,2.355125980102457e-05,21,-1.9135796;-2.1223257;-1.9266572;1.8600274
B_ARG129,24,300,1.0,random,0.0,4:100:lr1;2:100:lr0.1;0:100:lr0.01,True,1.715162754058838,0.000298765255138278,2.23984432220459,0.8248597383499146,0.6039481163024902,,-0.98956794;1.3683528;-1.5248425;0.34999281
B_ARG129,25,300,1.0,random,0.0,4:100:lr1;2:100:lr0.1;0:100:lr0.01,True,1.715171456336975,0.0003000734141096473,2.239845037460327,0.8248770236968994,0.7209365367889404,,-0.98952758;1.3683727;-1.5246713;0.35024917
B_ARG129,26,300,1.0,random,0.0,4:100:lr1;2:100:lr0.1;0:100:lr0.01,True,1.2530347108840942,0.00018509846995584667,2.061155319213867,0.41666001081466675,0.4165189266204834,19,-1.2384375;1.1129037;-2.4359076;-1.3112913
B_ARG129,27,300,1.0,random,0.0,4:100:lr1;2:100:lr0.1;0:100:lr0.01,True,1.2530360221862793,0.00018509295477997512,2.0611424446105957,0.4166644215583801,0.4161171019077301,10,-1.238414;1.1129391;-2.435863;-1.3112955
B_ARG129,28,300,1.0,random,0.0,4:100:lr1;2:100:lr0.1;0:100:lr0.01,True,1.4707745243924819e-08,1.4707745243924819e-08,2.0143070220947266,4.113979957764968e-05,4.113979957764968e-05,4,-1.9135565;-2.1223841;-1.926721;1.8599893
B_ARG129,29,300,1.0,random,0.0,4:100:lr1;2:100:lr0.1;0:100:lr0.01,True,1.7151529788970947,0.0003069288795813918,2.2398369312286377,0.8248180150985718,0.4848545789718628,44,-0.98960751;1.368255;-1.5251784;0.34970844
B_ARG129,30,300,1.0,random,0.0,4:100:lr1;2:100:lr0.1;0:100:lr0.01,True,1.253026008605957,0.00018554780399426818,2.0611417293548584,0.41665419936180115,0.41653722524642944,36,-1.2383931;1.1129789;-2.4358232;-1.3111975
B_ARG129,31,300,1.0,random,0.0,4:100:lr1;2:100:lr0.1;0:100:lr0.01,True,0.8069785833358765,0.0001279402495129034,2.24163818359375,0.7701301574707031,0.5130434632301331,,-1.9517282;-2.1667178;-2.6849537;-1.0993392
B_ARG129,32,300,1.0,random,0.0,4:100:lr1;2:100:lr0.1;0:100:lr0.01,True,0.8069872856140137,0.00013003070489503443,2.2416934967041016,0.7701543569564819,0.6187682747840881,,-1.9517964;-2.1667304;-2.6849442;-1.0990398
B_ARG129,33,300,1.0,random,0.0,4:100:lr1;2:100:lr0.1;0:100:lr0.01,True,1.7151899337768555,0.0002989278291352093,2.239840030670166,0.8248537182807922,0.47976359724998474,13,-0.9896009;1.3683066;-1.5248934;0.35001394
B_ARG129,34,300,1.0,random,0.0,4:100:lr1;2:100:lr0.1;0:100:lr0.01,True,1.715161919593811,0.00030041628633625805,2.2398324012756348,0.824845552444458,0.525102972984314,,-0.98956418;1.3682847;-1.5248916;0.35014036
B_ARG129,35,300,1.0,random,0.0,4:100:lr1;2:100:lr0.1;0:100:lr0.01,True,0.8069940805435181,0.00012820298434235156,2.2417075634002686,0.7701563835144043,0.6967688202857971,,-1.951767;-2.1667573;-2.6849444;-1.0991498
B_ARG129,36,300,1.0,random,0.0,4:100:lr1;2:100:lr0.1;0:100:lr0.01,True,8.578469135045452e-08,5.97277391989337e-08,2.0142838954925537,9.895852417685091e-05,8.470795000903308e-05,21,-1.9135323;-2.1223149;-1.926731;1.8599908
B_ARG129,37,300,1.0,random,0.0,4:100:lr1;2:100:lr0.1;0:100:lr0.01,True,0.8069833517074585,0.0001299281429965049,2.241708278656006,0.77016282081604,0.5704650282859802,,-1.9517947;-2.1667535;-2.6849465;-1.0990932
B_ARG129,38,300,1.0,random,0.0,4:100:lr1;2:100:lr0.1;0:100:lr0.01,True,1.715174913406372,0.0003001538570970297,2.2398195266723633,0.8248761296272278,0.46088463068008423,18,-0.98958778;1.3682735;-1.5247105;0.3504183
B_ARG129,39,300,1.0,random,0.0,4:100:lr1;2:100:lr0.1;0:100:lr0.01,True,1.2530274391174316,0.00018522792379371822,2.0611135959625244,0.41665399074554443,0.4165494441986084,10,-1.2384033;1.11296;-2.435818;-1.3112216
B_ARG129,40,300,1.0,random,0.0,4:100:lr1;2:100:lr0.1;0:100:lr0.01,True,1.2530397176742554,0.00018568700761534274,2.0611469745635986,0.41666141152381897,0.4165158271789551,25,-1.2383785;1.1129571;-2.435885;-1.3112584
B_ARG129,41,300,1.0,random,0.0,4:100:lr1;2:100:lr0.1;0:100:lr0.01,True,1.2530357837677002,0.00018568005179986358,2.0611560344696045,0.41666218638420105,0.4164969027042389,27,-1.2384351;1.1128975;-2.4359138;-1.3113003
B_ARG129,42,300,1.0,random,0.0,4:100:lr1;2:100:lr0.1;0:100:lr0.01,True,1.7151808738708496,0.0003018015413545072,2.23984956741333,0.8248040676116943,0.5904945135116577,,-0.98958772;1.368263;-1.5252817;0.34953853
B_ARG129,43,300,1.0,random,0.0,4:100:lr1;2:100:lr0.1;0:100:lr0.01,True,1.7151713371276855,0.00029919686494395137,2.239840030670166,0.8248456120491028,0.6380936503410339,,-0.98954916;1.3683083;-1.5249355;0.34999019
B_ARG129,44,300,1.0,random,0.0,4:100:lr1;2:100:lr0.1;0:100:lr0.01,True,0.8069820404052734,0.00012797587260138243,2.2416787147521973,0.7701515555381775,0.6968109607696533,,-1.9517809;-2.1667676;-2.6849313;-1.0991211
B_ARG129,45,300,1.0,random,0.0,4:100:lr1;2:100:lr0.1;0:100:lr0.01,True,1.7151882648468018,0.00029876065673306584,2.239826202392578,0.8248406052589417,0.48849761486053467,9,-0.98965335;1.3682659;-1.524992;0.34994885
B_ARG129,46,300,1.0,random,0.0,4:100:lr1;2:100:lr0.1;0:100:lr0.01,True,1.2530412673950195,0.00018929401994682848,2.061145305633545,0.4166586995124817,0.4165254533290863,55,-1.2384427;1.1129022;-2.435889;-1.3112798
B_ARG129,47,300,1.0,random,0.0,4:100:lr1;2:100:lr0.1;0:100:lr0.01,True,1.2810878047275764e-07,3.878545484781171e-09,2.01423978805542,0.00012684005196206272,1.9200222595827654e-05,28,-1.9135246;-2.122241;-1.9267241;1.8599719
B_ARG129,48,300,1.0,random,0.0,4:100:lr1;2:100:lr0.1;0:100:lr0.01,True,0.8069897294044495,0.00012759672245010734,2.241701602935791,0.7701542973518372,0.7019064426422119,,-1.9517584;-2.1667719;-2.6849487;-1.0992063
B_ARG129,49,300,1.0,random,0.0,4:100:lr1;2:100:lr0.1;0:100:lr0.01,True,1.2530168294906616,0.00018593328422866762,2.0611605644226074,0.4166684150695801,0.4165138602256775,17,-1.2383548;1.1129655;-2.4358928;-1.311232
