site,recovered_starts,deposited_A_B_separation_A,assigned_separation_median_A,assigned_separation_q25_A,assigned_separation_q75_A,assigned_over_deposited_median,assigned_minus_deposited_median_A,assigned_separation_lt_half_deposited
1ZV8_E_ASN1,1,3.115989923,3.016718626,3.016718626,3.016718626,0.968141329,-0.099271297,0
2V05_A_HIS168,22,2.854160786,2.231137753,2.187528074,2.307258546,0.781714108,-0.623023033,0
2VFP_A_TYR417,14,0.566776037,0.226005979,0.197781455,0.507422596,0.398757118,-0.340770058,8
3A1C_B_ARG447,47,5.796252251,5.711793423,5.577322960,5.803699255,0.985428718,-0.084458828,0
3GMI_A_GLU5,41,4.178095818,4.142897129,4.131753445,4.152781487,0.991575423,-0.035198689,0
3K8W_A_SER337,50,1.815543890,1.734656513,1.733950377,1.735201567,0.955447303,-0.080887377,0
3NY7_B_LYS19,48,3.113500357,2.918720007,2.902739465,2.928277671,0.937440075,-0.194780350,0
4C16_A_MET258,20,2.222915888,2.242445827,2.225544274,2.254077852,1.008785730,0.019529939,0
4MKM_A_THR77,50,2.075603247,2.045701146,2.044801176,2.046361387,0.985593537,-0.029902101,0
5DBA_A_TRP325,37,2.811262608,2.734309196,2.725181103,2.742402077,0.972626744,-0.076953411,0
5KWB_A_PHE591,49,0.616975367,0.596561790,0.594169140,0.598967254,0.966913464,-0.020413578,0
5Z8H_A_MET730,16,1.229525089,1.302902877,1.299984008,1.314570963,1.059679781,0.073377788,0
6H59_B_ARG144,41,2.786687851,2.682908297,2.676722527,2.692293167,0.962758816,-0.103779554,0
6Y4G_B_CYS260,50,1.758586287,1.812850833,1.803101242,1.820531160,1.030856914,0.054264545,0
7F72_A_MET103,45,1.408112168,1.525776505,1.522443771,1.541034102,1.083561764,0.117664337,0
7T7A_A_LEU396,44,1.673138618,1.734926760,1.725391448,1.778332174,1.036929482,0.061788142,0
7UO8_A_GLN53,18,4.687842369,4.570821762,4.570708036,4.572149992,0.975037427,-0.117020607,0
8DJ2_A_VAL893,50,1.093311429,1.334328651,1.333150983,1.336154073,1.220446998,0.241017222,0
8FBE_B_ILE92,49,2.344242096,2.077803850,2.075883865,2.078606844,0.886343545,-0.266438246,0
8Q6Q_B_ASP81,50,2.304178476,2.370938897,2.321674883,2.381798506,1.028973633,0.066760421,0
