site,starts,v1_both_found,v2_both_found,v1_occupancy,v2_occupancy,v1_rotamer,v2_rotamer,v1_direct_clash,v2_direct_clash,v1_symmetry_clash,v2_symmetry_clash,v1_tmol_0_44,v2_tmol_0_44
1ZV8_E_ASN1,50,1,1,0,0,0,0,0,0,0,0,0,0
2V05_A_HIS168,50,22,22,22,21,22,21,22,21,22,21,21,20
2VFP_A_TYR417,50,1,14,1,7,1,7,1,7,1,7,1,7
3A1C_B_ARG447,50,47,47,45,45,45,45,45,45,45,45,44,44
3GMI_A_GLU5,50,41,41,41,41,41,41,41,41,41,41,39,39
3K8W_A_SER337,50,50,50,50,46,50,46,50,46,50,46,50,46
3NY7_B_LYS19,50,48,48,47,47,43,43,43,43,43,43,38,38
4C16_A_MET258,50,20,20,20,20,20,20,20,20,20,20,19,19
4MKM_A_THR77,50,50,50,50,50,50,50,50,50,50,50,50,50
5DBA_A_TRP325,50,37,37,37,34,37,34,37,34,37,34,37,34
5KWB_A_PHE591,50,49,49,49,48,49,48,49,48,49,48,49,48
5Z8H_A_MET730,50,16,16,16,16,16,16,16,16,16,16,1,1
6H59_B_ARG144,50,41,41,41,41,41,41,41,41,41,41,39,39
6Y4G_B_CYS260,50,50,50,50,50,50,50,50,50,50,50,50,50
7F72_A_MET103,50,45,45,38,36,38,36,38,36,38,36,5,4
7T7A_A_LEU396,50,44,44,41,41,41,41,41,41,41,41,34,34
7UO8_A_GLN53,50,18,18,18,18,18,18,18,18,18,18,18,18
8DJ2_A_VAL893,50,50,50,50,50,50,50,50,50,50,50,50,50
8FBE_B_ILE92,50,49,49,49,49,49,49,49,49,49,49,49,49
8Q6Q_B_ASP81,50,50,50,50,40,50,40,50,40,50,40,27,25
TOTAL,1000,729,742,715,700,711,696,711,696,711,696,621,615
