site,starts_with_same_state_duplicates,duplicate_groups,nonprimary_members,nonprimary_occupancy_median,nonprimary_occupancy_gt_0p20,within_group_pairwise_rmsd_median_A
1ZV8_E_ASN1,3,3,3,0.17333409,1,0.774905086
2V05_A_HIS168,2,2,2,0.16196812,0,0.138879292
2VFP_A_TYR417,21,21,23,0.1023896,6,0.4630301
3A1C_B_ARG447,4,4,4,0.074560769,0,1.096516195
3GMI_A_GLU5,7,7,7,0.068471052,0,0.127341315
3K8W_A_SER337,34,37,41,0.074678026,11,0.0189966168
3NY7_B_LYS19,0,0,0,,0,
4C16_A_MET258,0,0,0,,0,
4MKM_A_THR77,28,29,31,0.062015288,7,0.0399622731
5DBA_A_TRP325,15,16,20,0.100797985,2,0.121615652
5KWB_A_PHE591,9,9,9,0.060546163,1,0.131424993
5Z8H_A_MET730,3,3,3,0.11742733,0,0.0699184686
6H59_B_ARG144,3,3,3,0.061254874,0,0.501785576
6Y4G_B_CYS260,8,8,8,0.054976547,0,0.329600916
7F72_A_MET103,22,23,27,0.080225959,2,0.355518073
7T7A_A_LEU396,4,5,5,0.061547488,1,0.325124085
7UO8_A_GLN53,1,1,1,0.10369158,0,0.0048513175
8DJ2_A_VAL893,32,41,44,0.073499784,6,0.0201398656
8FBE_B_ILE92,3,3,3,0.057366595,1,0.573284686
8Q6Q_B_ASP81,38,42,46,0.166687965,14,0.974677325
TOTAL,237,257,280,0.08679276,52,0.151243016
