condition,site,synthetic_both_found,experimental_both_found,synthetic_ensemble_success,experimental_ensemble_success,synthetic_mean_A,experimental_mean_A,synthetic_mean_B,experimental_mean_B
density_only,A_MET112,49,1,46,0,0.49954775989055633,0.5843748259544372,0.47906103134155276,0.005
density_only,A_ARG129,14,2,13,0,0.33449782609939577,0.20307025171816348,0.3577683424949646,0.02975657820701599
density_only,B_MET112,36,6,32,3,0.5124774503707886,0.40138309836387637,0.4431790220737457,0.5302325862646103
density_only,B_ASP114,28,1,22,0,0.47785949081182477,0.3949936032295227,0.5108439606428147,0.15195042073726653
density_only,B_ARG129,26,0,26,0,0.3392303675413132,0.07752507895231248,0.27311303675174714,0.007793041467666626
soft_physics,A_MET112,49,0,46,0,0.49954775989055633,0.5952346959710121,0.47906103134155276,0.0
soft_physics,A_ARG129,14,1,13,1,0.33449782609939577,0.12276070073246956,0.3577683424949646,0.03602810680866241
soft_physics,B_MET112,36,5,32,4,0.5124774503707886,0.44463164925575255,0.4431790220737457,0.5235432529449463
soft_physics,B_ASP114,28,0,22,0,0.47785949081182477,0.4916317927837372,0.5108439606428147,0.09999614238739013
soft_physics,B_ARG129,26,0,26,0,0.3392303675413132,0.08346323966979981,0.27311303675174714,0.0
