site,candidate,loss_total,loss_crystallographic,tmol_energy,rotamer_penalty,symmetry_clash_penalty
A_MET112,A,1.27665376663208,1.27665376663208,0.0,0.0,0.0
A_MET112,B,0.25530117750167847,0.25530117750167847,0.0,0.0,0.0
A_MET112,learned,0.14019668102264404,0.14019668102264404,0.0,0.0,0.0
A_ARG129,A,1.0938204526901245,1.0938204526901245,0.0,0.0,0.0
A_ARG129,B,0.051115069538354874,0.051115069538354874,0.0,0.0,0.0
A_ARG129,learned,0.23218116164207458,0.23218116164207458,0.0,0.0,0.0
B_MET112,A,0.6870013475418091,0.6870013475418091,0.0,0.0,0.0
B_MET112,B,0.3148766756057739,0.3148766756057739,0.0,0.0,0.0
B_MET112,learned,0.05361558496952057,0.05361558496952057,0.0,0.0,0.0
