site,start,both_found_frozen_v3,recovery_failed_frozen_v3,endpoint_rscc
1ZV8_E_ASN1,0,False,True,0.9711288822472379
1ZV8_E_ASN1,1,False,True,0.9704477982582528
1ZV8_E_ASN1,2,False,True,0.9723592184998952
1ZV8_E_ASN1,3,False,True,0.9736683946449112
1ZV8_E_ASN1,4,False,True,0.9666974950725024
1ZV8_E_ASN1,5,False,True,0.9677284657813974
1ZV8_E_ASN1,6,False,True,0.9667758602422908
1ZV8_E_ASN1,7,False,True,0.9667322114364637
1ZV8_E_ASN1,8,False,True,0.9726456247479675
1ZV8_E_ASN1,9,False,True,0.9709766540888456
1ZV8_E_ASN1,10,False,True,0.9654800602073285
1ZV8_E_ASN1,11,False,True,0.9751751438403489
1ZV8_E_ASN1,12,True,False,0.9714146874814977
1ZV8_E_ASN1,13,False,True,0.967670742155636
1ZV8_E_ASN1,14,False,True,0.9707904128089031
1ZV8_E_ASN1,15,False,True,0.9726751597972152
1ZV8_E_ASN1,16,False,True,0.9732390291157396
1ZV8_E_ASN1,17,False,True,0.964851922106551
1ZV8_E_ASN1,18,False,True,0.9668149354559664
1ZV8_E_ASN1,19,False,True,0.971141926282157
1ZV8_E_ASN1,20,False,True,0.9689941316844549
1ZV8_E_ASN1,21,False,True,0.9716288234707817
1ZV8_E_ASN1,22,False,True,0.9670261786266489
1ZV8_E_ASN1,23,False,True,0.9724710803190255
1ZV8_E_ASN1,24,False,True,0.9709563994776023
1ZV8_E_ASN1,25,False,True,0.9716645092664212
1ZV8_E_ASN1,26,False,True,0.9702340706667727
1ZV8_E_ASN1,27,False,True,0.971095202326548
1ZV8_E_ASN1,28,False,True,0.9730992156698541
1ZV8_E_ASN1,29,False,True,0.9716656286932993
1ZV8_E_ASN1,30,False,True,0.9712702442644818
1ZV8_E_ASN1,31,False,True,0.9675709467391508
1ZV8_E_ASN1,32,False,True,0.9715670594639673
1ZV8_E_ASN1,33,False,True,0.9715026755665301
1ZV8_E_ASN1,34,False,True,0.9718230443707525
1ZV8_E_ASN1,35,False,True,0.9722856654888711
1ZV8_E_ASN1,36,False,True,0.9666883226856428
1ZV8_E_ASN1,37,False,True,0.9707694039230327
1ZV8_E_ASN1,38,False,True,0.9712881427781392
1ZV8_E_ASN1,39,False,True,0.9713457215413068
1ZV8_E_ASN1,40,False,True,0.972730553655126
1ZV8_E_ASN1,41,False,True,0.9723026255585546
1ZV8_E_ASN1,42,False,True,0.9712980479086126
1ZV8_E_ASN1,43,False,True,0.9700044319592657
1ZV8_E_ASN1,44,False,True,0.963478767009384
1ZV8_E_ASN1,45,False,True,0.9692193112414001
1ZV8_E_ASN1,46,False,True,0.9717180468514707
1ZV8_E_ASN1,47,False,True,0.9715748406614096
1ZV8_E_ASN1,48,False,True,0.9668132347476815
1ZV8_E_ASN1,49,False,True,0.9711160418033836
2V05_A_HIS168,0,False,True,0.9271145502165866
2V05_A_HIS168,1,False,True,0.9239315569417303
2V05_A_HIS168,2,False,True,0.972905476784088
2V05_A_HIS168,3,True,False,0.9591845340155205
2V05_A_HIS168,4,False,True,0.9154835320933546
2V05_A_HIS168,5,True,False,0.9591316920947671
2V05_A_HIS168,6,False,True,0.9433685091972739
2V05_A_HIS168,7,True,False,0.9712212726375407
2V05_A_HIS168,8,True,False,0.9795286777826323
2V05_A_HIS168,9,False,True,0.9262721541635958
2V05_A_HIS168,10,True,False,0.9538010615012223
2V05_A_HIS168,11,True,False,0.966765875339736
2V05_A_HIS168,12,True,False,0.971657779288772
2V05_A_HIS168,13,False,True,0.9258083735674342
2V05_A_HIS168,14,False,True,0.9323330428860763
2V05_A_HIS168,15,True,False,0.9798905928616619
2V05_A_HIS168,16,False,True,0.9648290358613172
2V05_A_HIS168,17,True,False,0.9796688262806074
2V05_A_HIS168,18,True,False,0.9706979552846831
2V05_A_HIS168,19,False,True,0.9447282484746017
2V05_A_HIS168,20,False,True,0.9250422526971622
2V05_A_HIS168,21,True,False,0.9724553638111398
2V05_A_HIS168,22,True,False,0.9705899071465333
2V05_A_HIS168,23,False,True,0.9620543141603198
2V05_A_HIS168,24,False,True,0.9284673182890735
2V05_A_HIS168,25,False,True,0.9448910967485286
2V05_A_HIS168,26,False,True,0.9847982478616999
2V05_A_HIS168,27,True,False,0.9665684864642047
2V05_A_HIS168,28,False,True,0.9291688762919534
2V05_A_HIS168,29,True,False,0.979401001499666
2V05_A_HIS168,30,False,True,0.9235310450820932
2V05_A_HIS168,31,False,True,0.9681588084219321
2V05_A_HIS168,32,False,True,0.9285466115536674
2V05_A_HIS168,33,True,False,0.9720155843586432
2V05_A_HIS168,34,True,False,0.9796939100083999
2V05_A_HIS168,35,True,False,0.9672350706661317
2V05_A_HIS168,36,False,True,0.9847690156009459
2V05_A_HIS168,37,True,False,0.9703165864094596
2V05_A_HIS168,38,False,True,0.9336325328682952
2V05_A_HIS168,39,False,True,0.9222944526052527
2V05_A_HIS168,40,True,False,0.9677913050061068
2V05_A_HIS168,41,False,True,0.9381040716447986
2V05_A_HIS168,42,False,True,0.9347864442655309
2V05_A_HIS168,43,False,True,0.9250108262732442
2V05_A_HIS168,44,False,True,0.9261883931948778
2V05_A_HIS168,45,False,True,0.9734272471474638
2V05_A_HIS168,46,True,False,0.9795497338295859
2V05_A_HIS168,47,False,True,0.9385693762850223
2V05_A_HIS168,48,True,False,0.9672228353047381
2V05_A_HIS168,49,True,False,0.9617177715812639
2VFP_A_TYR417,0,False,True,0.3685401005365508
2VFP_A_TYR417,1,False,True,0.9533301335653923
2VFP_A_TYR417,2,False,True,0.9682057685209676
2VFP_A_TYR417,3,True,False,0.9728092425525148
2VFP_A_TYR417,4,True,False,0.9715334695224073
2VFP_A_TYR417,5,False,True,0.9575949337790869
2VFP_A_TYR417,6,False,True,0.9676016718291872
2VFP_A_TYR417,7,False,True,0.3844402033055274
2VFP_A_TYR417,8,False,True,0.38415515940943423
2VFP_A_TYR417,9,False,True,0.9536109086945764
2VFP_A_TYR417,10,False,True,0.9533110216922935
2VFP_A_TYR417,11,False,True,0.38878413934317296
2VFP_A_TYR417,12,False,True,0.9660503911612797
2VFP_A_TYR417,13,True,False,0.979121366499566
2VFP_A_TYR417,14,False,True,0.9493081462128684
2VFP_A_TYR417,15,False,True,0.9519694945260277
2VFP_A_TYR417,16,False,True,0.9680098309519489
2VFP_A_TYR417,17,True,False,0.9756749982646905
2VFP_A_TYR417,18,False,True,0.9682678740476278
2VFP_A_TYR417,19,False,True,0.9533004857305429
2VFP_A_TYR417,20,False,True,0.9659937927915029
2VFP_A_TYR417,21,True,False,0.961958309272224
2VFP_A_TYR417,22,False,True,0.9525316338777225
2VFP_A_TYR417,23,False,True,0.951795482696265
2VFP_A_TYR417,24,False,True,0.9655282079835216
2VFP_A_TYR417,25,True,False,0.9733134849428556
2VFP_A_TYR417,26,True,False,0.9575087739705639
2VFP_A_TYR417,27,False,True,0.9700596775495782
2VFP_A_TYR417,28,False,True,0.9537124802501107
2VFP_A_TYR417,29,False,True,0.9532624087693958
2VFP_A_TYR417,30,True,False,0.9572629900058673
2VFP_A_TYR417,31,False,True,0.9535746220381404
2VFP_A_TYR417,32,True,False,0.9718220429769806
2VFP_A_TYR417,33,True,False,0.9632046602436624
2VFP_A_TYR417,34,False,True,0.9685321108754843
2VFP_A_TYR417,35,False,True,0.953244355969603
2VFP_A_TYR417,36,True,False,0.9575578974432165
2VFP_A_TYR417,37,False,True,0.965728092921543
2VFP_A_TYR417,38,True,False,0.9723995359335744
2VFP_A_TYR417,39,False,True,0.3681323288800753
2VFP_A_TYR417,40,False,True,0.9533793450180836
2VFP_A_TYR417,41,False,True,0.968535729595585
2VFP_A_TYR417,42,False,True,0.9657883262816638
2VFP_A_TYR417,43,False,True,0.9533816351603072
2VFP_A_TYR417,44,True,False,0.9719458246809582
2VFP_A_TYR417,45,True,False,0.9575360584046597
2VFP_A_TYR417,46,False,True,0.9655234466057024
2VFP_A_TYR417,47,False,True,0.965750863354777
2VFP_A_TYR417,48,False,True,0.9536650086707827
2VFP_A_TYR417,49,False,True,0.9533978281532868
3A1C_B_ARG447,0,True,False,0.9903301235906393
3A1C_B_ARG447,1,True,False,0.9837117134426835
3A1C_B_ARG447,2,True,False,0.9875917754896391
3A1C_B_ARG447,3,True,False,0.9922121862450185
3A1C_B_ARG447,4,True,False,0.9856840513681723
3A1C_B_ARG447,5,True,False,0.9885916191236214
3A1C_B_ARG447,6,True,False,0.9904049894122677
3A1C_B_ARG447,7,True,False,0.9913156398670312
3A1C_B_ARG447,8,True,False,0.9862394741765242
3A1C_B_ARG447,9,True,False,0.9889601152452718
3A1C_B_ARG447,10,True,False,0.9901643213604341
3A1C_B_ARG447,11,True,False,0.9910908028511538
3A1C_B_ARG447,12,True,False,0.9841427652289677
3A1C_B_ARG447,13,True,False,0.9843722938097269
3A1C_B_ARG447,14,True,False,0.9907027721478046
3A1C_B_ARG447,15,True,False,0.9860874613079017
3A1C_B_ARG447,16,True,False,0.9852971474710484
3A1C_B_ARG447,17,True,False,0.9917941840592668
3A1C_B_ARG447,18,True,False,0.9830804460887764
3A1C_B_ARG447,19,True,False,0.9894255073842874
3A1C_B_ARG447,20,True,False,0.9830056117270772
3A1C_B_ARG447,21,False,True,0.9435288767445998
3A1C_B_ARG447,22,True,False,0.9923452927269236
3A1C_B_ARG447,23,True,False,0.9857103868855969
3A1C_B_ARG447,24,True,False,0.9905999239770763
3A1C_B_ARG447,25,True,False,0.9834959968540621
3A1C_B_ARG447,26,True,False,0.9829333843169363
3A1C_B_ARG447,27,True,False,0.9911576576984075
3A1C_B_ARG447,28,True,False,0.9863102687444143
3A1C_B_ARG447,29,True,False,0.9830781894709559
3A1C_B_ARG447,30,True,False,0.990559400533164
3A1C_B_ARG447,31,True,False,0.9895541481921448
3A1C_B_ARG447,32,True,False,0.9847723575679026
3A1C_B_ARG447,33,True,False,0.987790301296141
3A1C_B_ARG447,34,True,False,0.991195870326396
3A1C_B_ARG447,35,True,False,0.9872478274334094
3A1C_B_ARG447,36,True,False,0.9916537137390108
3A1C_B_ARG447,37,True,False,0.9791644648577899
3A1C_B_ARG447,38,True,False,0.9901895203780726
3A1C_B_ARG447,39,True,False,0.9855867269030522
3A1C_B_ARG447,40,False,True,0.9495439983683639
3A1C_B_ARG447,41,True,False,0.983237708795162
3A1C_B_ARG447,42,True,False,0.9869687301265281
3A1C_B_ARG447,43,True,False,0.9912456686844042
3A1C_B_ARG447,44,True,False,0.9855435318466599
3A1C_B_ARG447,45,False,True,0.9381367511955803
3A1C_B_ARG447,46,True,False,0.9924355593325911
3A1C_B_ARG447,47,True,False,0.9901345218036456
3A1C_B_ARG447,48,True,False,0.9903235103405992
3A1C_B_ARG447,49,True,False,0.9919307118019534
3GMI_A_GLU5,0,False,True,0.9621571109455441
3GMI_A_GLU5,1,False,True,0.9446364032565449
3GMI_A_GLU5,2,True,False,0.9781207332869455
3GMI_A_GLU5,3,True,False,0.9738717401533029
3GMI_A_GLU5,4,True,False,0.9598775204242841
3GMI_A_GLU5,5,False,True,0.9253701055593105
3GMI_A_GLU5,6,True,False,0.9777017060957622
3GMI_A_GLU5,7,True,False,0.9595713242023481
3GMI_A_GLU5,8,True,False,0.9607135418102692
3GMI_A_GLU5,9,True,False,0.9786560930032959
3GMI_A_GLU5,10,True,False,0.9773782827227259
3GMI_A_GLU5,11,True,False,0.9778178977127041
3GMI_A_GLU5,12,True,False,0.9792536868840761
3GMI_A_GLU5,13,True,False,0.9773448936468461
3GMI_A_GLU5,14,True,False,0.9773801181419592
3GMI_A_GLU5,15,True,False,0.977162434730515
3GMI_A_GLU5,16,True,False,0.9599506966581689
3GMI_A_GLU5,17,True,False,0.9740784835890376
3GMI_A_GLU5,18,False,True,0.9700122007434754
3GMI_A_GLU5,19,True,False,0.9773117176151209
3GMI_A_GLU5,20,True,False,0.9847528048848996
3GMI_A_GLU5,21,True,False,0.9772143623140801
3GMI_A_GLU5,22,True,False,0.9786907698813454
3GMI_A_GLU5,23,True,False,0.959245311121384
3GMI_A_GLU5,24,False,True,0.9438644641112278
3GMI_A_GLU5,25,True,False,0.977696125751939
3GMI_A_GLU5,26,True,False,0.9769318804410068
3GMI_A_GLU5,27,True,False,0.9598534923660355
3GMI_A_GLU5,28,True,False,0.9764628700294097
3GMI_A_GLU5,29,False,True,0.927802343036549
3GMI_A_GLU5,30,True,False,0.9564595357136102
3GMI_A_GLU5,31,True,False,0.973876395815992
3GMI_A_GLU5,32,True,False,0.9609559074706551
3GMI_A_GLU5,33,True,False,0.7155472816698252
3GMI_A_GLU5,34,True,False,0.9788109052114254
3GMI_A_GLU5,35,False,True,0.9415534389017385
3GMI_A_GLU5,36,True,False,0.9772919895571204
3GMI_A_GLU5,37,True,False,0.9598211099923549
3GMI_A_GLU5,38,True,False,0.9749879059336659
3GMI_A_GLU5,39,False,True,0.9295036794038406
3GMI_A_GLU5,40,True,False,0.9611959798692197
3GMI_A_GLU5,41,True,False,0.978599282872073
3GMI_A_GLU5,42,True,False,0.9754755408055964
3GMI_A_GLU5,43,False,True,0.9634435410950573
3GMI_A_GLU5,44,True,False,0.9759466367650187
3GMI_A_GLU5,45,True,False,0.9595005384380906
3GMI_A_GLU5,46,True,False,0.9607279956563218
3GMI_A_GLU5,47,True,False,0.9774222435706792
3GMI_A_GLU5,48,True,False,0.9581741814671668
3GMI_A_GLU5,49,True,False,0.9596455186051998
3K8W_A_SER337,0,True,False,0.9977925327959705
3K8W_A_SER337,1,True,False,0.9975515202165602
3K8W_A_SER337,2,True,False,0.9974480063469858
3K8W_A_SER337,3,True,False,0.997837134385898
3K8W_A_SER337,4,True,False,0.9975634789816132
3K8W_A_SER337,5,True,False,0.9975068921880799
3K8W_A_SER337,6,True,False,0.9976874202153632
3K8W_A_SER337,7,True,False,0.9981088935705292
3K8W_A_SER337,8,True,False,0.99780361182108
3K8W_A_SER337,9,True,False,0.9978668324103933
3K8W_A_SER337,10,True,False,0.9978620769016088
3K8W_A_SER337,11,True,False,0.9975782674479927
3K8W_A_SER337,12,True,False,0.9979305783924178
3K8W_A_SER337,13,True,False,0.9980930385743085
3K8W_A_SER337,14,True,False,0.9978380212557637
3K8W_A_SER337,15,True,False,0.9978137317183005
3K8W_A_SER337,16,True,False,0.997635936467818
3K8W_A_SER337,17,True,False,0.9977775633451906
3K8W_A_SER337,18,True,False,0.9978479177597448
3K8W_A_SER337,19,True,False,0.9975509518906466
3K8W_A_SER337,20,True,False,0.9979290092459274
3K8W_A_SER337,21,True,False,0.9976432843629538
3K8W_A_SER337,22,True,False,0.9978639821590465
3K8W_A_SER337,23,True,False,0.9978305208317738
3K8W_A_SER337,24,True,False,0.9976342479361731
3K8W_A_SER337,25,True,False,0.9975185549808502
3K8W_A_SER337,26,True,False,0.9978057565258522
3K8W_A_SER337,27,True,False,0.9978821563631433
3K8W_A_SER337,28,True,False,0.9978475191448609
3K8W_A_SER337,29,True,False,0.9978736420726331
3K8W_A_SER337,30,True,False,0.9975401152606422
3K8W_A_SER337,31,True,False,0.9974769619696359
3K8W_A_SER337,32,True,False,0.997886166386277
3K8W_A_SER337,33,True,False,0.9974846356727456
3K8W_A_SER337,34,True,False,0.9978520264964497
3K8W_A_SER337,35,True,False,0.9977169359124105
3K8W_A_SER337,36,True,False,0.9973758479479686
3K8W_A_SER337,37,True,False,0.9978424173922765
3K8W_A_SER337,38,True,False,0.9975915535950283
3K8W_A_SER337,39,True,False,0.9976953920727054
3K8W_A_SER337,40,True,False,0.9976548154952724
3K8W_A_SER337,41,True,False,0.9976215651473522
3K8W_A_SER337,42,True,False,0.9977741905510663
3K8W_A_SER337,43,True,False,0.99780130929035
3K8W_A_SER337,44,True,False,0.9978481433624435
3K8W_A_SER337,45,True,False,0.9975126735184362
3K8W_A_SER337,46,True,False,0.9981085899650058
3K8W_A_SER337,47,True,False,0.9978637377149421
3K8W_A_SER337,48,True,False,0.9978773126197278
3K8W_A_SER337,49,True,False,0.9977636320777342
3NY7_B_LYS19,0,True,False,0.9838331609579704
3NY7_B_LYS19,1,True,False,0.9631411159646671
3NY7_B_LYS19,2,True,False,0.9917147682691775
3NY7_B_LYS19,3,False,True,0.958197495763217
3NY7_B_LYS19,4,True,False,0.9917864362225977
3NY7_B_LYS19,5,True,False,0.9874116824063629
3NY7_B_LYS19,6,True,False,0.9698252485017858
3NY7_B_LYS19,7,True,False,0.9705109583304814
3NY7_B_LYS19,8,True,False,0.9700492342525158
3NY7_B_LYS19,9,True,False,0.9919714089917819
3NY7_B_LYS19,10,True,False,0.991840755206263
3NY7_B_LYS19,11,True,False,0.9920032103448732
3NY7_B_LYS19,12,True,False,0.970031189529728
3NY7_B_LYS19,13,True,False,0.9905106967418864
3NY7_B_LYS19,14,True,False,0.9921159931694601
3NY7_B_LYS19,15,True,False,0.9919946466621642
3NY7_B_LYS19,16,True,False,0.9918576223055395
3NY7_B_LYS19,17,True,False,0.9912813241511214
3NY7_B_LYS19,18,True,False,0.9920347721933884
3NY7_B_LYS19,19,True,False,0.9919794039592257
3NY7_B_LYS19,20,True,False,0.973158237352484
3NY7_B_LYS19,21,True,False,0.9919942736625093
3NY7_B_LYS19,22,True,False,0.9919666838074546
3NY7_B_LYS19,23,True,False,0.9903976089678886
3NY7_B_LYS19,24,True,False,0.9919289654764248
3NY7_B_LYS19,25,True,False,0.9925634834648271
3NY7_B_LYS19,26,True,False,0.9915282398130635
3NY7_B_LYS19,27,True,False,0.9919669778296935
3NY7_B_LYS19,28,True,False,0.9911625570023067
3NY7_B_LYS19,29,True,False,0.9893775725809528
3NY7_B_LYS19,30,True,False,0.9919626442984869
3NY7_B_LYS19,31,True,False,0.9714473632004651
3NY7_B_LYS19,32,True,False,0.9919306079628758
3NY7_B_LYS19,33,True,False,0.9919456923503108
3NY7_B_LYS19,34,True,False,0.9845423080083491
3NY7_B_LYS19,35,True,False,0.9922531399520745
3NY7_B_LYS19,36,True,False,0.9921931482353405
3NY7_B_LYS19,37,True,False,0.9910714708456749
3NY7_B_LYS19,38,True,False,0.990867081028152
3NY7_B_LYS19,39,True,False,0.9710103427913643
3NY7_B_LYS19,40,True,False,0.9909688741483857
3NY7_B_LYS19,41,True,False,0.9912448501965544
3NY7_B_LYS19,42,True,False,0.9912463919526973
3NY7_B_LYS19,43,True,False,0.9691712650560318
3NY7_B_LYS19,44,True,False,0.9690612467441816
3NY7_B_LYS19,45,True,False,0.990614091654075
3NY7_B_LYS19,46,False,True,0.9515392798927113
3NY7_B_LYS19,47,True,False,0.9918536069881402
3NY7_B_LYS19,48,True,False,0.9920347875444196
3NY7_B_LYS19,49,True,False,0.9920622634727801
4C16_A_MET258,0,False,True,0.9355621683494781
4C16_A_MET258,1,True,False,0.9920917514243917
4C16_A_MET258,2,False,True,0.920627508322772
4C16_A_MET258,3,True,False,0.9941090751105702
4C16_A_MET258,4,True,False,0.9905026293330652
4C16_A_MET258,5,True,False,0.9943907131145572
4C16_A_MET258,6,False,True,0.9264289379432393
4C16_A_MET258,7,True,False,0.9938117262508452
4C16_A_MET258,8,True,False,0.9939490647477662
4C16_A_MET258,9,False,True,0.9374027981702304
4C16_A_MET258,10,True,False,0.9934426443370692
4C16_A_MET258,11,False,True,0.9323967693170754
4C16_A_MET258,12,False,True,0.9428540645300895
4C16_A_MET258,13,False,True,0.956704596165438
4C16_A_MET258,14,True,False,0.9923873780815281
4C16_A_MET258,15,False,True,0.9404436730812673
4C16_A_MET258,16,True,False,0.9936315383894758
4C16_A_MET258,17,False,True,0.9272366204226034
4C16_A_MET258,18,False,True,0.9309145953669873
4C16_A_MET258,19,False,True,0.9675855313859449
4C16_A_MET258,20,False,True,0.950726055821187
4C16_A_MET258,21,False,True,0.927848643787144
4C16_A_MET258,22,True,False,0.9941629207467131
4C16_A_MET258,23,True,False,0.9934757421462403
4C16_A_MET258,24,True,False,0.9941463275016315
4C16_A_MET258,25,False,True,0.966999425935408
4C16_A_MET258,26,True,False,0.993611013911774
4C16_A_MET258,27,False,True,0.9594471498737743
4C16_A_MET258,28,False,True,0.9538318540311446
4C16_A_MET258,29,False,True,0.9203991417758386
4C16_A_MET258,30,True,False,0.9938206115516088
4C16_A_MET258,31,False,True,0.9769298797736331
4C16_A_MET258,32,True,False,0.9933595776624345
4C16_A_MET258,33,True,False,0.9937680984315359
4C16_A_MET258,34,False,True,0.9382926592967339
4C16_A_MET258,35,False,True,0.9487819940578125
4C16_A_MET258,36,False,True,0.977580032621038
4C16_A_MET258,37,True,False,0.9739544587544884
4C16_A_MET258,38,False,True,0.9760472950694787
4C16_A_MET258,39,True,False,0.9934645749989326
4C16_A_MET258,40,False,True,0.9761681566025965
4C16_A_MET258,41,False,True,0.8075101662021759
4C16_A_MET258,42,True,False,0.9940766364264272
4C16_A_MET258,43,False,True,0.9780972010844742
4C16_A_MET258,44,False,True,0.9233707310366898
4C16_A_MET258,45,False,True,0.8702348839613582
4C16_A_MET258,46,False,True,0.9084210067344737
4C16_A_MET258,47,False,True,0.9242924342101776
4C16_A_MET258,48,False,True,0.9266311481498859
4C16_A_MET258,49,True,False,0.9936027893264439
4MKM_A_THR77,0,True,False,0.998481106028184
4MKM_A_THR77,1,True,False,0.9987176686461836
4MKM_A_THR77,2,True,False,0.9988686693545861
4MKM_A_THR77,3,True,False,0.9987741983642464
4MKM_A_THR77,4,True,False,0.9986318970176176
4MKM_A_THR77,5,True,False,0.9986264764628303
4MKM_A_THR77,6,True,False,0.9984983561832964
4MKM_A_THR77,7,True,False,0.9985739920637209
4MKM_A_THR77,8,True,False,0.9985795552388499
4MKM_A_THR77,9,True,False,0.9985578297827642
4MKM_A_THR77,10,True,False,0.9987755346617547
4MKM_A_THR77,11,True,False,0.9984197051541416
4MKM_A_THR77,12,True,False,0.9986960834930866
4MKM_A_THR77,13,True,False,0.9985395389315422
4MKM_A_THR77,14,True,False,0.998631479461391
4MKM_A_THR77,15,True,False,0.9985031334868213
4MKM_A_THR77,16,True,False,0.9986547880052519
4MKM_A_THR77,17,True,False,0.998662569868354
4MKM_A_THR77,18,True,False,0.9984733292263283
4MKM_A_THR77,19,True,False,0.9987410057537349
4MKM_A_THR77,20,True,False,0.9983244987376187
4MKM_A_THR77,21,True,False,0.9986626058467167
4MKM_A_THR77,22,True,False,0.9989718569757645
4MKM_A_THR77,23,True,False,0.9982177402203475
4MKM_A_THR77,24,True,False,0.9987223891001139
4MKM_A_THR77,25,True,False,0.9987143919309786
4MKM_A_THR77,26,True,False,0.9986525534475631
4MKM_A_THR77,27,True,False,0.9985289856061889
4MKM_A_THR77,28,True,False,0.9985778254841831
4MKM_A_THR77,29,True,False,0.9985505696424535
4MKM_A_THR77,30,True,False,0.9986624950666025
4MKM_A_THR77,31,True,False,0.9985786384283117
4MKM_A_THR77,32,True,False,0.9987027350148094
4MKM_A_THR77,33,True,False,0.9982022197752497
4MKM_A_THR77,34,True,False,0.9986346260842678
4MKM_A_THR77,35,True,False,0.9983022364384807
4MKM_A_THR77,36,True,False,0.9982295960176221
4MKM_A_THR77,37,True,False,0.998508394512181
4MKM_A_THR77,38,True,False,0.9984446471787941
4MKM_A_THR77,39,True,False,0.998277600984512
4MKM_A_THR77,40,True,False,0.9987228118051841
4MKM_A_THR77,41,True,False,0.9985373137607316
4MKM_A_THR77,42,True,False,0.9987501863055044
4MKM_A_THR77,43,True,False,0.9985575071662306
4MKM_A_THR77,44,True,False,0.9986004876533263
4MKM_A_THR77,45,True,False,0.9985745085587049
4MKM_A_THR77,46,True,False,0.9986264960764686
4MKM_A_THR77,47,True,False,0.9985918313586771
4MKM_A_THR77,48,True,False,0.9983779592292641
4MKM_A_THR77,49,True,False,0.9986624842164222
5DBA_A_TRP325,0,True,False,0.9977237308687043
5DBA_A_TRP325,1,False,True,0.8043795757597358
5DBA_A_TRP325,2,True,False,0.9974159189366848
5DBA_A_TRP325,3,True,False,0.9973846376593901
5DBA_A_TRP325,4,False,True,0.9160143620406385
5DBA_A_TRP325,5,True,False,0.9974262812507931
5DBA_A_TRP325,6,True,False,0.9970576252093288
5DBA_A_TRP325,7,False,True,0.805368129589905
5DBA_A_TRP325,8,True,False,0.9971633248027215
5DBA_A_TRP325,9,True,False,0.9973358384031173
5DBA_A_TRP325,10,True,False,0.9975218341613843
5DBA_A_TRP325,11,False,True,0.9063286937857372
5DBA_A_TRP325,12,True,False,0.9972526769787549
5DBA_A_TRP325,13,False,True,0.9176494772632018
5DBA_A_TRP325,14,True,False,0.9973878381423312
5DBA_A_TRP325,15,False,True,0.8043794976222587
5DBA_A_TRP325,16,True,False,0.9972444173015678
5DBA_A_TRP325,17,True,False,0.9974936172926016
5DBA_A_TRP325,18,True,False,0.9971228455729467
5DBA_A_TRP325,19,False,True,0.8043799325391399
5DBA_A_TRP325,20,True,False,0.9975086819464081
5DBA_A_TRP325,21,True,False,0.9972051715912785
5DBA_A_TRP325,22,True,False,0.9972794775375875
5DBA_A_TRP325,23,True,False,0.9973855073823195
5DBA_A_TRP325,24,True,False,0.9971322235411142
5DBA_A_TRP325,25,True,False,0.9962729007009916
5DBA_A_TRP325,26,True,False,0.9973769043124437
5DBA_A_TRP325,27,True,False,0.9972243277440427
5DBA_A_TRP325,28,True,False,0.99741554439179
5DBA_A_TRP325,29,True,False,0.99736620462734
5DBA_A_TRP325,30,False,True,0.823405760427457
5DBA_A_TRP325,31,True,False,0.9973368138471399
5DBA_A_TRP325,32,True,False,0.9974818533247564
5DBA_A_TRP325,33,True,False,0.9953980948667898
5DBA_A_TRP325,34,True,False,0.9972508366274327
5DBA_A_TRP325,35,False,True,0.8244627443731393
5DBA_A_TRP325,36,False,True,0.8084907636931625
5DBA_A_TRP325,37,False,True,0.8770194776271474
5DBA_A_TRP325,38,True,False,0.9974563206224444
5DBA_A_TRP325,39,False,True,0.9214412580706507
5DBA_A_TRP325,40,True,False,0.9969854303316956
5DBA_A_TRP325,41,True,False,0.9971933564072629
5DBA_A_TRP325,42,True,False,0.9973997155613051
5DBA_A_TRP325,43,True,False,0.9974240630842771
5DBA_A_TRP325,44,False,True,0.8043798881052856
5DBA_A_TRP325,45,True,False,0.9975613567854997
5DBA_A_TRP325,46,True,False,0.997578295670163
5DBA_A_TRP325,47,True,False,0.9978936109346102
5DBA_A_TRP325,48,True,False,0.9972442331680839
5DBA_A_TRP325,49,True,False,0.9952166345477957
5KWB_A_PHE591,0,True,False,0.9983449745463565
5KWB_A_PHE591,1,True,False,0.9982145317383263
5KWB_A_PHE591,2,True,False,0.9966272005832194
5KWB_A_PHE591,3,True,False,0.995390241055552
5KWB_A_PHE591,4,True,False,0.9954206410691501
5KWB_A_PHE591,5,True,False,0.9953886338568989
5KWB_A_PHE591,6,True,False,0.9954271225091426
5KWB_A_PHE591,7,True,False,0.9953726412470799
5KWB_A_PHE591,8,True,False,0.9951989012552891
5KWB_A_PHE591,9,True,False,0.9939862604234256
5KWB_A_PHE591,10,True,False,0.9931915659359747
5KWB_A_PHE591,11,True,False,0.9983406935285357
5KWB_A_PHE591,12,True,False,0.9940751927731851
5KWB_A_PHE591,13,False,True,0.9745178365617813
5KWB_A_PHE591,14,True,False,0.9940702219303975
5KWB_A_PHE591,15,True,False,0.9940751354632125
5KWB_A_PHE591,16,True,False,0.9940780279849178
5KWB_A_PHE591,17,True,False,0.9940775111577503
5KWB_A_PHE591,18,True,False,0.9940292029625853
5KWB_A_PHE591,19,True,False,0.9940775179245683
5KWB_A_PHE591,20,True,False,0.9966718260840788
5KWB_A_PHE591,21,True,False,0.9940767292372358
5KWB_A_PHE591,22,True,False,0.9942018348961413
5KWB_A_PHE591,23,True,False,0.998385640143651
5KWB_A_PHE591,24,True,False,0.9954885042739025
5KWB_A_PHE591,25,True,False,0.9966271982128801
5KWB_A_PHE591,26,True,False,0.9940224127517772
5KWB_A_PHE591,27,True,False,0.9966311519937909
5KWB_A_PHE591,28,True,False,0.9954142242110253
5KWB_A_PHE591,29,True,False,0.9954289845525218
5KWB_A_PHE591,30,True,False,0.994642133140229
5KWB_A_PHE591,31,True,False,0.9951692559471692
5KWB_A_PHE591,32,True,False,0.9945020548364394
5KWB_A_PHE591,33,True,False,0.9940759366923538
5KWB_A_PHE591,34,True,False,0.9972257534380936
5KWB_A_PHE591,35,True,False,0.9940211210972361
5KWB_A_PHE591,36,True,False,0.9983997063899822
5KWB_A_PHE591,37,True,False,0.9940845123225007
5KWB_A_PHE591,38,True,False,0.9966279819708527
5KWB_A_PHE591,39,True,False,0.9952895359775797
5KWB_A_PHE591,40,True,False,0.9940019461305846
5KWB_A_PHE591,41,True,False,0.9940858026138504
5KWB_A_PHE591,42,True,False,0.9984308508262635
5KWB_A_PHE591,43,True,False,0.9941088445211479
5KWB_A_PHE591,44,True,False,0.9953983953232967
5KWB_A_PHE591,45,True,False,0.9940768572207112
5KWB_A_PHE591,46,True,False,0.9955667719617796
5KWB_A_PHE591,47,True,False,0.9954943250260567
5KWB_A_PHE591,48,True,False,0.9954298263744822
5KWB_A_PHE591,49,True,False,0.9940774263359407
5Z8H_A_MET730,0,False,True,0.9881681447634821
5Z8H_A_MET730,1,False,True,0.9563536076444198
5Z8H_A_MET730,2,False,True,0.9535083431378316
5Z8H_A_MET730,3,False,True,0.9930613973990884
5Z8H_A_MET730,4,False,True,0.9935940325616462
5Z8H_A_MET730,5,True,False,0.9977207009860646
5Z8H_A_MET730,6,False,True,0.881662702374853
5Z8H_A_MET730,7,True,False,0.9990977797154887
5Z8H_A_MET730,8,False,True,0.9530800564262196
5Z8H_A_MET730,9,False,True,0.9539654110105558
5Z8H_A_MET730,10,False,True,0.9930047790574554
5Z8H_A_MET730,11,True,False,0.9978485717851456
5Z8H_A_MET730,12,True,False,0.9971542288835888
5Z8H_A_MET730,13,False,True,0.9929576154216959
5Z8H_A_MET730,14,True,False,0.9977764811179433
5Z8H_A_MET730,15,False,True,0.9937794768668672
5Z8H_A_MET730,16,False,True,0.9930018773870262
5Z8H_A_MET730,17,True,False,0.9977430770378617
5Z8H_A_MET730,18,False,True,0.9929675372488521
5Z8H_A_MET730,19,True,False,0.997683079472065
5Z8H_A_MET730,20,True,False,0.9977305365070439
5Z8H_A_MET730,21,True,False,0.9976530532967289
5Z8H_A_MET730,22,False,True,0.9924600164230724
5Z8H_A_MET730,23,False,True,0.9935294897684656
5Z8H_A_MET730,24,True,False,0.9977958644628652
5Z8H_A_MET730,25,False,True,0.9931393650685395
5Z8H_A_MET730,26,False,True,0.8706936529521764
5Z8H_A_MET730,27,False,True,0.8816778264509935
5Z8H_A_MET730,28,False,True,0.99362182241638
5Z8H_A_MET730,29,False,True,0.9684652800146781
5Z8H_A_MET730,30,False,True,0.9541194427391112
5Z8H_A_MET730,31,False,True,0.9533074162730203
5Z8H_A_MET730,32,False,True,0.9933935294588191
5Z8H_A_MET730,33,False,True,0.8816038540971536
5Z8H_A_MET730,34,False,True,0.9925289899869513
5Z8H_A_MET730,35,False,True,0.9930299282344498
5Z8H_A_MET730,36,True,False,0.997479667564939
5Z8H_A_MET730,37,False,True,0.8706944773997728
5Z8H_A_MET730,38,True,False,0.9976514527662276
5Z8H_A_MET730,39,False,True,0.9936213175670467
5Z8H_A_MET730,40,True,False,0.9977331437844528
5Z8H_A_MET730,41,False,True,0.9929555836966742
5Z8H_A_MET730,42,True,False,0.9978732479842729
5Z8H_A_MET730,43,False,True,0.9929966486182188
5Z8H_A_MET730,44,True,False,0.9977333342088446
5Z8H_A_MET730,45,False,True,0.9776551073473873
5Z8H_A_MET730,46,True,False,0.9977155294534754
5Z8H_A_MET730,47,False,True,0.9923942005226839
5Z8H_A_MET730,48,False,True,0.9940842109955252
5Z8H_A_MET730,49,False,True,0.9938358701609622
6H59_B_ARG144,0,True,False,0.9966743655737026
6H59_B_ARG144,1,False,True,0.9826125979267823
6H59_B_ARG144,2,True,False,0.9966574920692144
6H59_B_ARG144,3,True,False,0.9965577867289614
6H59_B_ARG144,4,True,False,0.9963722821013214
6H59_B_ARG144,5,True,False,0.9965132538447543
6H59_B_ARG144,6,True,False,0.9966020376041205
6H59_B_ARG144,7,True,False,0.9963681207931876
6H59_B_ARG144,8,True,False,0.9963793087984103
6H59_B_ARG144,9,False,True,0.9796894628017557
6H59_B_ARG144,10,True,False,0.996429567899612
6H59_B_ARG144,11,True,False,0.9965055888512753
6H59_B_ARG144,12,False,True,0.9826766525641457
6H59_B_ARG144,13,True,False,0.996528873881728
6H59_B_ARG144,14,True,False,0.996483336773205
6H59_B_ARG144,15,True,False,0.9963101513556358
6H59_B_ARG144,16,True,False,0.9962274890837371
6H59_B_ARG144,17,True,False,0.9823221682524578
6H59_B_ARG144,18,True,False,0.9964337266393432
6H59_B_ARG144,19,False,True,0.9823765243388841
6H59_B_ARG144,20,True,False,0.9962836997120336
6H59_B_ARG144,21,True,False,0.9823472795044379
6H59_B_ARG144,22,True,False,0.9601084368388043
6H59_B_ARG144,23,False,True,0.9802756539753463
6H59_B_ARG144,24,False,True,0.98039737896669
6H59_B_ARG144,25,True,False,0.9962433548232108
6H59_B_ARG144,26,True,False,0.9606462169154711
6H59_B_ARG144,27,False,True,0.9849049638300977
6H59_B_ARG144,28,True,False,0.9961475377622583
6H59_B_ARG144,29,True,False,0.9965315604423317
6H59_B_ARG144,30,True,False,0.9963789583656816
6H59_B_ARG144,31,True,False,0.9814825658157812
6H59_B_ARG144,32,True,False,0.9965391311255092
6H59_B_ARG144,33,True,False,0.9966013602351257
6H59_B_ARG144,34,True,False,0.9963629389334818
6H59_B_ARG144,35,False,True,0.9461027232405199
6H59_B_ARG144,36,True,False,0.9965139836242024
6H59_B_ARG144,37,True,False,0.98204568210388
6H59_B_ARG144,38,True,False,0.9966166812951415
6H59_B_ARG144,39,True,False,0.9825446278999099
6H59_B_ARG144,40,True,False,0.996270770109837
6H59_B_ARG144,41,True,False,0.9965738910625688
6H59_B_ARG144,42,True,False,0.9969025227334716
6H59_B_ARG144,43,False,True,0.9779221872325443
6H59_B_ARG144,44,True,False,0.9966013089068045
6H59_B_ARG144,45,True,False,0.9970965968307266
6H59_B_ARG144,46,True,False,0.9964884058826782
6H59_B_ARG144,47,True,False,0.9965844154239722
6H59_B_ARG144,48,True,False,0.9965194594110729
6H59_B_ARG144,49,True,False,0.9961322393440157
6Y4G_B_CYS260,0,True,False,0.9997374219628054
6Y4G_B_CYS260,1,True,False,0.9993659606464088
6Y4G_B_CYS260,2,True,False,0.9996209182244009
6Y4G_B_CYS260,3,True,False,0.9998196910882055
6Y4G_B_CYS260,4,True,False,0.9997340920580685
6Y4G_B_CYS260,5,True,False,0.9994251433999799
6Y4G_B_CYS260,6,True,False,0.9997491566689006
6Y4G_B_CYS260,7,True,False,0.9996928100682927
6Y4G_B_CYS260,8,True,False,0.9996824626234717
6Y4G_B_CYS260,9,True,False,0.9995812546587651
6Y4G_B_CYS260,10,True,False,0.9994518122177452
6Y4G_B_CYS260,11,True,False,0.9997362302501697
6Y4G_B_CYS260,12,True,False,0.999735813349234
6Y4G_B_CYS260,13,True,False,0.9997225949469632
6Y4G_B_CYS260,14,True,False,0.999397862794952
6Y4G_B_CYS260,15,True,False,0.9994488541027732
6Y4G_B_CYS260,16,True,False,0.9997376064091985
6Y4G_B_CYS260,17,True,False,0.9997630200188697
6Y4G_B_CYS260,18,True,False,0.9998058053817497
6Y4G_B_CYS260,19,True,False,0.9997375868705356
6Y4G_B_CYS260,20,True,False,0.9995013884925636
6Y4G_B_CYS260,21,True,False,0.9997390413205482
6Y4G_B_CYS260,22,True,False,0.9996118599401803
6Y4G_B_CYS260,23,True,False,0.9996606864941208
6Y4G_B_CYS260,24,True,False,0.9996038683206523
6Y4G_B_CYS260,25,True,False,0.9997315136654512
6Y4G_B_CYS260,26,True,False,0.9996007352317108
6Y4G_B_CYS260,27,True,False,0.9992473096733002
6Y4G_B_CYS260,28,True,False,0.9995337838958359
6Y4G_B_CYS260,29,True,False,0.9996111641276823
6Y4G_B_CYS260,30,True,False,0.9997546868668774
6Y4G_B_CYS260,31,True,False,0.9997127927517274
6Y4G_B_CYS260,32,True,False,0.9997374828965065
6Y4G_B_CYS260,33,True,False,0.9997374041344695
6Y4G_B_CYS260,34,True,False,0.999734524020794
6Y4G_B_CYS260,35,True,False,0.9996589371534818
6Y4G_B_CYS260,36,True,False,0.9997373934007877
6Y4G_B_CYS260,37,True,False,0.9993851695662029
6Y4G_B_CYS260,38,True,False,0.9996878971984088
6Y4G_B_CYS260,39,True,False,0.999309929758267
6Y4G_B_CYS260,40,True,False,0.9997476565747124
6Y4G_B_CYS260,41,True,False,0.99977481153033
6Y4G_B_CYS260,42,True,False,0.999737360254391
6Y4G_B_CYS260,43,True,False,0.9996949803693619
6Y4G_B_CYS260,44,True,False,0.9995912971639481
6Y4G_B_CYS260,45,True,False,0.999734138018808
6Y4G_B_CYS260,46,True,False,0.9996776944534956
6Y4G_B_CYS260,47,True,False,0.999756254468377
6Y4G_B_CYS260,48,True,False,0.99935011057319
6Y4G_B_CYS260,49,True,False,0.9997375158736672
7F72_A_MET103,0,True,False,0.991903863771874
7F72_A_MET103,1,True,False,0.9935527156235469
7F72_A_MET103,2,True,False,0.9952731568521485
7F72_A_MET103,3,True,False,0.9950265124969309
7F72_A_MET103,4,False,True,0.9878948390322527
7F72_A_MET103,5,True,False,0.994846573870587
7F72_A_MET103,6,True,False,0.9957265399965571
7F72_A_MET103,7,True,False,0.9952311626902054
7F72_A_MET103,8,True,False,0.9951673508119684
7F72_A_MET103,9,True,False,0.9954276473132686
7F72_A_MET103,10,True,False,0.9851320081526815
7F72_A_MET103,11,True,False,0.9953993263932168
7F72_A_MET103,12,True,False,0.99308349521214
7F72_A_MET103,13,True,False,0.9942174893338274
7F72_A_MET103,14,True,False,0.995297182568667
7F72_A_MET103,15,False,True,0.9836221923362963
7F72_A_MET103,16,True,False,0.9952820485553312
7F72_A_MET103,17,True,False,0.9946434247696055
7F72_A_MET103,18,True,False,0.9909311810694345
7F72_A_MET103,19,True,False,0.9955753104071421
7F72_A_MET103,20,True,False,0.9959293524334237
7F72_A_MET103,21,True,False,0.9954907050942993
7F72_A_MET103,22,True,False,0.9959274450165139
7F72_A_MET103,23,True,False,0.9850073933117688
7F72_A_MET103,24,True,False,0.9850017351457193
7F72_A_MET103,25,True,False,0.9952820100208917
7F72_A_MET103,26,True,False,0.9954364907849816
7F72_A_MET103,27,True,False,0.9950762855048864
7F72_A_MET103,28,True,False,0.9944639449811994
7F72_A_MET103,29,True,False,0.9952662597951205
7F72_A_MET103,30,False,True,0.9849248304212281
7F72_A_MET103,31,True,False,0.9954708126560969
7F72_A_MET103,32,True,False,0.9954118064790739
7F72_A_MET103,33,True,False,0.9952177288421877
7F72_A_MET103,34,False,True,0.9834050841620376
7F72_A_MET103,35,True,False,0.9960904124149278
7F72_A_MET103,36,True,False,0.9951567636985392
7F72_A_MET103,37,True,False,0.9853554070183479
7F72_A_MET103,38,True,False,0.9958349408246374
7F72_A_MET103,39,True,False,0.9956863326702521
7F72_A_MET103,40,True,False,0.9851308290024562
7F72_A_MET103,41,True,False,0.9951275671333998
7F72_A_MET103,42,True,False,0.9958412737875892
7F72_A_MET103,43,True,False,0.9958083972560612
7F72_A_MET103,44,True,False,0.9950346104882589
7F72_A_MET103,45,False,True,0.983810067455617
7F72_A_MET103,46,True,False,0.9953256268810966
7F72_A_MET103,47,True,False,0.9859662718856178
7F72_A_MET103,48,True,False,0.9955948806349963
7F72_A_MET103,49,True,False,0.9960971066013379
7T7A_A_LEU396,0,True,False,0.999383920071162
7T7A_A_LEU396,1,True,False,0.9993634522853477
7T7A_A_LEU396,2,True,False,0.9993544689500442
7T7A_A_LEU396,3,False,True,0.962984987339907
7T7A_A_LEU396,4,True,False,0.9562832506936494
7T7A_A_LEU396,5,True,False,0.9544829306283242
7T7A_A_LEU396,6,True,False,0.9993478650899337
7T7A_A_LEU396,7,True,False,0.9993345273932098
7T7A_A_LEU396,8,False,True,0.9587505865603253
7T7A_A_LEU396,9,True,False,0.9994271775166482
7T7A_A_LEU396,10,True,False,0.9650554870737725
7T7A_A_LEU396,11,True,False,0.999360713800016
7T7A_A_LEU396,12,True,False,0.999359736238857
7T7A_A_LEU396,13,True,False,0.9994201388920673
7T7A_A_LEU396,14,True,False,0.9993950400219584
7T7A_A_LEU396,15,True,False,0.9993445225695841
7T7A_A_LEU396,16,True,False,0.9992681453270528
7T7A_A_LEU396,17,True,False,0.9993307066019262
7T7A_A_LEU396,18,True,False,0.9993589862549395
7T7A_A_LEU396,19,True,False,0.9990905151665083
7T7A_A_LEU396,20,True,False,0.9641880991555147
7T7A_A_LEU396,21,True,False,0.9991277634321323
7T7A_A_LEU396,22,True,False,0.9992897609068674
7T7A_A_LEU396,23,True,False,0.9992559675105313
7T7A_A_LEU396,24,False,True,0.9385984789170252
7T7A_A_LEU396,25,True,False,0.9720633375434876
7T7A_A_LEU396,26,True,False,0.9993418270214335
7T7A_A_LEU396,27,True,False,0.97240650610606
7T7A_A_LEU396,28,True,False,0.9570274981419911
7T7A_A_LEU396,29,True,False,0.9993455225707243
7T7A_A_LEU396,30,True,False,0.9992799359156254
7T7A_A_LEU396,31,True,False,0.9716915904749651
7T7A_A_LEU396,32,True,False,0.9993632055898773
7T7A_A_LEU396,33,True,False,0.9641855299696411
7T7A_A_LEU396,34,True,False,0.9993796414000219
7T7A_A_LEU396,35,True,False,0.9993819407900886
7T7A_A_LEU396,36,True,False,0.999366613498372
7T7A_A_LEU396,37,True,False,0.999026456960551
7T7A_A_LEU396,38,False,True,0.9602195566456024
7T7A_A_LEU396,39,True,False,0.9993650052552018
7T7A_A_LEU396,40,True,False,0.9650544469062299
7T7A_A_LEU396,41,True,False,0.9993170675652289
7T7A_A_LEU396,42,True,False,0.9992039690032216
7T7A_A_LEU396,43,True,False,0.9986670472181514
7T7A_A_LEU396,44,False,True,0.96076568108685
7T7A_A_LEU396,45,True,False,0.9989754328551292
7T7A_A_LEU396,46,False,True,0.9601052464563665
7T7A_A_LEU396,47,True,False,0.9992737660069126
7T7A_A_LEU396,48,True,False,0.9993461536658637
7T7A_A_LEU396,49,True,False,0.999443096882106
7UO8_A_GLN53,0,False,True,0.9609594729281737
7UO8_A_GLN53,1,False,True,0.9696869315638315
7UO8_A_GLN53,2,True,False,0.9686344789988319
7UO8_A_GLN53,3,False,True,0.9616089444920426
7UO8_A_GLN53,4,False,True,0.9688262567770618
7UO8_A_GLN53,5,True,False,0.9686791837635049
7UO8_A_GLN53,6,True,False,0.9688850810400421
7UO8_A_GLN53,7,False,True,0.9690816765501191
7UO8_A_GLN53,8,False,True,0.9675057340091219
7UO8_A_GLN53,9,True,False,0.9712597659009189
7UO8_A_GLN53,10,True,False,0.9685961629838661
7UO8_A_GLN53,11,True,False,0.9686697242572803
7UO8_A_GLN53,12,False,True,0.9676690574095972
7UO8_A_GLN53,13,False,True,0.9632211537662831
7UO8_A_GLN53,14,False,True,0.9625179225994587
7UO8_A_GLN53,15,False,True,0.961550872651497
7UO8_A_GLN53,16,False,True,0.9688038515067806
7UO8_A_GLN53,17,True,False,0.9682792805488484
7UO8_A_GLN53,18,False,True,0.9690736932294369
7UO8_A_GLN53,19,False,True,0.9342766045617944
7UO8_A_GLN53,20,True,False,0.9686944232212159
7UO8_A_GLN53,21,False,True,0.9624413047588019
7UO8_A_GLN53,22,True,False,0.9686724891862403
7UO8_A_GLN53,23,True,False,0.9694488424100527
7UO8_A_GLN53,24,False,True,0.9690745679392748
7UO8_A_GLN53,25,False,True,0.9691336618490223
7UO8_A_GLN53,26,False,True,0.9617649666469489
7UO8_A_GLN53,27,False,True,0.9691068202455011
7UO8_A_GLN53,28,False,True,0.9703305786760805
7UO8_A_GLN53,29,True,False,0.9687432081787708
7UO8_A_GLN53,30,False,True,0.9691564700865322
7UO8_A_GLN53,31,False,True,0.9618853139285984
7UO8_A_GLN53,32,True,False,0.9677949428713434
7UO8_A_GLN53,33,True,False,0.9685880388352555
7UO8_A_GLN53,34,True,False,0.9687264771778218
7UO8_A_GLN53,35,False,True,0.9612163529640037
7UO8_A_GLN53,36,False,True,0.9613326766248396
7UO8_A_GLN53,37,True,False,0.9685818040698478
7UO8_A_GLN53,38,False,True,0.9691359703222884
7UO8_A_GLN53,39,False,True,0.9622938089926848
7UO8_A_GLN53,40,False,True,0.9491039070241145
7UO8_A_GLN53,41,True,False,0.9687463891989719
7UO8_A_GLN53,42,True,False,0.968690744388442
7UO8_A_GLN53,43,False,True,0.927871658432647
7UO8_A_GLN53,44,True,False,0.9686379544618601
7UO8_A_GLN53,45,False,True,0.9615772337320684
7UO8_A_GLN53,46,False,True,0.961200439505245
7UO8_A_GLN53,47,False,True,0.8395080903345024
7UO8_A_GLN53,48,False,True,0.962525986620593
7UO8_A_GLN53,49,False,True,0.9689845560155079
8DJ2_A_VAL893,0,True,False,0.9699492681537122
8DJ2_A_VAL893,1,True,False,0.9690839835236653
8DJ2_A_VAL893,2,True,False,0.9703229060472537
8DJ2_A_VAL893,3,True,False,0.9686338084063727
8DJ2_A_VAL893,4,True,False,0.9702496842468881
8DJ2_A_VAL893,5,True,False,0.9693044728701642
8DJ2_A_VAL893,6,True,False,0.9699665873012913
8DJ2_A_VAL893,7,True,False,0.9672057800137955
8DJ2_A_VAL893,8,True,False,0.9698513808883867
8DJ2_A_VAL893,9,True,False,0.9703595545602104
8DJ2_A_VAL893,10,True,False,0.9692695978550745
8DJ2_A_VAL893,11,True,False,0.969989792747892
8DJ2_A_VAL893,12,True,False,0.9690793995449674
8DJ2_A_VAL893,13,True,False,0.9700403302132629
8DJ2_A_VAL893,14,True,False,0.969613444551568
8DJ2_A_VAL893,15,True,False,0.970312273631884
8DJ2_A_VAL893,16,True,False,0.9705387823726487
8DJ2_A_VAL893,17,True,False,0.9701452484130998
8DJ2_A_VAL893,18,True,False,0.9677037189507942
8DJ2_A_VAL893,19,True,False,0.969945856967062
8DJ2_A_VAL893,20,True,False,0.969981995520883
8DJ2_A_VAL893,21,True,False,0.9691554818031785
8DJ2_A_VAL893,22,True,False,0.9701092915573042
8DJ2_A_VAL893,23,True,False,0.969531947589425
8DJ2_A_VAL893,24,True,False,0.9692519138039541
8DJ2_A_VAL893,25,True,False,0.97004854378622
8DJ2_A_VAL893,26,True,False,0.9709500940569848
8DJ2_A_VAL893,27,True,False,0.9699409419255416
8DJ2_A_VAL893,28,True,False,0.9704019482697561
8DJ2_A_VAL893,29,True,False,0.9694417386972511
8DJ2_A_VAL893,30,True,False,0.9695230668470509
8DJ2_A_VAL893,31,True,False,0.9699918125717065
8DJ2_A_VAL893,32,True,False,0.9699086866354601
8DJ2_A_VAL893,33,True,False,0.9696172827942583
8DJ2_A_VAL893,34,True,False,0.9686219762913747
8DJ2_A_VAL893,35,True,False,0.9699309373480905
8DJ2_A_VAL893,36,True,False,0.9708997358141207
8DJ2_A_VAL893,37,True,False,0.9689128863184407
8DJ2_A_VAL893,38,True,False,0.9693447909578764
8DJ2_A_VAL893,39,True,False,0.9718121291199574
8DJ2_A_VAL893,40,True,False,0.9702272682728235
8DJ2_A_VAL893,41,True,False,0.9694000511605976
8DJ2_A_VAL893,42,True,False,0.9700581692982091
8DJ2_A_VAL893,43,True,False,0.9697299651038792
8DJ2_A_VAL893,44,True,False,0.9709342663532013
8DJ2_A_VAL893,45,True,False,0.9685296147347296
8DJ2_A_VAL893,46,True,False,0.9701635699810608
8DJ2_A_VAL893,47,True,False,0.9700912774583544
8DJ2_A_VAL893,48,True,False,0.9701762796071494
8DJ2_A_VAL893,49,True,False,0.9693423933582557
8FBE_B_ILE92,0,True,False,0.9796896079263879
8FBE_B_ILE92,1,True,False,0.9795005445965588
8FBE_B_ILE92,2,True,False,0.9799685762802823
8FBE_B_ILE92,3,True,False,0.9792522593006148
8FBE_B_ILE92,4,True,False,0.9797579387516592
8FBE_B_ILE92,5,True,False,0.9792493663946409
8FBE_B_ILE92,6,True,False,0.9790431991637606
8FBE_B_ILE92,7,True,False,0.9792725879031666
8FBE_B_ILE92,8,True,False,0.979322839494829
8FBE_B_ILE92,9,True,False,0.9794843841927002
8FBE_B_ILE92,10,True,False,0.9793611916595997
8FBE_B_ILE92,11,True,False,0.9793584472768797
8FBE_B_ILE92,12,True,False,0.9792424486457846
8FBE_B_ILE92,13,True,False,0.9792917739451568
8FBE_B_ILE92,14,True,False,0.979277313605009
8FBE_B_ILE92,15,True,False,0.9792342403384862
8FBE_B_ILE92,16,True,False,0.9797628161216153
8FBE_B_ILE92,17,True,False,0.9793790529798859
8FBE_B_ILE92,18,True,False,0.97926993851759
8FBE_B_ILE92,19,True,False,0.9793024551965069
8FBE_B_ILE92,20,True,False,0.9803326858765917
8FBE_B_ILE92,21,True,False,0.979508767313343
8FBE_B_ILE92,22,True,False,0.9792667213705785
8FBE_B_ILE92,23,True,False,0.9793518898611987
8FBE_B_ILE92,24,True,False,0.9792612320608881
8FBE_B_ILE92,25,True,False,0.9796541412637929
8FBE_B_ILE92,26,True,False,0.9792145571209923
8FBE_B_ILE92,27,True,False,0.9792693084300037
8FBE_B_ILE92,28,True,False,0.9792572832243204
8FBE_B_ILE92,29,True,False,0.9792825261056076
8FBE_B_ILE92,30,True,False,0.9795307567766246
8FBE_B_ILE92,31,True,False,0.979330506151897
8FBE_B_ILE92,32,True,False,0.9794758186170764
8FBE_B_ILE92,33,True,False,0.9791826537723625
8FBE_B_ILE92,34,True,False,0.9792618944616475
8FBE_B_ILE92,35,True,False,0.9805000725576412
8FBE_B_ILE92,36,True,False,0.9788588626800371
8FBE_B_ILE92,37,True,False,0.9795019473738223
8FBE_B_ILE92,38,True,False,0.9793020866137158
8FBE_B_ILE92,39,True,False,0.9801957469983084
8FBE_B_ILE92,40,True,False,0.9796529703986506
8FBE_B_ILE92,41,True,False,0.9794907721631484
8FBE_B_ILE92,42,True,False,0.9792964683742419
8FBE_B_ILE92,43,True,False,0.9792894449542977
8FBE_B_ILE92,44,True,False,0.9794695069469193
8FBE_B_ILE92,45,True,False,0.9792752501567721
8FBE_B_ILE92,46,False,True,0.9360022819746092
8FBE_B_ILE92,47,True,False,0.979660792583104
8FBE_B_ILE92,48,True,False,0.9797697608310948
8FBE_B_ILE92,49,True,False,0.9792885644007143
8Q6Q_B_ASP81,0,True,False,0.9913541590810624
8Q6Q_B_ASP81,1,True,False,0.9884824108648235
8Q6Q_B_ASP81,2,True,False,0.9884863252546267
8Q6Q_B_ASP81,3,True,False,0.9923204804277707
8Q6Q_B_ASP81,4,True,False,0.9913208721558993
8Q6Q_B_ASP81,5,True,False,0.9884418649028132
8Q6Q_B_ASP81,6,True,False,0.99143201880037
8Q6Q_B_ASP81,7,True,False,0.988726106434258
8Q6Q_B_ASP81,8,True,False,0.9869043700389344
8Q6Q_B_ASP81,9,True,False,0.991708772533475
8Q6Q_B_ASP81,10,True,False,0.9910501069811533
8Q6Q_B_ASP81,11,True,False,0.9886319152793055
8Q6Q_B_ASP81,12,True,False,0.9928289813985238
8Q6Q_B_ASP81,13,True,False,0.9908070944544259
8Q6Q_B_ASP81,14,True,False,0.9883195640574917
8Q6Q_B_ASP81,15,True,False,0.9913756615791206
8Q6Q_B_ASP81,16,True,False,0.9853157026344584
8Q6Q_B_ASP81,17,True,False,0.9911883936995095
8Q6Q_B_ASP81,18,True,False,0.9912233594994557
8Q6Q_B_ASP81,19,True,False,0.9885385176343348
8Q6Q_B_ASP81,20,True,False,0.985981767081098
8Q6Q_B_ASP81,21,True,False,0.985318698367518
8Q6Q_B_ASP81,22,True,False,0.9826919308665845
8Q6Q_B_ASP81,23,True,False,0.9914699571514971
8Q6Q_B_ASP81,24,True,False,0.9930458216917467
8Q6Q_B_ASP81,25,True,False,0.9917344218006509
8Q6Q_B_ASP81,26,True,False,0.9897006201343029
8Q6Q_B_ASP81,27,True,False,0.9895512069523331
8Q6Q_B_ASP81,28,True,False,0.989700888355063
8Q6Q_B_ASP81,29,True,False,0.9872021982983266
8Q6Q_B_ASP81,30,True,False,0.9916500924251624
8Q6Q_B_ASP81,31,True,False,0.9841809516174892
8Q6Q_B_ASP81,32,True,False,0.9923205557181047
8Q6Q_B_ASP81,33,True,False,0.993777038017565
8Q6Q_B_ASP81,34,True,False,0.9937769476883291
8Q6Q_B_ASP81,35,True,False,0.9917611351731793
8Q6Q_B_ASP81,36,True,False,0.9836823465431442
8Q6Q_B_ASP81,37,True,False,0.9911970589978483
8Q6Q_B_ASP81,38,True,False,0.9926890057806622
8Q6Q_B_ASP81,39,True,False,0.9923205545372094
8Q6Q_B_ASP81,40,True,False,0.9910384923537786
8Q6Q_B_ASP81,41,True,False,0.9872046826255464
8Q6Q_B_ASP81,42,True,False,0.9852974196237754
8Q6Q_B_ASP81,43,True,False,0.9910916667054759
8Q6Q_B_ASP81,44,True,False,0.9936263731030185
8Q6Q_B_ASP81,45,True,False,0.9917978607423198
8Q6Q_B_ASP81,46,True,False,0.9937767008816353
8Q6Q_B_ASP81,47,True,False,0.9902752174770353
8Q6Q_B_ASP81,48,True,False,0.9826911383805694
8Q6Q_B_ASP81,49,True,False,0.9868727754947181
