site,atom_name,altloc,occupancy_raw,B_iso_A2,x_A,y_A,z_A,element
5Z8H_A_MET730,N,,1.0,23.489999771118164,9.638,-12.563,78.741,N
5Z8H_A_MET730,CA,,1.0,24.889999389648438,10.208,-13.157,77.533,C
5Z8H_A_MET730,C,,1.0,28.209999084472656,10.974,-14.441,77.836,C
5Z8H_A_MET730,O,,1.0,28.799999237060547,11.007,-15.358,77.005,O
5Z8H_A_MET730,CB,A,0.2800000011920929,26.1200008392334,11.136,-12.157,76.847,C
5Z8H_A_MET730,CG,A,0.2800000011920929,26.079999923706055,10.46,-10.902,76.335,C
5Z8H_A_MET730,SD,A,0.2800000011920929,31.899999618530273,9.474,-11.185,74.853,S
5Z8H_A_MET730,CE,A,0.2800000011920929,32.59000015258789,9.424,-9.529,74.171,C
5Z8H_A_MET730,CB,B,0.7200000286102295,26.149999618530273,11.122,-12.151,76.836,C
5Z8H_A_MET730,CG,B,0.7200000286102295,25.8700008392334,10.385,-10.949,76.273,C
5Z8H_A_MET730,SD,B,0.7200000286102295,31.799999237060547,9.145,-11.407,75.04,S
5Z8H_A_MET730,CE,B,0.7200000286102295,32.9900016784668,10.177,-11.759,73.621,C
