condition,site,starts,both_found,ensemble_success,mean_predicted_A,mean_predicted_B,mean_active_conformers,sub2A_direct_clash_endpoints,sub2A_symmetry_clash_endpoints,all_active_rotamers_canonical
density_only,A_MET112,50,16,9,0.5786892950534821,0.10164880037307739,2.06,22,0,9
density_only,A_ARG129,50,8,2,0.4290009221434593,0.046117483228445055,3.4,50,8,0
density_only,B_MET112,50,3,2,0.35775591611862184,0.32731244325637815,1.58,16,13,9
density_only,B_ASP114,50,3,0,0.44998212933540344,0.33165462613105773,1.58,14,0,16
density_only,B_ARG129,50,0,0,0.17456614434719087,0.0,3.42,49,28,2
soft_physics,A_MET112,50,16,9,0.6660394263267517,0.09632694527506828,2.02,21,0,6
soft_physics,A_ARG129,50,6,0,0.4439790301024914,0.027820613384246826,3.48,48,13,0
soft_physics,B_MET112,50,2,2,0.38717302843928336,0.33284506142139436,1.62,14,6,12
soft_physics,B_ASP114,50,1,0,0.4123504436016083,0.26362063124775886,1.12,16,0,23
soft_physics,B_ARG129,50,0,0,0.12891762226819992,0.0,3.46,48,32,5
